=== Buildroot RISC-V QEMU virt Build ===
This takes 30-60 minutes on first run

Cloning Buildroot...
Cloning into '/home/no/Desktop/github/riscv_emulator-seulgi-v1/buildroot'...
Configuring Buildroot...
mkdir -p /home/no/Desktop/github/riscv_emulator-seulgi-v1/buildroot/output/build/buildroot-config/lxdialog
PKG_CONFIG_PATH="/usr/lib/x86_64-linux-gnu/pkgconfig:" make CC="/usr/bin/gcc" HOSTCC="/usr/bin/gcc" \
    obj=/home/no/Desktop/github/riscv_emulator-seulgi-v1/buildroot/output/build/buildroot-config -C support/kconfig -f Makefile.br conf
/usr/bin/gcc -D_DEFAULT_SOURCE -D_XOPEN_SOURCE=600 -DCURSES_LOC="<ncurses.h>" -DNCURSES_WIDECHAR=1 -DLOCALE  -I/home/no/Desktop/github/riscv_emulator-seulgi-v1/buildroot/output/build/buildroot-config -DCONFIG_=\"\"  -MM *.c > /home/no/Desktop/github/riscv_emulator-seulgi-v1/buildroot/output/build/buildroot-config/.depend 2>/dev/null || :
/usr/bin/gcc -D_DEFAULT_SOURCE -D_XOPEN_SOURCE=600 -DCURSES_LOC="<ncurses.h>" -DNCURSES_WIDECHAR=1 -DLOCALE  -I/home/no/Desktop/github/riscv_emulator-seulgi-v1/buildroot/output/build/buildroot-config -DCONFIG_=\"\"   -c conf.c -o /home/no/Desktop/github/riscv_emulator-seulgi-v1/buildroot/output/build/buildroot-config/conf.o
/usr/bin/gcc -D_DEFAULT_SOURCE -D_XOPEN_SOURCE=600 -DCURSES_LOC="<ncurses.h>" -DNCURSES_WIDECHAR=1 -DLOCALE  -I/home/no/Desktop/github/riscv_emulator-seulgi-v1/buildroot/output/build/buildroot-config -DCONFIG_=\"\"  -I. -c /home/no/Desktop/github/riscv_emulator-seulgi-v1/buildroot/output/build/buildroot-config/zconf.tab.c -o /home/no/Desktop/github/riscv_emulator-seulgi-v1/buildroot/output/build/buildroot-config/zconf.tab.o
/usr/bin/gcc -D_DEFAULT_SOURCE -D_XOPEN_SOURCE=600 -DCURSES_LOC="<ncurses.h>" -DNCURSES_WIDECHAR=1 -DLOCALE  -I/home/no/Desktop/github/riscv_emulator-seulgi-v1/buildroot/output/build/buildroot-config -DCONFIG_=\"\"   /home/no/Desktop/github/riscv_emulator-seulgi-v1/buildroot/output/build/buildroot-config/conf.o /home/no/Desktop/github/riscv_emulator-seulgi-v1/buildroot/output/build/buildroot-config/zconf.tab.o  -o /home/no/Desktop/github/riscv_emulator-seulgi-v1/buildroot/output/build/buildroot-config/conf
rm /home/no/Desktop/github/riscv_emulator-seulgi-v1/buildroot/output/build/buildroot-config/zconf.tab.c
#
# configuration written to /home/no/Desktop/github/riscv_emulator-seulgi-v1/buildroot/.config
#
Starting build (this takes 30-60 minutes)...
/usr/bin/make -j1  O=/home/no/Desktop/github/riscv_emulator-seulgi-v1/buildroot/output HOSTCC="/usr/bin/gcc" HOSTCXX="/usr/bin/g++" syncconfig
make[2]: warning: -j1 forced in submake: resetting jobserver mode.
>>> host-skeleton  Extracting
>>> host-skeleton  Patching
>>> host-skeleton  Configuring
>>> host-skeleton  Building
>>> host-skeleton  Installing to host directory
# check-package DoNotInstallToHostdirUsr
>>> host-pkgconf 2.3.0 Downloading
wget -nd -t 3 --connect-timeout=10 -O '/home/no/Desktop/github/riscv_emulator-seulgi-v1/buildroot/output/build/.pkgconf-2.3.0.tar.xz.GJKEXu/output' 'https://distfiles.ariadne.space/pkgconf/pkgconf-2.3.0.tar.xz' 
--2026-09-15 11:01:07--  https://distfiles.ariadne.space/pkgconf/pkgconf-2.3.0.tar.xz
Resolving distfiles.ariadne.space (distfiles.ariadne.space)... 2606:7940:32:3e::10, 199.255.18.183
Connecting to distfiles.ariadne.space (distfiles.ariadne.space)|2606:7940:32:3e::10|:443... connected.
HTTP request sent, awaiting response... 200 OK
Length: 316160 (309K) [application/octet-stream]
Saving to: ‘/home/no/Desktop/github/riscv_emulator-seulgi-v1/buildroot/output/build/.pkgconf-2.3.0.tar.xz.GJKEXu/output’

     0K .......... .......... .......... .......... .......... 16%  852K 0s
    50K .......... .......... .......... .......... .......... 32% 1.67M 0s
   100K .......... .......... .......... .......... .......... 48% 4.52M 0s
   150K .......... .......... .......... .......... .......... 64% 2.29M 0s
   200K .......... .......... .......... .......... .......... 80% 88.3M 0s
   250K .......... .......... .......... .......... .......... 97% 95.9M 0s
   300K ........                                              100% 27.7M=0.1s

2026-09-15 11:01:07 (2.48 MB/s) - ‘/home/no/Desktop/github/riscv_emulator-seulgi-v1/buildroot/output/build/.pkgconf-2.3.0.tar.xz.GJKEXu/output’ saved [316160/316160]

pkgconf-2.3.0.tar.xz: OK (sha256: 3a9080ac51d03615e7c1910a0a2a8df08424892b5f13b0628a204d3fcce0ea8b)
>>> host-tar 1.35 Downloading
wget -nd -t 3 --connect-timeout=10 -O '/home/no/Desktop/github/riscv_emulator-seulgi-v1/buildroot/output/build/.tar-1.35.cpio.gz.sBSmHa/output' 'https://ftpmirror.gnu.org/tar/tar-1.35.cpio.gz' 
--2026-09-15 11:01:08--  https://ftpmirror.gnu.org/tar/tar-1.35.cpio.gz
Resolving ftpmirror.gnu.org (ftpmirror.gnu.org)... 2001:470:142:5::200, 209.51.188.200
Connecting to ftpmirror.gnu.org (ftpmirror.gnu.org)|2001:470:142:5::200|:443... connected.
HTTP request sent, awaiting response... 302 Moved Temporarily
Location: https://mirror.cs.odu.edu/gnu/tar/tar-1.35.cpio.gz [following]
--2026-09-15 11:01:08--  https://mirror.cs.odu.edu/gnu/tar/tar-1.35.cpio.gz
Resolving mirror.cs.odu.edu (mirror.cs.odu.edu)... 128.82.4.140
Connecting to mirror.cs.odu.edu (mirror.cs.odu.edu)|128.82.4.140|:443... connected.
HTTP request sent, awaiting response... 200 OK
Length: 4625633 (4.4M) [application/octet-stream]
Saving to: ‘/home/no/Desktop/github/riscv_emulator-seulgi-v1/buildroot/output/build/.tar-1.35.cpio.gz.sBSmHa/output’

     0K .......... .......... .......... .......... ..........  1%  637K 7s
    50K .......... .......... .......... .......... ..........  2%  618K 7s
   100K .......... .......... .......... .......... ..........  3% 38.4M 5s
   150K .......... .......... .......... .......... ..........  4% 2.90M 4s
   200K .......... .......... .......... .......... ..........  5%  799K 4s
   250K .......... .......... .......... .......... ..........  6% 29.9M 3s
   300K .......... .......... .......... .......... ..........  7% 98.0M 3s
   350K .......... .......... .......... .......... ..........  8% 3.08M 3s
   400K .......... .......... .......... .......... ..........  9% 46.5M 2s
   450K .......... .......... .......... .......... .......... 11%  819K 3s
   500K .......... .......... .......... .......... .......... 12% 50.3M 2s
   550K .......... .......... .......... .......... .......... 13% 53.8M 2s
   600K .......... .......... .......... .......... .......... 14% 43.8M 2s
   650K .......... .......... .......... .......... .......... 15% 71.4M 2s
   700K .......... .......... .......... .......... .......... 16% 75.0M 2s
   750K .......... .......... .......... .......... .......... 17% 3.56M 2s
   800K .......... .......... .......... .......... .......... 18% 37.9M 1s
   850K .......... .......... .......... .......... .......... 19% 69.8M 1s
   900K .......... .......... .......... .......... .......... 21% 53.2M 1s
   950K .......... .......... .......... .......... .......... 22%  832K 1s
  1000K .......... .......... .......... .......... .......... 23% 42.2M 1s
  1050K .......... .......... .......... .......... .......... 24% 69.5M 1s
  1100K .......... .......... .......... .......... .......... 25% 41.7M 1s
  1150K .......... .......... .......... .......... .......... 26% 54.2M 1s
  1200K .......... .......... .......... .......... .......... 27% 61.8M 1s
  1250K .......... .......... .......... .......... .......... 28% 67.7M 1s
  1300K .......... .......... .......... .......... .......... 29% 64.8M 1s
  1350K .......... .......... .......... .......... .......... 30% 78.9M 1s
  1400K .......... .......... .......... .......... .......... 32% 55.4M 1s
  1450K .......... .......... .......... .......... .......... 33% 30.6M 1s
  1500K .......... .......... .......... .......... .......... 34% 73.0M 1s
  1550K .......... .......... .......... .......... .......... 35% 5.57M 1s
  1600K .......... .......... .......... .......... .......... 36% 72.2M 1s
  1650K .......... .......... .......... .......... .......... 37% 51.6M 1s
  1700K .......... .......... .......... .......... .......... 38% 71.5M 1s
  1750K .......... .......... .......... .......... .......... 39% 66.5M 1s
  1800K .......... .......... .......... .......... .......... 40% 68.9M 1s
  1850K .......... .......... .......... .......... .......... 42% 70.4M 1s
  1900K .......... .......... .......... .......... .......... 43% 16.5M 1s
  1950K .......... .......... .......... .......... .......... 44%  880K 1s
  2000K .......... .......... .......... .......... .......... 45% 30.1M 1s
  2050K .......... .......... .......... .......... .......... 46% 93.3M 1s
  2100K .......... .......... .......... .......... .......... 47% 70.5M 1s
  2150K .......... .......... .......... .......... .......... 48% 56.6M 1s
  2200K .......... .......... .......... .......... .......... 49% 35.2M 0s
  2250K .......... .......... .......... .......... .......... 50% 90.2M 0s
  2300K .......... .......... .......... .......... .......... 52% 19.2M 0s
  2350K .......... .......... .......... .......... .......... 53% 45.8M 0s
  2400K .......... .......... .......... .......... .......... 54% 26.5M 0s
  2450K .......... .......... .......... .......... .......... 55%  101M 0s
  2500K .......... .......... .......... .......... .......... 56% 72.0M 0s
  2550K .......... .......... .......... .......... .......... 57% 66.3M 0s
  2600K .......... .......... .......... .......... .......... 58% 76.8M 0s
  2650K .......... .......... .......... .......... .......... 59% 76.2M 0s
  2700K .......... .......... .......... .......... .......... 60% 66.4M 0s
  2750K .......... .......... .......... .......... .......... 61% 7.27M 0s
  2800K .......... .......... .......... .......... .......... 63% 33.4M 0s
  2850K .......... .......... .......... .......... .......... 64% 70.4M 0s
  2900K .......... .......... .......... .......... .......... 65% 75.0M 0s
  2950K .......... .......... .......... .......... .......... 66% 66.9M 0s
  3000K .......... .......... .......... .......... .......... 67% 72.9M 0s
  3050K .......... .......... .......... .......... .......... 68% 53.9M 0s
  3100K .......... .......... .......... .......... .......... 69% 71.9M 0s
  3150K .......... .......... .......... .......... .......... 70% 27.7M 0s
  3200K .......... .......... .......... .......... .......... 71% 90.7M 0s
  3250K .......... .......... .......... .......... .......... 73% 51.5M 0s
  3300K .......... .......... .......... .......... .......... 74% 65.8M 0s
  3350K .......... .......... .......... .......... .......... 75% 69.1M 0s
  3400K .......... .......... .......... .......... .......... 76% 75.7M 0s
  3450K .......... .......... .......... .......... .......... 77% 75.9M 0s
  3500K .......... .......... .......... .......... .......... 78% 6.56M 0s
  3550K .......... .......... .......... .......... .......... 79% 83.4M 0s
  3600K .......... .......... .......... .......... .......... 80% 64.1M 0s
  3650K .......... .......... .......... .......... .......... 81% 57.3M 0s
  3700K .......... .......... .......... .......... .......... 83% 22.8M 0s
  3750K .......... .......... .......... .......... .......... 84% 53.3M 0s
  3800K .......... .......... .......... .......... .......... 85% 79.8M 0s
  3850K .......... .......... .......... .......... .......... 86% 67.8M 0s
  3900K .......... .......... .......... .......... .......... 87%  111M 0s
  3950K .......... .......... .......... .......... .......... 88%  644K 0s
  4000K .......... .......... .......... .......... .......... 89% 49.3M 0s
  4050K .......... .......... .......... .......... .......... 90% 51.0M 0s
  4100K .......... .......... .......... .......... .......... 91% 59.6M 0s
  4150K .......... .......... .......... .......... .......... 92% 92.6M 0s
  4200K .......... .......... .......... .......... .......... 94% 66.3M 0s
  4250K .......... .......... .......... .......... .......... 95% 59.3M 0s
  4300K .......... .......... .......... .......... .......... 96% 57.0M 0s
  4350K .......... .......... .......... .......... .......... 97% 31.5M 0s
  4400K .......... .......... .......... .......... .......... 98% 76.2M 0s
  4450K .......... .......... .......... .......... .......... 99% 75.0M 0s
  4500K .......... .......                                    100% 96.0M=0.6s

2026-09-15 11:01:10 (7.13 MB/s) - ‘/home/no/Desktop/github/riscv_emulator-seulgi-v1/buildroot/output/build/.tar-1.35.cpio.gz.sBSmHa/output’ saved [4625633/4625633]

tar-1.35.cpio.gz: OK (sha256: c77a38fcf25b21fd8209d20d35638744344ded239cfc7df80138bf46d3c6b16d)
>>> host-tar 1.35 Extracting
mkdir -p /home/no/Desktop/github/riscv_emulator-seulgi-v1/buildroot/output/build/host-tar-1.35
cd /home/no/Desktop/github/riscv_emulator-seulgi-v1/buildroot/output/build/host-tar-1.35 && gzip -d -c /home/no/Desktop/github/riscv_emulator-seulgi-v1/buildroot/dl/tar/tar-1.35.cpio.gz | cpio -i --preserve-modification-time
39210 blocks
mv /home/no/Desktop/github/riscv_emulator-seulgi-v1/buildroot/output/build/host-tar-1.35/tar-1.35/* /home/no/Desktop/github/riscv_emulator-seulgi-v1/buildroot/output/build/host-tar-1.35
rmdir /home/no/Desktop/github/riscv_emulator-seulgi-v1/buildroot/output/build/host-tar-1.35/tar-1.35
>>> host-tar 1.35 Patching

Applying 0001-lib-getrandom.c-fix-build-with-uclibc-1.0.35.patch using patch: 
patching file gnu/getrandom.c

Applying 0002-Fix-savannah-bug-#64441.patch using patch: 
patching file src/Makefile.am

Applying 0003-tests-fix-LDADD.patch using patch: 
patching file tests/Makefile.am
Hunk #1 succeeded at 334 (offset -3 lines).

Applying 0004-Avoid-acl_-prefix-for-functions.patch using patch: 
patching file src/xattrs.c
touch /home/no/Desktop/github/riscv_emulator-seulgi-v1/buildroot/output/build/host-tar-1.35/src/Makefile.in /home/no/Desktop/github/riscv_emulator-seulgi-v1/buildroot/output/build/host-tar-1.35/tests/Makefile.in
>>> host-tar 1.35 Updating config.sub and config.guess
for file in config.guess config.sub; do for i in $(find /home/no/Desktop/github/riscv_emulator-seulgi-v1/buildroot/output/build/host-tar-1.35 -name $file); do cp support/gnuconfig/$file $i; done; done
>>> host-tar 1.35 Patching libtool
>>> host-tar 1.35 Configuring
(cd /home/no/Desktop/github/riscv_emulator-seulgi-v1/buildroot/output/build/host-tar-1.35/ && rm -rf config.cache; GIT_DIR=. PATH="/home/no/Desktop/github/riscv_emulator-seulgi-v1/buildroot/output/host/bin:/home/no/Desktop/github/riscv_emulator-seulgi-v1/buildroot/output/host/sbin:/home/no/.local/bin:/home/no/.local/bin:/home/no/bin:/media/no/b7ced73c-5231-4462-b98d-64e38fe2df9e/home/jbez/Desktop/!.📶️.SHARE]/!.🦾️].fullsharezip/💪🏾️].no-desk.sharezip/📲️📵️.GTFO.flxbx.📦️arcbit♏️/#.⛷️LOOSE-TANGENT]2wild]🎄️⛷️/🪆️.a0/📟️.a0/🎓️/🧼️/🥌️🗡️🛡️🧷️/🛡️.ARMOR.OF.WAR.NOW!]a1/🌐️🗺️🧫️.voxel_sphere_lab]a0/2.Mid.urf.PLAY]loglev]🪓️🤓️🪄️🪵️a0/🧪️]jul8.🏚️.®™]d10/jl69.🥡️.®™]🟦🟥️🟨️]a0/!.🚦️🏎️🏎️🏎️]a3]GOIN!/Fas7.🥡️.®™]🔳️⏹️]E6/earf.🌎️.®™/Lnd1.🏝️.®™/crsr.🗡️.®™]g10📌️/env0🥡️.®™]a0📌️/home.🥡️.®™]a0📌️/!.inst.🫕️.®™/+x/:/home/no/.grok/bin:/home/no/.opencode/bin:/home/no/.local/bin:/usr/local/bin:/usr/local/qt4/bin:/usr/local/qt4/bin:/home/no/.nvm/versions/node/v22.11.0/bin:/home/no/.local/bin:/home/no/.cargo/bin:/home/no/.local/bin:/home/no/bin:/media/no/b7ced73c-5231-4462-b98d-64e38fe2df9e/home/jbez/Desktop/!.📶️.SHARE]/!.🦾️].fullsharezip/💪🏾️].no-desk.sharezip/📲️📵️.GTFO.flxbx.📦️arcbit♏️/#.⛷️LOOSE-TANGENT]2wild]🎄️⛷️/🪆️.a0/📟️.a0/🎓️/🧼️/🥌️🗡️🛡️🧷️/🛡️.ARMOR.OF.WAR.NOW!]a1/🌐️🗺️🧫️.voxel_sphere_lab]a0/2.Mid.urf.PLAY]loglev]🪓️🤓️🪄️🪵️a0/🧪️]jul8.🏚️.®™]d10/jl69.🥡️.®™]🟦🟥️🟨️]a0/!.🚦️🏎️🏎️🏎️]a3]GOIN!/Fas7.🥡️.®™]🔳️⏹️]E6/earf.🌎️.®™/Lnd1.🏝️.®™/crsr.🗡️.®™]g10📌️/env0🥡️.®™]a0📌️/home.🥡️.®™]a0📌️/!.inst.🫕️.®™/+x/:/usr/local/sbin:/usr/local/bin:/usr/sbin:/usr/bin:/sbin:/bin:/usr/games:/usr/local/games:/snap/bin:/snap/bin:/home/no/.local/bin:/home/no/.lmstudio/bin:/home/no/.lmstudio/bin:/home/no/.lmstudio/bin" PKG_CONFIG="/home/no/Desktop/github/riscv_emulator-seulgi-v1/buildroot/output/host/bin/pkg-config" PKG_CONFIG_SYSROOT_DIR="/" PKG_CONFIG_ALLOW_SYSTEM_CFLAGS=1 PKG_CONFIG_ALLOW_SYSTEM_LIBS=1 PKG_CONFIG_LIBDIR="/home/no/Desktop/github/riscv_emulator-seulgi-v1/buildroot/output/host/lib/pkgconfig:/home/no/Desktop/github/riscv_emulator-seulgi-v1/buildroot/output/host/share/pkgconfig" AR="/usr/bin/ar" AS="/usr/bin/as" LD="/usr/bin/ld" NM="/usr/bin/nm" CC="/usr/bin/gcc" GCC="/usr/bin/gcc" CXX="/usr/bin/g++" CPP="/usr/bin/cpp" OBJCOPY="/usr/bin/objcopy" RANLIB="/usr/bin/ranlib" CPPFLAGS="-I/home/no/Desktop/github/riscv_emulator-seulgi-v1/buildroot/output/host/include" CFLAGS="-O2 -I/home/no/Desktop/github/riscv_emulator-seulgi-v1/buildroot/output/host/include" CXXFLAGS="-O2 -I/home/no/Desktop/github/riscv_emulator-seulgi-v1/buildroot/output/host/include" LDFLAGS="-L/home/no/Desktop/github/riscv_emulator-seulgi-v1/buildroot/output/host/lib -Wl,-rpath,/home/no/Desktop/github/riscv_emulator-seulgi-v1/buildroot/output/host/lib" INTLTOOL_PERL=/usr/bin/perl CC="/usr/bin/gcc" CXX="/usr/bin/g++" CONFIG_SITE=/dev/null ./configure --prefix="/home/no/Desktop/github/riscv_emulator-seulgi-v1/buildroot/output/host" --sysconfdir="/home/no/Desktop/github/riscv_emulator-seulgi-v1/buildroot/output/host/etc" --localstatedir="/home/no/Desktop/github/riscv_emulator-seulgi-v1/buildroot/output/host/var" --enable-shared --disable-static --disable-gtk-doc --disable-gtk-doc-html --disable-doc --disable-docs --disable-documentation --disable-debug --with-xmlto=no --with-fop=no --disable-nls --disable-dependency-tracking  --without-selinux )
configure: WARNING: unrecognized options: --enable-shared, --disable-static, --disable-gtk-doc, --disable-gtk-doc-html, --disable-doc, --disable-docs, --disable-documentation, --disable-debug, --with-xmlto, --with-fop
checking for a BSD-compatible install... /usr/bin/install -c
checking whether build environment is sane... yes
checking for a race-free mkdir -p... /usr/bin/mkdir -p
checking for gawk... gawk
checking whether make sets $(MAKE)... yes
checking whether make supports nested variables... yes
checking whether UID '1000' is supported by ustar format... yes
checking whether GID '1000' is supported by ustar format... yes
checking how to create a ustar tar archive... gnutar
checking whether make supports nested variables... (cached) yes
checking for gcc... /usr/bin/gcc
checking whether the C compiler works... yes
checking for C compiler default output file name... a.out
checking for suffix of executables... 
checking whether we are cross compiling... no
checking for suffix of object files... o
checking whether the compiler supports GNU C... yes
checking whether /usr/bin/gcc accepts -g... yes
checking for /usr/bin/gcc option to enable C11 features... none needed
checking whether /usr/bin/gcc understands -c and -o together... yes
checking whether the compiler is clang... no
checking for compiler option needed when checking for declarations... none
checking whether make supports the include directive... yes (GNU style)
checking dependency style of /usr/bin/gcc... none
checking for ranlib... /usr/bin/ranlib
checking for bison... bison -y
checking for stdio.h... yes
checking for stdlib.h... yes
checking for string.h... yes
checking for inttypes.h... yes
checking for stdint.h... yes
checking for strings.h... yes
checking for sys/stat.h... yes
checking for sys/types.h... yes
checking for unistd.h... yes
checking for wchar.h... yes
checking for minix/config.h... no
checking for fcntl.h... yes
checking for linux/fd.h... yes
checking for memory.h... yes
checking for net/errno.h... no
checking for sgtty.h... yes
checking for sys/param.h... yes
checking for sys/device.h... no
checking for sys/gentape.h... no
checking for sys/inet.h... no
checking for sys/io/trioctl.h... no
checking for sys/mtio.h... yes
checking for sys/time.h... yes
checking for sys/tprintf.h... no
checking for sys/tape.h... no
checking for locale.h... yes
checking for features.h... yes
checking for linewrap.h... no
checking for uchar.h... yes
checking for sys/socket.h... yes
checking for dirent.h... yes
checking for error.h... yes
checking for linux/xattr.h... yes
checking for fnmatch.h... yes
checking for stdio_ext.h... yes
checking for getopt.h... yes
checking for sys/cdefs.h... yes
checking for threads.h... yes
checking for limits.h... yes
checking for crtdefs.h... no
checking for wctype.h... yes
checking for langinfo.h... yes
checking for xlocale.h... no
checking for sys/mman.h... yes
checking for priv.h... no
checking for malloc.h... yes
checking for selinux/selinux.h... yes
checking for stdbool.h... yes
checking for stdckdint.h... no
checking for sys/random.h... yes
checking for sysexits.h... yes
checking for utime.h... yes
checking for netdb.h... yes
checking for sys/wait.h... yes
checking for pwd.h... yes
checking for grp.h... yes
checking whether it is safe to define __EXTENSIONS__... yes
checking whether _XOPEN_SOURCE should be defined... no
checking build system type... x86_64-pc-linux-gnu
checking host system type... x86_64-pc-linux-gnu
checking how to run the C preprocessor... /usr/bin/cpp
checking for grep that handles long lines and -e... /usr/bin/grep
checking for egrep... /usr/bin/grep -E
checking for Minix Amsterdam compiler... no
checking for ar... /usr/bin/ar
checking for _LARGEFILE_SOURCE value needed for large files... no
checking for /usr/bin/gcc option to enable large file support... none needed
checking for /usr/bin/gcc option for timestamps after 2038... none needed
checking for /usr/bin/gcc option to enable large file support... (cached) none needed
checking for /usr/bin/gcc option for timestamps after 2038... (cached) none needed
checking for sys/buf.h... no
checking for sys/mkdev.h... no
checking for sys/sysmacros.h... yes
checking for st_fstype string in struct stat... no
checking for sys/acl.h... no
checking for mode_t... yes
checking for pid_t... yes
checking for off_t... yes
checking for uid_t in sys/types.h... yes
checking for major_t... no
checking for minor_t... no
checking for dev_t... yes
checking for ino_t... yes
checking for ssize_t... yes
checking for fchmod... yes
checking for flockfile... yes
checking for funlockfile... yes
checking for pathconf... yes
checking for btowc... yes
checking for mbrtowc... yes
checking for mbsinit... yes
checking for canonicalize_file_name... yes
checking for realpath... yes
checking for lstat... yes
checking for chown... yes
checking for fchown... yes
checking for _set_invalid_parameter_handler... no
checking for fchdir... yes
checking for fdopendir... yes
checking for fchmodat... yes
checking for lchmod... yes
checking for fcntl... yes
checking for symlink... yes
checking for listxattr... yes
checking for fnmatch... yes
checking for mbsrtowcs... yes
checking for fstatat... yes
checking for getdtablesize... yes
checking for getexecname... no
checking for gettimeofday... yes
checking for isblank... yes
checking for iswcntrl... yes
checking for link... yes
checking for readlink... yes
checking for openat... yes
checking for mprotect... yes
checking for mkdirat... yes
checking for mknod... yes
checking for pipe... yes
checking for iswctype... yes
checking for renameat... yes
checking for setenv... yes
checking for sleep... yes
checking for snprintf... yes
checking for strndup... yes
checking for strtoimax... yes
checking for strtoumax... yes
checking for localtime_r... yes
checking for unlinkat... yes
checking for vasnprintf... no
checking for wcrtomb... yes
checking for wcwidth... yes
checking for mkfifo... yes
checking for setlocale... yes
checking for fsync... yes
checking for sys/acl.h... (cached) no
configure: WARNING: libacl development library was not found or not usable.
configure: WARNING: GNU tar will be built without ACL support.
checking for size_t... yes
checking for working alloca.h... yes
checking for alloca... yes
checking for inline... inline
checking for C/C++ restrict keyword... __restrict__
checking for /usr/bin/gcc options needed to detect all undeclared functions... none needed
checking whether clearerr_unlocked is declared... yes
checking whether feof_unlocked is declared... yes
checking whether ferror_unlocked is declared... yes
checking whether fflush_unlocked is declared... yes
checking whether fgets_unlocked is declared... yes
checking whether fputc_unlocked is declared... yes
checking whether fputs_unlocked is declared... yes
checking whether fread_unlocked is declared... yes
checking whether fwrite_unlocked is declared... yes
checking whether getc_unlocked is declared... yes
checking whether getchar_unlocked is declared... yes
checking whether putc_unlocked is declared... yes
checking whether putchar_unlocked is declared... yes
checking whether strerror_r is declared... yes
checking whether strerror_r returns char *... yes
checking whether the preprocessor supports include_next... yes
checking whether source code line length is unlimited... yes
checking for d_ino member in directory struct... yes
checking for long file names... yes
checking whether <wchar.h> uses 'inline' correctly... yes
checking for nl_langinfo and CODESET... yes
checking for a traditional french locale... none
checking whether char8_t is correctly defined... no
checking whether char16_t is correctly defined... yes
checking whether char32_t is correctly defined... yes
checking for bit size of wchar_t... 32
checking for mbstate_t... yes
checking for a traditional japanese locale... none
checking for a french Unicode locale... none
checking for a transitional chinese locale... none
checking whether mbrtowc handles incomplete characters... guessing yes
checking whether mbrtowc works as well as mbtowc... guessing yes
checking whether mbrtoc32 is declared... yes
checking for mbrtoc32... yes
checking whether mbrtoc32 works as well as mbrtowc... guessing yes
checking whether malloc is ptrdiff_t safe... yes
checking whether malloc, realloc, calloc set errno on failure... yes
checking whether lstat correctly handles trailing slash... yes
checking whether // is distinct from /... no
checking whether realpath works... yes
checking for faccessat... yes
checking for getcwd... yes
checking for unistd.h... (cached) yes
checking for working chown... yes
checking whether chown dereferences symlinks... yes
checking whether chown honors trailing slash... yes
checking whether chown always updates ctime... yes
checking if environ is properly declared... yes
checking for complete errno.h... yes
checking for error... yes
checking whether error_at_line is declared... yes
checking for error_at_line... yes
checking for working error function... yes
checking type of array argument to getgroups... gid_t
checking whether ctype.h defines __header_inline... no
checking whether fchdir is declared... yes
checking for working fcntl.h... yes
checking for promoted mode_t type... mode_t
checking whether fopen recognizes a trailing slash... yes
checking whether fflush works on input streams... no
checking whether stdin defaults to large file offsets... yes
checking whether fseeko is declared... yes
checking for fseeko... yes
checking whether fflush works on input streams... (cached) no
checking whether stat file-mode macros are broken... no
checking for nlink_t... yes
checking whether getcwd (NULL, 0) allocates memory for result... yes
checking for getcwd with POSIX signature... yes
checking whether getcwd is declared... yes
checking whether getdelim is declared... yes
checking whether getdtablesize is declared... yes
checking whether getline is declared... yes
checking for getopt.h... (cached) yes
checking for getopt_long_only... yes
checking whether getopt is POSIX compatible... yes
checking for working GNU getopt function... yes
checking for working GNU getopt_long function... yes
checking whether timespec_get is declared... yes
checking for timespec_get... yes
checking for struct timeval... yes
checking for wide-enough struct timeval.tv_sec member... yes
checking for pthread.h... yes
checking for pthread_kill in -lpthread... yes
checking whether POSIX threads API is available... yes
checking whether setlocale (LC_ALL, NULL) is multithread-safe... yes
checking whether setlocale (category, NULL) is multithread-safe... yes
checking whether limits.h has WORD_BIT, BOOL_WIDTH etc.... yes
checking whether limits.h has SSIZE_MAX... yes
checking for wint_t... yes
checking whether wint_t is large enough... yes
checking whether the compiler produces multi-arch binaries... no
checking whether stdint.h conforms to C99... yes
checking whether stdint.h works without ISO C predefines... yes
checking whether stdint.h has UINTMAX_WIDTH etc.... yes
checking whether INT32_MAX < INTMAX_MAX... yes
checking whether INT64_MAX == LONG_MAX... yes
checking whether UINT32_MAX < UINTMAX_MAX... yes
checking whether UINT64_MAX == ULONG_MAX... yes
checking whether iswcntrl works... yes
checking for towlower... yes
checking for wctype_t... yes
checking for wctrans_t... yes
checking whether langinfo.h defines CODESET... yes
checking whether langinfo.h defines T_FMT_AMPM... yes
checking whether langinfo.h defines ALTMON_1... yes
checking whether langinfo.h defines ERA... yes
checking whether langinfo.h defines YESEXPR... yes
checking for O_CLOEXEC... yes
checking for wchar_t... yes
checking for good max_align_t... yes
checking whether NULL can be used in arbitrary expressions... yes
checking for unreachable... no
checking whether locale.h defines locale_t... yes
checking whether locale.h conforms to POSIX:2001... yes
checking whether struct lconv is properly defined... yes
checking whether malloc (0) returns nonnull... yes
checking for mmap... yes
checking for MAP_ANONYMOUS... yes
checking whether memchr works... yes
checking whether memrchr is declared... yes
checking whether <limits.h> defines MIN and MAX... no
checking whether <sys/param.h> defines MIN and MAX... yes
checking for compiler option needed when checking for future declarations... none
checking whether time_t is signed... yes
checking whether alarm is declared... yes
checking for working mktime... no
checking whether struct tm is in sys/time.h or time.h... time.h
checking for struct tm.tm_zone... yes
checking for struct tm.tm_gmtoff... yes
checking for compound literals... yes
checking whether setenv is declared... yes
checking for search.h... yes
checking for tsearch... yes
checking for sigset_t... yes
checking for volatile sig_atomic_t... yes
checking for sighandler_t... yes
checking whether snprintf returns a byte count as in C99... yes
checking whether printf supports POSIX/XSI format strings with positions... yes
checking whether snprintf is declared... yes
checking whether fcloseall is declared... yes
checking whether getw is declared... yes
checking whether putw is declared... yes
checking which flavor of printf attribute matches inttypes macros... system
checking whether ecvt is declared... yes
checking whether fcvt is declared... yes
checking whether gcvt is declared... yes
checking whether MB_CUR_MAX is correct... guessing yes
checking whether strdup is declared... yes
checking whether strerror(0) succeeds... yes
checking whether strndup is declared... yes
checking whether strnlen is declared... yes
checking whether strtoimax is declared... yes
checking whether strtoumax is declared... yes
checking for struct timespec in <time.h>... yes
checking for TIME_UTC in <time.h>... yes
checking whether execvpe is declared... yes
checking whether unsetenv is declared... yes
checking whether the utimes function works... yes
checking for inttypes.h... yes
checking for stdint.h... yes
checking for intmax_t... yes
checking whether snprintf truncates the result as in C99... yes
checking where to find the exponent in a 'double'... word 1 bit 20
checking for wcslen... yes
checking for snprintf... (cached) yes
checking for strnlen... yes
checking for wcrtomb... (cached) yes
checking whether _snprintf is declared... no
checking whether vsnprintf is declared... yes
checking whether wcsdup is declared... yes
checking for C compiler option to allow warnings... -Wno-error
checking for alignas and alignof... yes, <stdalign.h> macros
checking for alloca as a compiler built-in... yes
checking whether program_invocation_name is declared... yes
checking whether program_invocation_short_name is declared... yes
checking whether program_invocation_name is defined... yes
checking whether program_invocation_short_name is defined... yes
checking for static_assert... yes, an <assert.h> macro
checking whether btowc(0) is correct... yes
checking whether btowc(EOF) is correct... guessing yes
checking whether btowc is consistent with mbrtowc in the C locale... no
checking for __builtin_expect... yes
checking whether calloc (0, n) and calloc (n, 0) return nonnull... yes
checking for readlinkat... yes
checking whether this system supports file names of any length... no
checking whether chmod works... yes
checking for library containing clock_gettime... none required
checking for clock_getres... yes
checking for clock_gettime... yes
checking for clock_settime... yes
checking for closedir... yes
checking for d_ino member in directory struct... (cached) yes
checking for dirfd... yes
checking whether dirfd is declared... yes
checking whether dirfd is a macro... no
checking whether // is distinct from /... (cached) no
checking whether dup works... yes
checking whether dup2 works... yes
checking for euidaccess... yes
checking for faccessat... (cached) yes
checking whether fchmodat works... yes
checking for fchownat... yes
checking whether fchownat works with AT_SYMLINK_NOFOLLOW... yes
checking whether fchownat works with an empty file name... yes
checking whether fcntl handles F_DUPFD correctly... yes
checking whether fcntl understands F_DUPFD_CLOEXEC... needs runtime check
checking whether fdopendir is declared... yes
checking whether fdopendir works... yes
checking for struct stat.st_blocks... yes
checking for mempcpy... yes
checking for flexible array member... yes
checking whether conversion from 'int' to 'long double' works... yes
checking for working GNU fnmatch... yes
checking whether fopen supports the mode character 'x'... yes
checking whether fopen supports the mode character 'e'... yes
checking for __fpending... yes
checking whether __fpending is declared... yes
checking whether free is known to preserve errno... yes
checking for fseeko... (cached) yes
checking whether fflush works on input streams... (cached) no
checking for _fseeki64... no
checking whether fstatat (..., 0) works... yes
checking for futimens... yes
checking whether futimens works... yes
checking whether getcwd handles long file names properly... yes
checking for getpagesize... yes
checking whether getcwd succeeds when 4k < cwd_length < 16k... yes
checking for getdelim... yes
checking for working getdelim function... yes
checking whether getdtablesize works... yes
checking for getgroups... yes
checking for working getgroups... yes
checking whether getgroups handles negative values... yes
checking for getline... yes
checking for working getline function... yes
checking for getpagesize... (cached) yes
checking whether getpagesize is declared... yes
checking for getprogname... no
checking whether program_invocation_name is declared... (cached) yes
checking whether program_invocation_name is declared... (cached) yes
checking whether program_invocation_short_name is declared... (cached) yes
checking whether __argv is declared... no
checking for getrandom... yes
checking whether getrandom is compatible with its GNU+BSD signature... yes
checking for gettimeofday with POSIX signature... yes
checking for group_member... yes
checking for iswblank... yes
checking whether iswblank is declared... yes
checking whether iswdigit is ISO C compliant... guessing yes
checking whether iswxdigit is ISO C compliant... guessing yes
checking for lchown... yes
checking whether the compiler supports the __inline keyword... yes
checking whether link obeys POSIX... yes
checking for __xpg4... no
checking whether link(2) dereferences a symlink... no
checking for linkat... yes
checking whether linkat() can link symlinks... yes
checking whether linkat handles trailing slash correctly... yes
checking whether localeconv works... yes
checking whether lseek detects pipes... yes
checking whether SEEK_DATA works but is incompatible with GNU... no
checking whether malloc (0) returns nonnull... (cached) yes
checking whether mbrtoc32 works on empty input... yes
checking whether the C locale is free of encoding errors... no
checking whether mbrtowc handles a NULL pwc argument... guessing yes
checking whether mbrtowc handles a NULL string argument... guessing yes
checking whether mbrtowc has a correct return value... guessing yes
checking whether mbrtowc returns 0 when parsing a NUL character... guessing yes
checking whether mbrtowc stores incomplete characters... guessing no
checking whether mbrtowc works on empty input... yes
checking whether the C locale is free of encoding errors... no
checking whether mbsrtowcs works... guessing yes
checking whether the C locale is free of encoding errors... (cached) no
checking for mbtowc... yes
checking for mempcpy... (cached) yes
checking for memrchr... yes
checking whether mkdir handles trailing slash... yes
checking whether mkdir handles trailing dot... yes
checking for mkdtemp... yes
checking for mkfifo... yes
checking whether mkfifo rejects trailing slashes... yes
checking for mknodat... yes
checking for mkfifoat... yes
checking whether mkfifoat rejects trailing slashes... yes
checking whether mknod can create fifo without root privileges... yes
checking for __mktime_internal... no
checking for nl_langinfo... yes
checking whether YESEXPR works... yes
checking for obstacks that work with any size object... no
checking whether open recognizes a trailing slash... yes
checking for opendir... yes
checking for bison... bison
checking for bison 2.4 or newer... 3.8.2, ok
checking for struct tm.tm_zone... (cached) yes
checking for getppriv... no
checking whether program_invocation_name is declared... (cached) yes
checking whether program_invocation_short_name is declared... (cached) yes
checking for raise... yes
checking for rawmemchr... yes
checking for readdir... yes
checking whether readlink signature is correct... yes
checking whether readlink handles trailing slash correctly... yes
checking whether readlink truncates results correctly... yes
checking for readlinkat... (cached) yes
checking whether readlinkat signature is correct... yes
checking whether realloc (0, 0) returns nonnull... yes
checking for reallocarray... yes
checking for working re_compile_pattern... yes
checking whether rename honors trailing slash on destination... yes
checking whether rename honors trailing slash on source... yes
checking whether rename manages hard links correctly... yes
checking whether rename manages existing destinations correctly... yes
checking for linux/fs.h... yes
checking for renameat2... yes
checking for linux/fs.h... (cached) yes
checking for renameat2... (cached) yes
checking for rewinddir... yes
checking whether rmdir works... yes
checking for rpmatch... yes
checking for selinux/flask.h... no
checking whether setenv validates arguments... yes
checking whether setlocale (LC_ALL, NULL) is multithread-safe... (cached) yes
checking whether setlocale (category, NULL) is multithread-safe... (cached) yes
checking for stdint.h... (cached) yes
checking for SIZE_MAX... yes
checking whether sleep is declared... yes
checking for working sleep... yes
checking for snprintf... (cached) yes
checking whether snprintf respects a size of 1... yes
checking for ssize_t... (cached) yes
checking whether stat handles trailing slashes on files... yes
checking for struct stat.st_atim.tv_nsec... yes
checking whether struct stat.st_atim is of type struct timespec... yes
checking for struct stat.st_birthtimespec.tv_nsec... no
checking for struct stat.st_birthtimensec... no
checking for struct stat.st_birthtim.tv_nsec... no
checking for va_copy... yes
checking for bool, true, false... no
checking for stpcpy... yes
checking for strcasecmp... yes
checking for strncasecmp... yes
checking whether strncasecmp is declared... yes
checking for strchrnul... yes
checking whether strchrnul works... yes
checking for working strerror function... yes
checking for working strndup... yes
checking for working strnlen... yes
checking whether strtoimax works... yes
checking for strtol... yes
checking whether strtol works... no
checking for strtoll... yes
checking whether strtoll works... no
checking for strtoul... yes
checking whether strtoul works... no
checking for strtoull... yes
checking whether strtoull works... no
checking whether symlink handles trailing slash correctly... yes
checking for symlinkat... yes
checking whether symlinkat handles trailing slash correctly... yes
checking whether localtime_r is declared... yes
checking whether localtime_r is compatible with its POSIX signature... yes
checking whether localtime works even near extrema... yes
checking for timezone_t... no
checking for timegm... yes
checking whether unlink honors trailing slashes... yes
checking whether unlink of a parent directory fails as it should... guessing yes
checking for unsetenv... yes
checking for unsetenv() return type... int
checking whether unsetenv obeys POSIX... yes
checking for utime... yes
checking whether utime handles trailing slashes on files... yes
checking for futimes... yes
checking for futimesat... yes
checking for lutimes... yes
checking for futimens... (cached) yes
checking for utimensat... yes
checking for utimensat... (cached) yes
checking whether utimensat works... yes
checking for variable-length arrays... yes
checking for ptrdiff_t... yes
checking for vasprintf... yes
checking for vsnprintf... yes
checking whether snprintf respects a size of 1... (cached) yes
checking whether wcrtomb works in the C locale... yes
checking whether wcrtomb return value is correct... guessing yes
checking whether wcwidth is declared... yes
checking whether wcwidth works reasonably in UTF-8 locales... yes
checking for wmemchr... yes
checking for wmempcpy... yes
checking for stdint.h... (cached) yes
checking for library containing setsockopt... none required
checking for library containing setsockopt... (cached) none required
checking for sys/mtio.h... (cached) yes
checking which ioctl field to test for reversed bytes... mt_type
checking whether to build rmt... yes
checking for remote tape header files... yes
checking for sys/buf.h... (cached) no
checking for struct stat.st_blksize... yes
checking for library containing gethostbyname... none required
checking for sys/xattr.h... yes
checking for library containing getxattr... none required
checking for library containing fgetxattr... none required
checking for library containing lgetxattr... none required
checking for library containing setxattr... none required
checking for library containing fsetxattr... none required
checking for library containing lsetxattr... none required
checking for library containing listxattr... none required
checking for library containing flistxattr... none required
checking for library containing llistxattr... none required
checking whether getgrgid is declared... yes
checking whether getpwuid is declared... yes
checking whether time is declared... yes
checking for waitpid... yes
checking for remote shell... /usr/bin/rsh
checking for default archive format... GNU
checking for default archive... -
checking for default blocking... 20
checking for default quoting style... escape
checking for ld... /usr/bin/ld
checking if the linker (/usr/bin/ld) is GNU ld... yes
checking for shared library run path origin... done
checking 32-bit host C ABI... no
checking for ELF binary format... yes
checking for the common suffixes of directories in the library search path... lib,lib,lib64
checking for iconv... yes
checking for working iconv... yes
checking for iconv declaration... 
         extern size_t iconv (iconv_t cd, char * *inbuf, size_t *inbytesleft, char * *outbuf, size_t *outbytesleft);
checking for iconv.h... yes
checking for iconv_t... yes
checking for a sed that does not truncate output... /usr/bin/sed
checking whether NLS is requested... no
checking for msgfmt... /usr/bin/msgfmt
checking for gmsgfmt... /usr/bin/msgfmt
checking for xgettext... /usr/bin/xgettext
checking for msgmerge... /usr/bin/msgmerge
checking for CFPreferencesCopyAppValue... no
checking for CFLocaleCopyPreferredLanguages... no
checking whether to use NLS... no
checking that generated files are newer than configure... done
configure: creating ./config.status
config.status: creating tests/Makefile
config.status: creating tests/atlocal
config.status: creating Makefile
config.status: creating doc/Makefile
config.status: creating gnu/Makefile
config.status: creating lib/Makefile
config.status: creating po/Makefile.in
config.status: creating scripts/Makefile
config.status: creating rmt/Makefile
config.status: creating src/Makefile
config.status: creating config.h
config.status: executing depfiles commands
config.status: executing po-directories commands
config.status: creating po/POTFILES
config.status: creating po/Makefile
config.status: executing tests/atconfig commands
configure: WARNING: unrecognized options: --enable-shared, --disable-static, --disable-gtk-doc, --disable-gtk-doc-html, --disable-doc, --disable-docs, --disable-documentation, --disable-debug, --with-xmlto, --with-fop
>>> host-tar 1.35 Building
GIT_DIR=. PATH="/home/no/Desktop/github/riscv_emulator-seulgi-v1/buildroot/output/host/bin:/home/no/Desktop/github/riscv_emulator-seulgi-v1/buildroot/output/host/sbin:/home/no/.local/bin:/home/no/.local/bin:/home/no/bin:/media/no/b7ced73c-5231-4462-b98d-64e38fe2df9e/home/jbez/Desktop/!.📶️.SHARE]/!.🦾️].fullsharezip/💪🏾️].no-desk.sharezip/📲️📵️.GTFO.flxbx.📦️arcbit♏️/#.⛷️LOOSE-TANGENT]2wild]🎄️⛷️/🪆️.a0/📟️.a0/🎓️/🧼️/🥌️🗡️🛡️🧷️/🛡️.ARMOR.OF.WAR.NOW!]a1/🌐️🗺️🧫️.voxel_sphere_lab]a0/2.Mid.urf.PLAY]loglev]🪓️🤓️🪄️🪵️a0/🧪️]jul8.🏚️.®™]d10/jl69.🥡️.®™]🟦🟥️🟨️]a0/!.🚦️🏎️🏎️🏎️]a3]GOIN!/Fas7.🥡️.®™]🔳️⏹️]E6/earf.🌎️.®™/Lnd1.🏝️.®™/crsr.🗡️.®™]g10📌️/env0🥡️.®™]a0📌️/home.🥡️.®™]a0📌️/!.inst.🫕️.®™/+x/:/home/no/.grok/bin:/home/no/.opencode/bin:/home/no/.local/bin:/usr/local/bin:/usr/local/qt4/bin:/usr/local/qt4/bin:/home/no/.nvm/versions/node/v22.11.0/bin:/home/no/.local/bin:/home/no/.cargo/bin:/home/no/.local/bin:/home/no/bin:/media/no/b7ced73c-5231-4462-b98d-64e38fe2df9e/home/jbez/Desktop/!.📶️.SHARE]/!.🦾️].fullsharezip/💪🏾️].no-desk.sharezip/📲️📵️.GTFO.flxbx.📦️arcbit♏️/#.⛷️LOOSE-TANGENT]2wild]🎄️⛷️/🪆️.a0/📟️.a0/🎓️/🧼️/🥌️🗡️🛡️🧷️/🛡️.ARMOR.OF.WAR.NOW!]a1/🌐️🗺️🧫️.voxel_sphere_lab]a0/2.Mid.urf.PLAY]loglev]🪓️🤓️🪄️🪵️a0/🧪️]jul8.🏚️.®™]d10/jl69.🥡️.®™]🟦🟥️🟨️]a0/!.🚦️🏎️🏎️🏎️]a3]GOIN!/Fas7.🥡️.®™]🔳️⏹️]E6/earf.🌎️.®™/Lnd1.🏝️.®™/crsr.🗡️.®™]g10📌️/env0🥡️.®™]a0📌️/home.🥡️.®™]a0📌️/!.inst.🫕️.®™/+x/:/usr/local/sbin:/usr/local/bin:/usr/sbin:/usr/bin:/sbin:/bin:/usr/games:/usr/local/games:/snap/bin:/snap/bin:/home/no/.local/bin:/home/no/.lmstudio/bin:/home/no/.lmstudio/bin:/home/no/.lmstudio/bin" PKG_CONFIG="/home/no/Desktop/github/riscv_emulator-seulgi-v1/buildroot/output/host/bin/pkg-config" PKG_CONFIG_SYSROOT_DIR="/" PKG_CONFIG_ALLOW_SYSTEM_CFLAGS=1 PKG_CONFIG_ALLOW_SYSTEM_LIBS=1 PKG_CONFIG_LIBDIR="/home/no/Desktop/github/riscv_emulator-seulgi-v1/buildroot/output/host/lib/pkgconfig:/home/no/Desktop/github/riscv_emulator-seulgi-v1/buildroot/output/host/share/pkgconfig"  /usr/bin/make   -C /home/no/Desktop/github/riscv_emulator-seulgi-v1/buildroot/output/build/host-tar-1.35/
/usr/bin/make  all-recursive
Making all in doc
make[4]: Nothing to be done for 'all'.
Making all in gnu
  GEN      alloca.h
  GEN      configmake.h
  GEN      ctype.h
  GEN      error.h
  GEN      dirent.h
  GEN      fcntl.h
  GEN      getopt.h
  GEN      getopt-cdefs.h
  GEN      malloc/dynarray.gl.h
  GEN      malloc/dynarray-skeleton.gl.h
  GEN      malloc/scratch_buffer.gl.h
  GEN      inttypes.h
  GEN      langinfo.h
  GEN      limits.h
  GEN      locale.h
  GEN      selinux/selinux.h
  GEN      selinux/context.h
  GEN      selinux/label.h
  GEN      signal.h
  GEN      stdckdint.h
  GEN      stddef.h
  GEN      stdio.h
  GEN      stdlib.h
  GEN      string.h
  GEN      strings.h
  GEN      sys/random.h
  GEN      sys/stat.h
  GEN      sys/time.h
  GEN      sys/types.h
  GEN      time.h
  GEN      uchar.h
  GEN      unicase.h
  GEN      unictype.h
  GEN      uninorm.h
  GEN      unitypes.h
  GEN      unistd.h
  GEN      uniwidth.h
  GEN      utime.h
  GEN      wchar.h
  GEN      wctype.h
/usr/bin/make  all-recursive
  CC       libgnu_a-acl-errno-valid.o
  CC       libgnu_a-acl-internal.o
  CC       libgnu_a-get-permissions.o
  CC       libgnu_a-set-permissions.o
  CC       libgnu_a-allocator.o
  CC       libgnu_a-areadlink.o
  CC       libgnu_a-areadlink-with-size.o
  CC       libgnu_a-areadlinkat.o
  CC       libgnu_a-areadlinkat-with-size.o
  CC       libgnu_a-argmatch.o
  CC       libgnu_a-argp-ba.o
  CC       libgnu_a-argp-eexst.o
  CC       libgnu_a-argp-fmtstream.o
  CC       libgnu_a-argp-fs-xinl.o
  CC       libgnu_a-argp-help.o
  CC       libgnu_a-argp-parse.o
  CC       libgnu_a-argp-pin.o
  CC       libgnu_a-argp-pv.o
  CC       libgnu_a-argp-pvh.o
  CC       libgnu_a-argp-xinl.o
  CC       libgnu_a-argp-version-etc.o
  CC       libgnu_a-openat-proc.o
  CC       libgnu_a-backupfile.o
  CC       libgnu_a-backup-find.o
  CC       libgnu_a-basename-lgpl.o
  CC       libgnu_a-bitrotate.o
  CC       libgnu_a-btowc.o
  CC       libgnu_a-c-ctype.o
  CC       libgnu_a-c-strcasecmp.o
  CC       libgnu_a-c-strncasecmp.o
  CC       libgnu_a-c32isalnum.o
  CC       libgnu_a-c32isalpha.o
  CC       libgnu_a-c32isblank.o
  CC       libgnu_a-c32iscntrl.o
  CC       libgnu_a-c32isdigit.o
  CC       libgnu_a-c32isgraph.o
  CC       libgnu_a-c32islower.o
  CC       libgnu_a-c32isprint.o
  CC       libgnu_a-c32ispunct.o
  CC       libgnu_a-c32isspace.o
  CC       libgnu_a-c32isupper.o
  CC       libgnu_a-c32isxdigit.o
  CC       libgnu_a-c32tolower.o
  CC       libgnu_a-c32width.o
  CC       libgnu_a-careadlinkat.o
  CC       libgnu_a-chdir-long.o
  CC       libgnu_a-close-stream.o
  CC       libgnu_a-cloexec.o
  CC       libgnu_a-closeout.o
  CC       libgnu_a-opendir-safer.o
  CC       libgnu_a-dirname.o
careadlinkat.c: In function ‘careadlinkat’:
careadlinkat.c:176:5: warning: #warning "GCC might issue a bogus -Wreturn-local-addr warning here." [-Wcpp]
  176 |    #warning "GCC might issue a bogus -Wreturn-local-addr warning here."
      |     ^~~~~~~
careadlinkat.c:177:5: warning: #warning "See <https://gcc.gnu.org/bugzilla/show_bug.cgi?id=93644>." [-Wcpp]
  177 |    #warning "See <https://gcc.gnu.org/bugzilla/show_bug.cgi?id=93644>."
      |     ^~~~~~~
careadlinkat.c:180:10: warning: function may return address of local variable [-Wreturn-local-addr]
  180 |   return readlink_stk (fd, filename, buffer, buffer_size, alloc,
      |          ^~~~~~~~~~~~~~~~~~~~~~~~~~~~~~~~~~~~~~~~~~~~~~~~~~~~~~~
  181 |                        preadlinkat, stack_buf);
      |                        ~~~~~~~~~~~~~~~~~~~~~~~
careadlinkat.c:179:8: note: declared here
  179 |   char stack_buf[STACK_BUF_SIZE];
      |        ^~~~~~~~~
  CC       libgnu_a-basename.o
  CC       libgnu_a-dirname-lgpl.o
  CC       libgnu_a-stripslash.o
  CC       libgnu_a-exclude.o
  CC       libgnu_a-exitfail.o
  CC       libgnu_a-creat-safer.o
  CC       libgnu_a-fcntl.o
  CC       libgnu_a-open-safer.o
  CC       libgnu_a-fd-hook.o
  CC       libgnu_a-fd-safer-flag.o
  CC       libgnu_a-dup-safer-flag.o
  CC       libgnu_a-fdutimensat.o
  CC       libgnu_a-file-has-acl.o
  CC       libgnu_a-filenamecat-lgpl.o
  CC       libgnu_a-fprintftime.o
  CC       libgnu_a-fseek.o
  CC       libgnu_a-fseeko.o
  CC       libgnu_a-full-read.o
  CC       libgnu_a-full-write.o
  CC       libgnu_a-getopt.o
  CC       libgnu_a-getopt1.o
  CC       libgnu_a-getprogname.o
  CC       libgnu_a-gettime.o
  CC       libgnu_a-hard-locale.o
  CC       libgnu_a-hash.o
  CC       libgnu_a-human.o
  CC       libgnu_a-ialloc.o
  CC       libgnu_a-imaxtostr.o
  CC       libgnu_a-inttostr.o
  CC       libgnu_a-offtostr.o
  CC       libgnu_a-uinttostr.o
  CC       libgnu_a-umaxtostr.o
  CC       libgnu_a-localcharset.o
  CC       libgnu_a-malloca.o
  CC       libgnu_a-mbchar.o
  CC       libgnu_a-mbrtoc32.o
  CC       libgnu_a-mbrtowc.o
  CC       libgnu_a-mbscasecmp.o
  CC       libgnu_a-mbsrtowcs.o
  CC       libgnu_a-mbuiter.o
  CC       libgnu_a-modechange.o
  CC       libgnu_a-nstrftime.o
  CC       libgnu_a-obstack.o
  CC       libgnu_a-openat-die.o
  CC       libgnu_a-openat-safer.o
  CC       libgnu_a-opendirat.o
  CC       libgnu_a-parse-datetime.o
  CC       libgnu_a-priv-set.o
  CC       libgnu_a-progname.o
  CC       libgnu_a-quotearg.o
  CC       libgnu_a-renameatu.o
  CC       libgnu_a-safe-read.o
  CC       libgnu_a-safe-write.o
  CC       libgnu_a-save-cwd.o
  CC       libgnu_a-savedir.o
  CC       libgnu_a-selinux-at.o
  CC       libgnu_a-se-context.o
  CC       libgnu_a-se-label.o
  CC       libgnu_a-se-selinux.o
  CC       libgnu_a-setlocale_null.o
  CC       libgnu_a-stdopen.o
  CC       libgnu_a-stat-time.o
  CC       libgnu_a-strnlen1.o
  CC       libgnu_a-strtol.o
  CC       libgnu_a-strtoll.o
  CC       libgnu_a-strtoul.o
  CC       libgnu_a-strtoull.o
  CC       libgnu_a-tempname.o
  CC       libgnu_a-time_rz.o
  CC       libgnu_a-timegm.o
  CC       libgnu_a-timespec.o
  CC       libgnu_a-timespec-sub.o
  CC       libgnu_a-unistd.o
  CC       libgnu_a-dup-safer.o
  CC       libgnu_a-fd-safer.o
  CC       libgnu_a-pipe-safer.o
  CC       libgnu_a-unlinkdir.o
  CC       libgnu_a-utimens.o
  CC       libgnu_a-version-etc.o
  CC       libgnu_a-version-etc-fsf.o
  CC       libgnu_a-wctype-h.o
  CC       libgnu_a-xmalloc.o
  CC       libgnu_a-xalloc-die.o
  CC       libgnu_a-xgetcwd.o
  CC       libgnu_a-xsize.o
  CC       libgnu_a-xstrtol.o
  CC       libgnu_a-xstrtoul.o
  CC       libgnu_a-xstrtoumax.o
  CC       libgnu_a-xvasprintf.o
  CC       libgnu_a-xasprintf.o
  CC       asnprintf.o
  CC       fopen.o
  CC       mbsrtowcs-state.o
  CC       mktime.o
  CC       printf-args.o
  CC       printf-parse.o
  CC       vasnprintf.o
  CC       malloc/libgnu_a-dynarray_at_failure.o
  CC       malloc/libgnu_a-dynarray_emplace_enlarge.o
  CC       malloc/libgnu_a-dynarray_finalize.o
  CC       malloc/libgnu_a-dynarray_resize.o
  CC       malloc/libgnu_a-dynarray_resize_clear.o
  CC       malloc/libgnu_a-scratch_buffer_grow.o
  CC       malloc/libgnu_a-scratch_buffer_grow_preserve.o
  CC       malloc/libgnu_a-scratch_buffer_set_array_size.o
  CC       unicase/libgnu_a-tolower.o
  CC       unictype/libgnu_a-ctype_alnum.o
  CC       unictype/libgnu_a-ctype_alpha.o
  CC       unictype/libgnu_a-ctype_blank.o
  CC       unictype/libgnu_a-ctype_cntrl.o
  CC       unictype/libgnu_a-ctype_digit.o
  CC       unictype/libgnu_a-ctype_graph.o
  CC       unictype/libgnu_a-ctype_lower.o
  CC       unictype/libgnu_a-ctype_print.o
  CC       unictype/libgnu_a-ctype_punct.o
  CC       unictype/libgnu_a-ctype_space.o
  CC       unictype/libgnu_a-ctype_upper.o
  CC       unictype/libgnu_a-ctype_xdigit.o
  CC       uniwidth/libgnu_a-width.o
  AR       libgnu.a
Making all in lib
  GEN      rmt-command.h
/usr/bin/make  all-am
  CC       paxerror.o
  CC       paxexit-status.o
  CC       paxnames.o
  CC       rtapelib.o
  CC       wordsplit.o
  CC       xattr-at.o
  AR       libtar.a
Making all in rmt
  CC       rmt.o
  CCLD     rmt
Making all in src
  CC       buffer.o
  CC       checkpoint.o
  CC       compare.o
  CC       delete.o
  CC       create.o
  CC       exit.o
  CC       exclist.o
  CC       extract.o
  CC       xheader.o
  CC       incremen.o
  CC       list.o
  CC       map.o
  CC       misc.o
  CC       names.o
  CC       sparse.o
  CC       suffix.o
  CC       system.o
  CC       tar.o
  CC       transform.o
  CC       unlink.o
  CC       update.o
  CC       utf8.o
  CC       warning.o
  CC       xattrs.o
  CCLD     tar
Making all in scripts
make[4]: Nothing to be done for 'all'.
Making all in po
make[4]: Nothing to be done for 'all'.
Making all in tests
make[4]: Nothing to be done for 'all'.
>>> host-tar 1.35 Installing to host directory
GIT_DIR=. PATH="/home/no/Desktop/github/riscv_emulator-seulgi-v1/buildroot/output/host/bin:/home/no/Desktop/github/riscv_emulator-seulgi-v1/buildroot/output/host/sbin:/home/no/.local/bin:/home/no/.local/bin:/home/no/bin:/media/no/b7ced73c-5231-4462-b98d-64e38fe2df9e/home/jbez/Desktop/!.📶️.SHARE]/!.🦾️].fullsharezip/💪🏾️].no-desk.sharezip/📲️📵️.GTFO.flxbx.📦️arcbit♏️/#.⛷️LOOSE-TANGENT]2wild]🎄️⛷️/🪆️.a0/📟️.a0/🎓️/🧼️/🥌️🗡️🛡️🧷️/🛡️.ARMOR.OF.WAR.NOW!]a1/🌐️🗺️🧫️.voxel_sphere_lab]a0/2.Mid.urf.PLAY]loglev]🪓️🤓️🪄️🪵️a0/🧪️]jul8.🏚️.®™]d10/jl69.🥡️.®™]🟦🟥️🟨️]a0/!.🚦️🏎️🏎️🏎️]a3]GOIN!/Fas7.🥡️.®™]🔳️⏹️]E6/earf.🌎️.®™/Lnd1.🏝️.®™/crsr.🗡️.®™]g10📌️/env0🥡️.®™]a0📌️/home.🥡️.®™]a0📌️/!.inst.🫕️.®™/+x/:/home/no/.grok/bin:/home/no/.opencode/bin:/home/no/.local/bin:/usr/local/bin:/usr/local/qt4/bin:/usr/local/qt4/bin:/home/no/.nvm/versions/node/v22.11.0/bin:/home/no/.local/bin:/home/no/.cargo/bin:/home/no/.local/bin:/home/no/bin:/media/no/b7ced73c-5231-4462-b98d-64e38fe2df9e/home/jbez/Desktop/!.📶️.SHARE]/!.🦾️].fullsharezip/💪🏾️].no-desk.sharezip/📲️📵️.GTFO.flxbx.📦️arcbit♏️/#.⛷️LOOSE-TANGENT]2wild]🎄️⛷️/🪆️.a0/📟️.a0/🎓️/🧼️/🥌️🗡️🛡️🧷️/🛡️.ARMOR.OF.WAR.NOW!]a1/🌐️🗺️🧫️.voxel_sphere_lab]a0/2.Mid.urf.PLAY]loglev]🪓️🤓️🪄️🪵️a0/🧪️]jul8.🏚️.®™]d10/jl69.🥡️.®™]🟦🟥️🟨️]a0/!.🚦️🏎️🏎️🏎️]a3]GOIN!/Fas7.🥡️.®™]🔳️⏹️]E6/earf.🌎️.®™/Lnd1.🏝️.®™/crsr.🗡️.®™]g10📌️/env0🥡️.®™]a0📌️/home.🥡️.®™]a0📌️/!.inst.🫕️.®™/+x/:/usr/local/sbin:/usr/local/bin:/usr/sbin:/usr/bin:/sbin:/bin:/usr/games:/usr/local/games:/snap/bin:/snap/bin:/home/no/.local/bin:/home/no/.lmstudio/bin:/home/no/.lmstudio/bin:/home/no/.lmstudio/bin" PKG_CONFIG="/home/no/Desktop/github/riscv_emulator-seulgi-v1/buildroot/output/host/bin/pkg-config" PKG_CONFIG_SYSROOT_DIR="/" PKG_CONFIG_ALLOW_SYSTEM_CFLAGS=1 PKG_CONFIG_ALLOW_SYSTEM_LIBS=1 PKG_CONFIG_LIBDIR="/home/no/Desktop/github/riscv_emulator-seulgi-v1/buildroot/output/host/lib/pkgconfig:/home/no/Desktop/github/riscv_emulator-seulgi-v1/buildroot/output/host/share/pkgconfig"  /usr/bin/make  install -C /home/no/Desktop/github/riscv_emulator-seulgi-v1/buildroot/output/build/host-tar-1.35/
Making install in doc
make[4]: Nothing to be done for 'install-exec-am'.
 /usr/bin/mkdir -p '/home/no/Desktop/github/riscv_emulator-seulgi-v1/buildroot/output/host/share/man/man1'
 /usr/bin/mkdir -p '/home/no/Desktop/github/riscv_emulator-seulgi-v1/buildroot/output/host/share/man/man8'
 /usr/bin/mkdir -p '/home/no/Desktop/github/riscv_emulator-seulgi-v1/buildroot/output/host/share/info'
 /usr/bin/install -c -m 644 rmt.8 '/home/no/Desktop/github/riscv_emulator-seulgi-v1/buildroot/output/host/share/man/man8'
 /usr/bin/install -c -m 644 tar.1 '/home/no/Desktop/github/riscv_emulator-seulgi-v1/buildroot/output/host/share/man/man1'
 /usr/bin/install -c -m 644 ./tar.info ./tar.info-1 ./tar.info-2 ./tar.info-3 '/home/no/Desktop/github/riscv_emulator-seulgi-v1/buildroot/output/host/share/info'
 install-info --info-dir='/home/no/Desktop/github/riscv_emulator-seulgi-v1/buildroot/output/host/share/info' '/home/no/Desktop/github/riscv_emulator-seulgi-v1/buildroot/output/host/share/info/tar.info'
Making install in gnu
/usr/bin/make  install-recursive
make[6]: Nothing to be done for 'install-exec-am'.
make[6]: Nothing to be done for 'install-data-am'.
Making install in lib
/usr/bin/make  install-am
make[5]: Nothing to be done for 'install-exec-am'.
make[5]: Nothing to be done for 'install-data-am'.
Making install in rmt
make[4]: Nothing to be done for 'install-exec-am'.
 /usr/bin/mkdir -p '/home/no/Desktop/github/riscv_emulator-seulgi-v1/buildroot/output/host/libexec'
  /usr/bin/install -c rmt '/home/no/Desktop/github/riscv_emulator-seulgi-v1/buildroot/output/host/libexec'
Making install in src
make[4]: Nothing to be done for 'install-data-am'.
 /usr/bin/mkdir -p '/home/no/Desktop/github/riscv_emulator-seulgi-v1/buildroot/output/host/bin'
  /usr/bin/install -c tar '/home/no/Desktop/github/riscv_emulator-seulgi-v1/buildroot/output/host/bin'
Making install in scripts
make[4]: Nothing to be done for 'install-data-am'.
Making install in po
if test "tar" = "gettext-tools"; then \
  /usr/bin/mkdir -p /home/no/Desktop/github/riscv_emulator-seulgi-v1/buildroot/output/host/share/gettext/po; \
  for file in Makefile.in.in remove-potcdate.sin quot.sed boldquot.sed en@quot.header en@boldquot.header insert-header.sin Rules-quot   Makevars.template; do \
    /usr/bin/install -c -m 644 ./$file \
		    /home/no/Desktop/github/riscv_emulator-seulgi-v1/buildroot/output/host/share/gettext/po/$file; \
  done; \
  for file in Makevars; do \
    rm -f /home/no/Desktop/github/riscv_emulator-seulgi-v1/buildroot/output/host/share/gettext/po/$file; \
  done; \
else \
  : ; \
fi
Making install in tests
make[4]: Nothing to be done for 'install-exec-am'.
make[4]: Nothing to be done for 'install-data-am'.
make[4]: Nothing to be done for 'install-exec-am'.
make[4]: Nothing to be done for 'install-data-am'.
>>> host-pkgconf 2.3.0 Extracting
xzcat /home/no/Desktop/github/riscv_emulator-seulgi-v1/buildroot/dl/pkgconf/pkgconf-2.3.0.tar.xz | /home/no/Desktop/github/riscv_emulator-seulgi-v1/buildroot/output/host/bin/tar --strip-components=1 -C /home/no/Desktop/github/riscv_emulator-seulgi-v1/buildroot/output/build/host-pkgconf-2.3.0   -xf -
>>> host-pkgconf 2.3.0 Patching

Applying 0001-Only-prefix-with-the-sysroot-a-subset-of-variables.patch using patch: 
patching file libpkgconf/tuple.c
>>> host-pkgconf 2.3.0 Updating config.sub and config.guess
for file in config.guess config.sub; do for i in $(find /home/no/Desktop/github/riscv_emulator-seulgi-v1/buildroot/output/build/host-pkgconf-2.3.0 -name $file); do cp support/gnuconfig/$file $i; done; done
>>> host-pkgconf 2.3.0 Patching libtool
patching file /home/no/Desktop/github/riscv_emulator-seulgi-v1/buildroot/output/build/host-pkgconf-2.3.0/ltmain.sh
Hunk #1 succeeded at 2947 (offset 260 lines).
Hunk #2 succeeded at 4540 (offset 263 lines).
Hunk #3 succeeded at 6836 (offset 282 lines).
Hunk #4 succeeded at 6846 (offset 282 lines).
Hunk #5 succeeded at 7146 (offset 289 lines).
Hunk #6 succeeded at 7450 (offset 301 lines).
Hunk #7 succeeded at 8426 (offset 314 lines).
Hunk #8 succeeded at 11064 (offset 354 lines).
>>> host-pkgconf 2.3.0 Configuring
(cd /home/no/Desktop/github/riscv_emulator-seulgi-v1/buildroot/output/build/host-pkgconf-2.3.0/ && rm -rf config.cache; GIT_DIR=. PATH="/home/no/Desktop/github/riscv_emulator-seulgi-v1/buildroot/output/host/bin:/home/no/Desktop/github/riscv_emulator-seulgi-v1/buildroot/output/host/sbin:/home/no/.local/bin:/home/no/.local/bin:/home/no/bin:/media/no/b7ced73c-5231-4462-b98d-64e38fe2df9e/home/jbez/Desktop/!.📶️.SHARE]/!.🦾️].fullsharezip/💪🏾️].no-desk.sharezip/📲️📵️.GTFO.flxbx.📦️arcbit♏️/#.⛷️LOOSE-TANGENT]2wild]🎄️⛷️/🪆️.a0/📟️.a0/🎓️/🧼️/🥌️🗡️🛡️🧷️/🛡️.ARMOR.OF.WAR.NOW!]a1/🌐️🗺️🧫️.voxel_sphere_lab]a0/2.Mid.urf.PLAY]loglev]🪓️🤓️🪄️🪵️a0/🧪️]jul8.🏚️.®™]d10/jl69.🥡️.®™]🟦🟥️🟨️]a0/!.🚦️🏎️🏎️🏎️]a3]GOIN!/Fas7.🥡️.®™]🔳️⏹️]E6/earf.🌎️.®™/Lnd1.🏝️.®™/crsr.🗡️.®™]g10📌️/env0🥡️.®™]a0📌️/home.🥡️.®™]a0📌️/!.inst.🫕️.®™/+x/:/home/no/.grok/bin:/home/no/.opencode/bin:/home/no/.local/bin:/usr/local/bin:/usr/local/qt4/bin:/usr/local/qt4/bin:/home/no/.nvm/versions/node/v22.11.0/bin:/home/no/.local/bin:/home/no/.cargo/bin:/home/no/.local/bin:/home/no/bin:/media/no/b7ced73c-5231-4462-b98d-64e38fe2df9e/home/jbez/Desktop/!.📶️.SHARE]/!.🦾️].fullsharezip/💪🏾️].no-desk.sharezip/📲️📵️.GTFO.flxbx.📦️arcbit♏️/#.⛷️LOOSE-TANGENT]2wild]🎄️⛷️/🪆️.a0/📟️.a0/🎓️/🧼️/🥌️🗡️🛡️🧷️/🛡️.ARMOR.OF.WAR.NOW!]a1/🌐️🗺️🧫️.voxel_sphere_lab]a0/2.Mid.urf.PLAY]loglev]🪓️🤓️🪄️🪵️a0/🧪️]jul8.🏚️.®™]d10/jl69.🥡️.®™]🟦🟥️🟨️]a0/!.🚦️🏎️🏎️🏎️]a3]GOIN!/Fas7.🥡️.®™]🔳️⏹️]E6/earf.🌎️.®™/Lnd1.🏝️.®™/crsr.🗡️.®™]g10📌️/env0🥡️.®™]a0📌️/home.🥡️.®™]a0📌️/!.inst.🫕️.®™/+x/:/usr/local/sbin:/usr/local/bin:/usr/sbin:/usr/bin:/sbin:/bin:/usr/games:/usr/local/games:/snap/bin:/snap/bin:/home/no/.local/bin:/home/no/.lmstudio/bin:/home/no/.lmstudio/bin:/home/no/.lmstudio/bin" PKG_CONFIG="/home/no/Desktop/github/riscv_emulator-seulgi-v1/buildroot/output/host/bin/pkg-config" PKG_CONFIG_SYSROOT_DIR="/" PKG_CONFIG_ALLOW_SYSTEM_CFLAGS=1 PKG_CONFIG_ALLOW_SYSTEM_LIBS=1 PKG_CONFIG_LIBDIR="/home/no/Desktop/github/riscv_emulator-seulgi-v1/buildroot/output/host/lib/pkgconfig:/home/no/Desktop/github/riscv_emulator-seulgi-v1/buildroot/output/host/share/pkgconfig" AR="/usr/bin/ar" AS="/usr/bin/as" LD="/usr/bin/ld" NM="/usr/bin/nm" CC="/usr/bin/gcc" GCC="/usr/bin/gcc" CXX="/usr/bin/g++" CPP="/usr/bin/cpp" OBJCOPY="/usr/bin/objcopy" RANLIB="/usr/bin/ranlib" CPPFLAGS="-I/home/no/Desktop/github/riscv_emulator-seulgi-v1/buildroot/output/host/include" CFLAGS="-O2 -I/home/no/Desktop/github/riscv_emulator-seulgi-v1/buildroot/output/host/include" CXXFLAGS="-O2 -I/home/no/Desktop/github/riscv_emulator-seulgi-v1/buildroot/output/host/include" LDFLAGS="-L/home/no/Desktop/github/riscv_emulator-seulgi-v1/buildroot/output/host/lib -Wl,-rpath,/home/no/Desktop/github/riscv_emulator-seulgi-v1/buildroot/output/host/lib" INTLTOOL_PERL=/usr/bin/perl CC="/usr/bin/gcc" CXX="/usr/bin/g++" CONFIG_SITE=/dev/null ./configure --prefix="/home/no/Desktop/github/riscv_emulator-seulgi-v1/buildroot/output/host" --sysconfdir="/home/no/Desktop/github/riscv_emulator-seulgi-v1/buildroot/output/host/etc" --localstatedir="/home/no/Desktop/github/riscv_emulator-seulgi-v1/buildroot/output/host/var" --enable-shared --disable-static --disable-gtk-doc --disable-gtk-doc-html --disable-doc --disable-docs --disable-documentation --disable-debug --with-xmlto=no --with-fop=no --disable-nls --disable-dependency-tracking   )
configure: WARNING: unrecognized options: --disable-gtk-doc, --disable-gtk-doc-html, --disable-doc, --disable-docs, --disable-documentation, --disable-debug, --with-xmlto, --with-fop, --disable-nls
checking for gcc... /usr/bin/gcc
checking whether the C compiler works... yes
checking for C compiler default output file name... a.out
checking for suffix of executables... 
checking whether we are cross compiling... no
checking for suffix of object files... o
checking whether the compiler supports GNU C... yes
checking whether /usr/bin/gcc accepts -g... yes
checking for /usr/bin/gcc option to enable C11 features... none needed
checking whether /usr/bin/gcc understands -c and -o together... yes
checking whether C compiler accepts -Wall... yes
checking whether C compiler accepts -Wextra... yes
checking whether C compiler accepts -Wformat=2... yes
checking whether C compiler accepts -std=gnu99... yes
checking for /usr/bin/gcc options needed to detect all undeclared functions... none needed
checking whether strlcpy is declared... no
checking whether strlcat is declared... no
checking whether strndup is declared... yes
checking for stdio.h... yes
checking for stdlib.h... yes
checking for string.h... yes
checking for inttypes.h... yes
checking for stdint.h... yes
checking for strings.h... yes
checking for sys/stat.h... yes
checking for sys/types.h... yes
checking for unistd.h... yes
checking whether reallocarray is declared... yes
checking for sys/stat.h... (cached) yes
checking for a BSD-compatible install... /usr/bin/install -c
checking whether sleep supports fractional seconds... yes
checking filesystem timestamp resolution... 0.01
checking whether build environment is sane... yes
checking for a race-free mkdir -p... /usr/bin/mkdir -p
checking for gawk... gawk
checking whether make sets $(MAKE)... yes
checking whether make supports the include directive... yes (GNU style)
checking whether make supports nested variables... yes
checking xargs -n works... yes
checking dependency style of /usr/bin/gcc... none
checking build system type... x86_64-pc-linux-gnu
checking host system type... x86_64-pc-linux-gnu
checking how to print strings... printf
checking for a sed that does not truncate output... /usr/bin/sed
checking for grep that handles long lines and -e... /usr/bin/grep
checking for egrep... /usr/bin/grep -E
checking for fgrep... /usr/bin/grep -F
checking for ld used by /usr/bin/gcc... /usr/bin/ld
checking if the linker (/usr/bin/ld) is GNU ld... yes
checking for BSD- or MS-compatible name lister (nm)... /usr/bin/nm
checking the name lister (/usr/bin/nm) interface... BSD nm
checking whether ln -s works... yes
checking the maximum length of command line arguments... 1572864
checking how to convert x86_64-pc-linux-gnu file names to x86_64-pc-linux-gnu format... func_convert_file_noop
checking how to convert x86_64-pc-linux-gnu file names to toolchain format... func_convert_file_noop
checking for /usr/bin/ld option to reload object files... -r
checking for file... file
checking for objdump... objdump
checking how to recognize dependent libraries... pass_all
checking for dlltool... no
checking how to associate runtime and link libraries... printf %s\n
checking for archiver @FILE support... @
checking for strip... strip
checking for ranlib... /usr/bin/ranlib
checking command to parse /usr/bin/nm output from /usr/bin/gcc object... ok
checking for sysroot... no
checking for a working dd... /usr/bin/dd
checking how to truncate binary pipes... /usr/bin/dd bs=4096 count=1
checking for mt... mt
checking if mt is a manifest tool... no
checking for dlfcn.h... yes
checking for objdir... .libs
checking if /usr/bin/gcc supports -fno-rtti -fno-exceptions... no
checking for /usr/bin/gcc option to produce PIC... -fPIC -DPIC
checking if /usr/bin/gcc PIC flag -fPIC -DPIC works... yes
checking if /usr/bin/gcc static flag -static works... yes
checking if /usr/bin/gcc supports -c -o file.o... yes
checking if /usr/bin/gcc supports -c -o file.o... (cached) yes
checking whether the /usr/bin/gcc linker (/usr/bin/ld -m elf_x86_64) supports shared libraries... yes
checking whether -lc should be explicitly linked in... no
checking dynamic linker characteristics... GNU/Linux ld.so
checking how to hardcode library paths into programs... immediate
checking whether stripping libraries is possible... yes
checking if libtool supports shared libraries... yes
checking whether to build shared libraries... yes
checking whether to build static libraries... no
checking for /usr/bin/gcc option to enable large file support... none needed
checking how to run the C preprocessor... /usr/bin/cpp
checking for gcc... (cached) /usr/bin/gcc
checking whether the compiler supports GNU C... (cached) yes
checking whether /usr/bin/gcc accepts -g... (cached) yes
checking for /usr/bin/gcc option to enable C11 features... (cached) none needed
checking whether /usr/bin/gcc understands -c and -o together... (cached) yes
checking whether ln -s works... yes
checking that generated files are newer than configure... done
configure: creating ./config.status
config.status: creating Makefile
config.status: creating Kyuafile
config.status: creating libpkgconf.pc
config.status: creating tests/Kyuafile
config.status: creating tests/test_env.sh
config.status: creating libpkgconf/config.h
config.status: executing depfiles commands
config.status: executing libtool commands
configure: WARNING: unrecognized options: --disable-gtk-doc, --disable-gtk-doc-html, --disable-doc, --disable-docs, --disable-documentation, --disable-debug, --with-xmlto, --with-fop, --disable-nls
>>> host-pkgconf 2.3.0 Building
GIT_DIR=. PATH="/home/no/Desktop/github/riscv_emulator-seulgi-v1/buildroot/output/host/bin:/home/no/Desktop/github/riscv_emulator-seulgi-v1/buildroot/output/host/sbin:/home/no/.local/bin:/home/no/.local/bin:/home/no/bin:/media/no/b7ced73c-5231-4462-b98d-64e38fe2df9e/home/jbez/Desktop/!.📶️.SHARE]/!.🦾️].fullsharezip/💪🏾️].no-desk.sharezip/📲️📵️.GTFO.flxbx.📦️arcbit♏️/#.⛷️LOOSE-TANGENT]2wild]🎄️⛷️/🪆️.a0/📟️.a0/🎓️/🧼️/🥌️🗡️🛡️🧷️/🛡️.ARMOR.OF.WAR.NOW!]a1/🌐️🗺️🧫️.voxel_sphere_lab]a0/2.Mid.urf.PLAY]loglev]🪓️🤓️🪄️🪵️a0/🧪️]jul8.🏚️.®™]d10/jl69.🥡️.®™]🟦🟥️🟨️]a0/!.🚦️🏎️🏎️🏎️]a3]GOIN!/Fas7.🥡️.®™]🔳️⏹️]E6/earf.🌎️.®™/Lnd1.🏝️.®™/crsr.🗡️.®™]g10📌️/env0🥡️.®™]a0📌️/home.🥡️.®™]a0📌️/!.inst.🫕️.®™/+x/:/home/no/.grok/bin:/home/no/.opencode/bin:/home/no/.local/bin:/usr/local/bin:/usr/local/qt4/bin:/usr/local/qt4/bin:/home/no/.nvm/versions/node/v22.11.0/bin:/home/no/.local/bin:/home/no/.cargo/bin:/home/no/.local/bin:/home/no/bin:/media/no/b7ced73c-5231-4462-b98d-64e38fe2df9e/home/jbez/Desktop/!.📶️.SHARE]/!.🦾️].fullsharezip/💪🏾️].no-desk.sharezip/📲️📵️.GTFO.flxbx.📦️arcbit♏️/#.⛷️LOOSE-TANGENT]2wild]🎄️⛷️/🪆️.a0/📟️.a0/🎓️/🧼️/🥌️🗡️🛡️🧷️/🛡️.ARMOR.OF.WAR.NOW!]a1/🌐️🗺️🧫️.voxel_sphere_lab]a0/2.Mid.urf.PLAY]loglev]🪓️🤓️🪄️🪵️a0/🧪️]jul8.🏚️.®™]d10/jl69.🥡️.®™]🟦🟥️🟨️]a0/!.🚦️🏎️🏎️🏎️]a3]GOIN!/Fas7.🥡️.®™]🔳️⏹️]E6/earf.🌎️.®™/Lnd1.🏝️.®™/crsr.🗡️.®™]g10📌️/env0🥡️.®™]a0📌️/home.🥡️.®™]a0📌️/!.inst.🫕️.®™/+x/:/usr/local/sbin:/usr/local/bin:/usr/sbin:/usr/bin:/sbin:/bin:/usr/games:/usr/local/games:/snap/bin:/snap/bin:/home/no/.local/bin:/home/no/.lmstudio/bin:/home/no/.lmstudio/bin:/home/no/.lmstudio/bin" PKG_CONFIG="/home/no/Desktop/github/riscv_emulator-seulgi-v1/buildroot/output/host/bin/pkg-config" PKG_CONFIG_SYSROOT_DIR="/" PKG_CONFIG_ALLOW_SYSTEM_CFLAGS=1 PKG_CONFIG_ALLOW_SYSTEM_LIBS=1 PKG_CONFIG_LIBDIR="/home/no/Desktop/github/riscv_emulator-seulgi-v1/buildroot/output/host/lib/pkgconfig:/home/no/Desktop/github/riscv_emulator-seulgi-v1/buildroot/output/host/share/pkgconfig"  /usr/bin/make   -C /home/no/Desktop/github/riscv_emulator-seulgi-v1/buildroot/output/build/host-pkgconf-2.3.0/
  CC       cli/pkgconf-main.o
  CC       cli/pkgconf-getopt_long.o
  CC       cli/pkgconf-renderer-msvc.o
  CC       libpkgconf/audit.lo
  CC       libpkgconf/cache.lo
  CC       libpkgconf/pkg.lo
  CC       libpkgconf/client.lo
  CC       libpkgconf/bsdstubs.lo
  CC       libpkgconf/fragment.lo
  CC       libpkgconf/argvsplit.lo
  CC       libpkgconf/fileio.lo
  CC       libpkgconf/tuple.lo
  CC       libpkgconf/dependency.lo
  CC       libpkgconf/queue.lo
  CC       libpkgconf/path.lo
  CC       libpkgconf/personality.lo
  CC       libpkgconf/parser.lo
  CC       cli/bomtool/bomtool-main.o
  CC       cli/bomtool-getopt_long.o
  CCLD     libpkgconf.la
  CCLD     pkgconf
  CCLD     bomtool
>>> host-pkgconf 2.3.0 Installing to host directory
GIT_DIR=. PATH="/home/no/Desktop/github/riscv_emulator-seulgi-v1/buildroot/output/host/bin:/home/no/Desktop/github/riscv_emulator-seulgi-v1/buildroot/output/host/sbin:/home/no/.local/bin:/home/no/.local/bin:/home/no/bin:/media/no/b7ced73c-5231-4462-b98d-64e38fe2df9e/home/jbez/Desktop/!.📶️.SHARE]/!.🦾️].fullsharezip/💪🏾️].no-desk.sharezip/📲️📵️.GTFO.flxbx.📦️arcbit♏️/#.⛷️LOOSE-TANGENT]2wild]🎄️⛷️/🪆️.a0/📟️.a0/🎓️/🧼️/🥌️🗡️🛡️🧷️/🛡️.ARMOR.OF.WAR.NOW!]a1/🌐️🗺️🧫️.voxel_sphere_lab]a0/2.Mid.urf.PLAY]loglev]🪓️🤓️🪄️🪵️a0/🧪️]jul8.🏚️.®™]d10/jl69.🥡️.®™]🟦🟥️🟨️]a0/!.🚦️🏎️🏎️🏎️]a3]GOIN!/Fas7.🥡️.®™]🔳️⏹️]E6/earf.🌎️.®™/Lnd1.🏝️.®™/crsr.🗡️.®™]g10📌️/env0🥡️.®™]a0📌️/home.🥡️.®™]a0📌️/!.inst.🫕️.®™/+x/:/home/no/.grok/bin:/home/no/.opencode/bin:/home/no/.local/bin:/usr/local/bin:/usr/local/qt4/bin:/usr/local/qt4/bin:/home/no/.nvm/versions/node/v22.11.0/bin:/home/no/.local/bin:/home/no/.cargo/bin:/home/no/.local/bin:/home/no/bin:/media/no/b7ced73c-5231-4462-b98d-64e38fe2df9e/home/jbez/Desktop/!.📶️.SHARE]/!.🦾️].fullsharezip/💪🏾️].no-desk.sharezip/📲️📵️.GTFO.flxbx.📦️arcbit♏️/#.⛷️LOOSE-TANGENT]2wild]🎄️⛷️/🪆️.a0/📟️.a0/🎓️/🧼️/🥌️🗡️🛡️🧷️/🛡️.ARMOR.OF.WAR.NOW!]a1/🌐️🗺️🧫️.voxel_sphere_lab]a0/2.Mid.urf.PLAY]loglev]🪓️🤓️🪄️🪵️a0/🧪️]jul8.🏚️.®™]d10/jl69.🥡️.®™]🟦🟥️🟨️]a0/!.🚦️🏎️🏎️🏎️]a3]GOIN!/Fas7.🥡️.®™]🔳️⏹️]E6/earf.🌎️.®™/Lnd1.🏝️.®™/crsr.🗡️.®™]g10📌️/env0🥡️.®™]a0📌️/home.🥡️.®™]a0📌️/!.inst.🫕️.®™/+x/:/usr/local/sbin:/usr/local/bin:/usr/sbin:/usr/bin:/sbin:/bin:/usr/games:/usr/local/games:/snap/bin:/snap/bin:/home/no/.local/bin:/home/no/.lmstudio/bin:/home/no/.lmstudio/bin:/home/no/.lmstudio/bin" PKG_CONFIG="/home/no/Desktop/github/riscv_emulator-seulgi-v1/buildroot/output/host/bin/pkg-config" PKG_CONFIG_SYSROOT_DIR="/" PKG_CONFIG_ALLOW_SYSTEM_CFLAGS=1 PKG_CONFIG_ALLOW_SYSTEM_LIBS=1 PKG_CONFIG_LIBDIR="/home/no/Desktop/github/riscv_emulator-seulgi-v1/buildroot/output/host/lib/pkgconfig:/home/no/Desktop/github/riscv_emulator-seulgi-v1/buildroot/output/host/share/pkgconfig"  /usr/bin/make  install -C /home/no/Desktop/github/riscv_emulator-seulgi-v1/buildroot/output/build/host-pkgconf-2.3.0/
 /usr/bin/mkdir -p '/home/no/Desktop/github/riscv_emulator-seulgi-v1/buildroot/output/host/lib'
 /usr/bin/mkdir -p '/home/no/Desktop/github/riscv_emulator-seulgi-v1/buildroot/output/host/share/doc/pkgconf'
 /usr/bin/mkdir -p '/home/no/Desktop/github/riscv_emulator-seulgi-v1/buildroot/output/host/share/aclocal'
 /bin/bash ./libtool   --mode=install /usr/bin/install -c   libpkgconf.la '/home/no/Desktop/github/riscv_emulator-seulgi-v1/buildroot/output/host/lib'
 /usr/bin/mkdir -p '/home/no/Desktop/github/riscv_emulator-seulgi-v1/buildroot/output/host/share/man/man1'
 /usr/bin/mkdir -p '/home/no/Desktop/github/riscv_emulator-seulgi-v1/buildroot/output/host/include/pkgconf'
 /usr/bin/mkdir -p '/home/no/Desktop/github/riscv_emulator-seulgi-v1/buildroot/output/host/lib/pkgconfig'
 /usr/bin/mkdir -p '/home/no/Desktop/github/riscv_emulator-seulgi-v1/buildroot/output/host/share/man/man7'
 /usr/bin/mkdir -p '/home/no/Desktop/github/riscv_emulator-seulgi-v1/buildroot/output/host/share/man/man5'
 /usr/bin/install -c -m 644 pkg.m4 '/home/no/Desktop/github/riscv_emulator-seulgi-v1/buildroot/output/host/share/aclocal'
 /usr/bin/install -c -m 644 README.md AUTHORS '/home/no/Desktop/github/riscv_emulator-seulgi-v1/buildroot/output/host/share/doc/pkgconf'
 /usr/bin/install -c -m 644 libpkgconf.pc '/home/no/Desktop/github/riscv_emulator-seulgi-v1/buildroot/output/host/lib/pkgconfig'
 /usr/bin/install -c -m 644 man/pkg.m4.7 '/home/no/Desktop/github/riscv_emulator-seulgi-v1/buildroot/output/host/share/man/man7'
 /usr/bin/install -c -m 644 man/pkgconf.1 '/home/no/Desktop/github/riscv_emulator-seulgi-v1/buildroot/output/host/share/man/man1'
 /usr/bin/install -c -m 644 man/pc.5 man/pkgconf-personality.5 '/home/no/Desktop/github/riscv_emulator-seulgi-v1/buildroot/output/host/share/man/man5'
 /usr/bin/mkdir -p '/home/no/Desktop/github/riscv_emulator-seulgi-v1/buildroot/output/host/include/pkgconf/libpkgconf'
 /usr/bin/install -c -m 644  libpkgconf/bsdstubs.h libpkgconf/iter.h libpkgconf/libpkgconf.h libpkgconf/stdinc.h libpkgconf/libpkgconf-api.h '/home/no/Desktop/github/riscv_emulator-seulgi-v1/buildroot/output/host/include/pkgconf/libpkgconf'
libtool: install: /usr/bin/install -c .libs/libpkgconf.so.5.0.0 /home/no/Desktop/github/riscv_emulator-seulgi-v1/buildroot/output/host/lib/libpkgconf.so.5.0.0
libtool: install: (cd /home/no/Desktop/github/riscv_emulator-seulgi-v1/buildroot/output/host/lib && { ln -s -f libpkgconf.so.5.0.0 libpkgconf.so.5 || { rm -f libpkgconf.so.5 && ln -s libpkgconf.so.5.0.0 libpkgconf.so.5; }; })
libtool: install: (cd /home/no/Desktop/github/riscv_emulator-seulgi-v1/buildroot/output/host/lib && { ln -s -f libpkgconf.so.5.0.0 libpkgconf.so || { rm -f libpkgconf.so && ln -s libpkgconf.so.5.0.0 libpkgconf.so; }; })
libtool: install: /usr/bin/install -c .libs/libpkgconf.lai /home/no/Desktop/github/riscv_emulator-seulgi-v1/buildroot/output/host/lib/libpkgconf.la
libtool: finish: PATH="/home/no/Desktop/github/riscv_emulator-seulgi-v1/buildroot/output/host/bin:/home/no/Desktop/github/riscv_emulator-seulgi-v1/buildroot/output/host/sbin:/home/no/.local/bin:/home/no/.local/bin:/home/no/bin:/media/no/b7ced73c-5231-4462-b98d-64e38fe2df9e/home/jbez/Desktop/!.📶️.SHARE]/!.🦾️].fullsharezip/💪🏾️].no-desk.sharezip/📲️📵️.GTFO.flxbx.📦️arcbit♏️/#.⛷️LOOSE-TANGENT]2wild]🎄️⛷️/🪆️.a0/📟️.a0/🎓️/🧼️/🥌️🗡️🛡️🧷️/🛡️.ARMOR.OF.WAR.NOW!]a1/🌐️🗺️🧫️.voxel_sphere_lab]a0/2.Mid.urf.PLAY]loglev]🪓️🤓️🪄️🪵️a0/🧪️]jul8.🏚️.®™]d10/jl69.🥡️.®™]🟦🟥️🟨️]a0/!.🚦️🏎️🏎️🏎️]a3]GOIN!/Fas7.🥡️.®™]🔳️⏹️]E6/earf.🌎️.®™/Lnd1.🏝️.®™/crsr.🗡️.®™]g10📌️/env0🥡️.®™]a0📌️/home.🥡️.®™]a0📌️/!.inst.🫕️.®™/+x/:/home/no/.grok/bin:/home/no/.opencode/bin:/home/no/.local/bin:/usr/local/bin:/usr/local/qt4/bin:/usr/local/qt4/bin:/home/no/.nvm/versions/node/v22.11.0/bin:/home/no/.local/bin:/home/no/.cargo/bin:/home/no/.local/bin:/home/no/bin:/media/no/b7ced73c-5231-4462-b98d-64e38fe2df9e/home/jbez/Desktop/!.📶️.SHARE]/!.🦾️].fullsharezip/💪🏾️].no-desk.sharezip/📲️📵️.GTFO.flxbx.📦️arcbit♏️/#.⛷️LOOSE-TANGENT]2wild]🎄️⛷️/🪆️.a0/📟️.a0/🎓️/🧼️/🥌️🗡️🛡️🧷️/🛡️.ARMOR.OF.WAR.NOW!]a1/🌐️🗺️🧫️.voxel_sphere_lab]a0/2.Mid.urf.PLAY]loglev]🪓️🤓️🪄️🪵️a0/🧪️]jul8.🏚️.®™]d10/jl69.🥡️.®™]🟦🟥️🟨️]a0/!.🚦️🏎️🏎️🏎️]a3]GOIN!/Fas7.🥡️.®™]🔳️⏹️]E6/earf.🌎️.®™/Lnd1.🏝️.®™/crsr.🗡️.®™]g10📌️/env0🥡️.®™]a0📌️/home.🥡️.®™]a0📌️/!.inst.🫕️.®™/+x/:/usr/local/sbin:/usr/local/bin:/usr/sbin:/usr/bin:/sbin:/bin:/usr/games:/usr/local/games:/snap/bin:/snap/bin:/home/no/.local/bin:/home/no/.lmstudio/bin:/home/no/.lmstudio/bin:/home/no/.lmstudio/bin:/sbin" ldconfig -n /home/no/Desktop/github/riscv_emulator-seulgi-v1/buildroot/output/host/lib
----------------------------------------------------------------------
Libraries have been installed in:
   /home/no/Desktop/github/riscv_emulator-seulgi-v1/buildroot/output/host/lib

If you ever happen to want to link against installed libraries
in a given directory, LIBDIR, you must either use libtool, and
specify the full pathname of the library, or use the '-LLIBDIR'
flag during linking and do at least one of the following:
   - add LIBDIR to the 'LD_LIBRARY_PATH' environment variable
     during execution
   - add LIBDIR to the 'LD_RUN_PATH' environment variable
     during linking
   - use the '-Wl,-rpath -Wl,LIBDIR' linker flag
   - have your system administrator add LIBDIR to '/etc/ld.so.conf'

See any operating system documentation about shared libraries for
more information, such as the ld(1) and ld.so(8) manual pages.
----------------------------------------------------------------------
 /usr/bin/mkdir -p '/home/no/Desktop/github/riscv_emulator-seulgi-v1/buildroot/output/host/bin'
  /bin/bash ./libtool   --mode=install /usr/bin/install -c pkgconf bomtool '/home/no/Desktop/github/riscv_emulator-seulgi-v1/buildroot/output/host/bin'
libtool: install: /usr/bin/install -c pkgconf /home/no/Desktop/github/riscv_emulator-seulgi-v1/buildroot/output/host/bin/pkgconf
libtool: install: /usr/bin/install -c bomtool /home/no/Desktop/github/riscv_emulator-seulgi-v1/buildroot/output/host/bin/bomtool
/usr/bin/install -m 0755 -D package/pkgconf/pkg-config.in /home/no/Desktop/github/riscv_emulator-seulgi-v1/buildroot/output/host/bin/pkg-config
/usr/bin/sed -i -e 's,@STAGING_SUBDIR@,riscv64-buildroot-linux-gnu/sysroot,g' /home/no/Desktop/github/riscv_emulator-seulgi-v1/buildroot/output/host/bin/pkg-config
/usr/bin/sed -i -e 's,@STATIC@,,' /home/no/Desktop/github/riscv_emulator-seulgi-v1/buildroot/output/host/bin/pkg-config
>>> host-m4 1.4.21 Downloading
wget -nd -t 3 --connect-timeout=10 -O '/home/no/Desktop/github/riscv_emulator-seulgi-v1/buildroot/output/build/.m4-1.4.21.tar.xz.BJrcRY/output' 'https://ftpmirror.gnu.org/m4/m4-1.4.21.tar.xz' 
--2026-09-15 11:01:57--  https://ftpmirror.gnu.org/m4/m4-1.4.21.tar.xz
Resolving ftpmirror.gnu.org (ftpmirror.gnu.org)... 2001:470:142:5::200, 209.51.188.200
Connecting to ftpmirror.gnu.org (ftpmirror.gnu.org)|2001:470:142:5::200|:443... connected.
HTTP request sent, awaiting response... 302 Moved Temporarily
Location: https://mirrors.dotsrc.org/gnu/m4/m4-1.4.21.tar.xz [following]
--2026-09-15 11:01:58--  https://mirrors.dotsrc.org/gnu/m4/m4-1.4.21.tar.xz
Resolving mirrors.dotsrc.org (mirrors.dotsrc.org)... 2001:878:346::116, 130.225.254.116
Connecting to mirrors.dotsrc.org (mirrors.dotsrc.org)|2001:878:346::116|:443... connected.
HTTP request sent, awaiting response... 200 OK
Length: 2080016 (2.0M) [application/octet-stream]
Saving to: ‘/home/no/Desktop/github/riscv_emulator-seulgi-v1/buildroot/output/build/.m4-1.4.21.tar.xz.BJrcRY/output’

     0K .......... .......... .......... .......... ..........  2%  168K 12s
    50K .......... .......... .......... .......... ..........  4% 59.8K 22s
   100K .......... .......... .......... .......... ..........  7%  137K 19s
   150K .......... .......... .......... .......... ..........  9%  602K 14s
   200K .......... .......... .......... .......... .......... 12%  435K 12s
   250K .......... .......... .......... .......... .......... 14%  644K 10s
   300K .......... .......... .......... .......... .......... 17%  903K 9s
   350K .......... .......... .......... .......... .......... 19%  879K 8s
   400K .......... .......... .......... .......... .......... 22% 1.41M 7s
   450K .......... .......... .......... .......... .......... 24% 1.46M 6s
   500K .......... .......... .......... .......... .......... 27% 1.46M 5s
   550K .......... .......... .......... .......... .......... 29% 1.67M 5s
   600K .......... .......... .......... .......... .......... 31% 1.58M 4s
   650K .......... .......... .......... .......... .......... 34% 2.42M 4s
   700K .......... .......... .......... .......... .......... 36% 2.39M 4s
   750K .......... .......... .......... .......... .......... 39% 2.31M 3s
   800K .......... .......... .......... .......... .......... 41% 3.12M 3s
   850K .......... .......... .......... .......... .......... 44% 3.35M 3s
   900K .......... .......... .......... .......... .......... 46% 2.71M 2s
   950K .......... .......... .......... .......... .......... 49% 4.41M 2s
  1000K .......... .......... .......... .......... .......... 51% 4.01M 2s
  1050K .......... .......... .......... .......... .......... 54% 3.89M 2s
  1100K .......... .......... .......... .......... .......... 56% 3.76M 2s
  1150K .......... .......... .......... .......... .......... 59% 3.13M 2s
  1200K .......... .......... .......... .......... .......... 61% 2.63M 1s
  1250K .......... .......... .......... .......... .......... 63% 4.28M 1s
  1300K .......... .......... .......... .......... .......... 66% 4.02M 1s
  1350K .......... .......... .......... .......... .......... 68% 5.73M 1s
  1400K .......... .......... .......... .......... .......... 71% 5.66M 1s
  1450K .......... .......... .......... .......... .......... 73% 5.70M 1s
  1500K .......... .......... .......... .......... .......... 76% 5.51M 1s
  1550K .......... .......... .......... .......... .......... 78% 3.67M 1s
  1600K .......... .......... .......... .......... .......... 81% 8.77M 1s
  1650K .......... .......... .......... .......... .......... 83% 7.81K 2s
  1700K .......... .......... .......... .......... .......... 86%  153K 1s
  1750K .......... .......... .......... .......... .......... 88% 11.7K 2s
  1800K .......... .......... .......... .......... .......... 91%  538K 1s
  1850K .......... .......... .......... .......... .......... 93% 3.76M 1s
  1900K .......... .......... .......... .......... .......... 95% 1.06M 1s
  1950K .......... .......... .......... .......... .......... 98% 2.64M 0s
  2000K .......... .......... .......... .                    100% 3.31M=13s

2026-09-15 11:02:18 (151 KB/s) - ‘/home/no/Desktop/github/riscv_emulator-seulgi-v1/buildroot/output/build/.m4-1.4.21.tar.xz.BJrcRY/output’ saved [2080016/2080016]

m4-1.4.21.tar.xz: OK (sha256: f25c6ab51548a73a75558742fb031e0625d6485fe5f9155949d6486a2408ab66)
>>> host-m4 1.4.21 Extracting
xzcat /home/no/Desktop/github/riscv_emulator-seulgi-v1/buildroot/dl/m4/m4-1.4.21.tar.xz | /home/no/Desktop/github/riscv_emulator-seulgi-v1/buildroot/output/host/bin/tar --strip-components=1 -C /home/no/Desktop/github/riscv_emulator-seulgi-v1/buildroot/output/build/host-m4-1.4.21   -xf -
>>> host-m4 1.4.21 Patching
>>> host-m4 1.4.21 Updating config.sub and config.guess
for file in config.guess config.sub; do for i in $(find /home/no/Desktop/github/riscv_emulator-seulgi-v1/buildroot/output/build/host-m4-1.4.21 -name $file); do cp support/gnuconfig/$file $i; done; done
>>> host-m4 1.4.21 Patching libtool
>>> host-m4 1.4.21 Configuring
(cd /home/no/Desktop/github/riscv_emulator-seulgi-v1/buildroot/output/build/host-m4-1.4.21/ && rm -rf config.cache; GIT_DIR=. PATH="/home/no/Desktop/github/riscv_emulator-seulgi-v1/buildroot/output/host/bin:/home/no/Desktop/github/riscv_emulator-seulgi-v1/buildroot/output/host/sbin:/home/no/.local/bin:/home/no/.local/bin:/home/no/bin:/media/no/b7ced73c-5231-4462-b98d-64e38fe2df9e/home/jbez/Desktop/!.📶️.SHARE]/!.🦾️].fullsharezip/💪🏾️].no-desk.sharezip/📲️📵️.GTFO.flxbx.📦️arcbit♏️/#.⛷️LOOSE-TANGENT]2wild]🎄️⛷️/🪆️.a0/📟️.a0/🎓️/🧼️/🥌️🗡️🛡️🧷️/🛡️.ARMOR.OF.WAR.NOW!]a1/🌐️🗺️🧫️.voxel_sphere_lab]a0/2.Mid.urf.PLAY]loglev]🪓️🤓️🪄️🪵️a0/🧪️]jul8.🏚️.®™]d10/jl69.🥡️.®™]🟦🟥️🟨️]a0/!.🚦️🏎️🏎️🏎️]a3]GOIN!/Fas7.🥡️.®™]🔳️⏹️]E6/earf.🌎️.®™/Lnd1.🏝️.®™/crsr.🗡️.®™]g10📌️/env0🥡️.®™]a0📌️/home.🥡️.®™]a0📌️/!.inst.🫕️.®™/+x/:/home/no/.grok/bin:/home/no/.opencode/bin:/home/no/.local/bin:/usr/local/bin:/usr/local/qt4/bin:/usr/local/qt4/bin:/home/no/.nvm/versions/node/v22.11.0/bin:/home/no/.local/bin:/home/no/.cargo/bin:/home/no/.local/bin:/home/no/bin:/media/no/b7ced73c-5231-4462-b98d-64e38fe2df9e/home/jbez/Desktop/!.📶️.SHARE]/!.🦾️].fullsharezip/💪🏾️].no-desk.sharezip/📲️📵️.GTFO.flxbx.📦️arcbit♏️/#.⛷️LOOSE-TANGENT]2wild]🎄️⛷️/🪆️.a0/📟️.a0/🎓️/🧼️/🥌️🗡️🛡️🧷️/🛡️.ARMOR.OF.WAR.NOW!]a1/🌐️🗺️🧫️.voxel_sphere_lab]a0/2.Mid.urf.PLAY]loglev]🪓️🤓️🪄️🪵️a0/🧪️]jul8.🏚️.®™]d10/jl69.🥡️.®™]🟦🟥️🟨️]a0/!.🚦️🏎️🏎️🏎️]a3]GOIN!/Fas7.🥡️.®™]🔳️⏹️]E6/earf.🌎️.®™/Lnd1.🏝️.®™/crsr.🗡️.®™]g10📌️/env0🥡️.®™]a0📌️/home.🥡️.®™]a0📌️/!.inst.🫕️.®™/+x/:/usr/local/sbin:/usr/local/bin:/usr/sbin:/usr/bin:/sbin:/bin:/usr/games:/usr/local/games:/snap/bin:/snap/bin:/home/no/.local/bin:/home/no/.lmstudio/bin:/home/no/.lmstudio/bin:/home/no/.lmstudio/bin" PKG_CONFIG="/home/no/Desktop/github/riscv_emulator-seulgi-v1/buildroot/output/host/bin/pkg-config" PKG_CONFIG_SYSROOT_DIR="/" PKG_CONFIG_ALLOW_SYSTEM_CFLAGS=1 PKG_CONFIG_ALLOW_SYSTEM_LIBS=1 PKG_CONFIG_LIBDIR="/home/no/Desktop/github/riscv_emulator-seulgi-v1/buildroot/output/host/lib/pkgconfig:/home/no/Desktop/github/riscv_emulator-seulgi-v1/buildroot/output/host/share/pkgconfig" AR="/usr/bin/ar" AS="/usr/bin/as" LD="/usr/bin/ld" NM="/usr/bin/nm" CC="/usr/bin/gcc" GCC="/usr/bin/gcc" CXX="/usr/bin/g++" CPP="/usr/bin/cpp" OBJCOPY="/usr/bin/objcopy" RANLIB="/usr/bin/ranlib" CPPFLAGS="-I/home/no/Desktop/github/riscv_emulator-seulgi-v1/buildroot/output/host/include" CFLAGS="-O2 -I/home/no/Desktop/github/riscv_emulator-seulgi-v1/buildroot/output/host/include" CXXFLAGS="-O2 -I/home/no/Desktop/github/riscv_emulator-seulgi-v1/buildroot/output/host/include" LDFLAGS="-L/home/no/Desktop/github/riscv_emulator-seulgi-v1/buildroot/output/host/lib -Wl,-rpath,/home/no/Desktop/github/riscv_emulator-seulgi-v1/buildroot/output/host/lib" INTLTOOL_PERL=/usr/bin/perl  CONFIG_SITE=/dev/null ./configure --prefix="/home/no/Desktop/github/riscv_emulator-seulgi-v1/buildroot/output/host" --sysconfdir="/home/no/Desktop/github/riscv_emulator-seulgi-v1/buildroot/output/host/etc" --localstatedir="/home/no/Desktop/github/riscv_emulator-seulgi-v1/buildroot/output/host/var" --enable-shared --disable-static --disable-gtk-doc --disable-gtk-doc-html --disable-doc --disable-docs --disable-documentation --disable-debug --with-xmlto=no --with-fop=no --disable-nls --disable-dependency-tracking   )
configure: WARNING: unrecognized options: --enable-shared, --disable-static, --disable-gtk-doc, --disable-gtk-doc-html, --disable-doc, --disable-docs, --disable-documentation, --disable-debug, --with-xmlto, --with-fop
checking for a BSD-compatible install... /usr/bin/install -c
checking whether sleep supports fractional seconds... yes
checking filesystem timestamp resolution... 0.01
checking whether build environment is sane... yes
checking for a race-free mkdir -p... /usr/bin/mkdir -p
checking for gawk... gawk
checking whether make sets $(MAKE)... yes
checking whether make supports nested variables... yes
checking xargs -n works... yes
checking whether UID '1000' is supported by ustar format... yes
checking whether GID '1000' is supported by ustar format... yes
checking how to create a ustar tar archive... gnutar
checking for gcc... /usr/bin/gcc
checking whether the C compiler works... yes
checking for C compiler default output file name... a.out
checking for suffix of executables... 
checking whether we are cross compiling... no
checking for suffix of object files... o
checking whether the compiler supports GNU C... yes
checking whether /usr/bin/gcc accepts -g... yes
checking for /usr/bin/gcc option to enable C23 features... unsupported
checking for /usr/bin/gcc option to enable C11 features... none needed
checking whether /usr/bin/gcc understands -c and -o together... yes
checking whether the compiler is clang... no
checking for compiler option needed when checking for declarations... none
checking whether make supports the include directive... yes (GNU style)
checking dependency style of /usr/bin/gcc... none
checking for stdio.h... yes
checking for stdlib.h... yes
checking for string.h... yes
checking for inttypes.h... yes
checking for stdint.h... yes
checking for strings.h... yes
checking for sys/stat.h... yes
checking for sys/types.h... yes
checking for unistd.h... yes
checking for wchar.h... yes
checking for minix/config.h... no
checking for stdbool.h... yes
checking for uchar.h... yes
checking for sys/param.h... yes
checking for sys/socket.h... yes
checking for dirent.h... yes
checking for error.h... yes
checking for stdio_ext.h... yes
checking for threads.h... yes
checking for xlocale.h... no
checking for langinfo.h... yes
checking for getopt.h... yes
checking for sys/process.h... no
checking for iconv.h... yes
checking for limits.h... yes
checking for crtdefs.h... no
checking for wctype.h... yes
checking for math.h... yes
checking for sys/mman.h... yes
checking for obstack.h... yes
checking for pthread.h... yes
checking for malloc.h... yes
checking for spawn.h... yes
checking for libcx/spawn2.h... no
checking for sys/time.h... yes
checking for stdckdint.h... no
checking for sys/random.h... yes
checking for sys/wait.h... yes
checking for features.h... yes
checking for arpa/inet.h... yes
checking for semaphore.h... yes
checking for netdb.h... yes
checking for netinet/in.h... yes
checking for sys/select.h... yes
checking for sys/ioctl.h... yes
checking for sys/un.h... yes
checking for sys/uio.h... yes
checking whether it is safe to define __EXTENSIONS__... yes
checking whether _XOPEN_SOURCE should be defined... no
checking build system type... x86_64-pc-linux-gnu
checking host system type... x86_64-pc-linux-gnu
checking how to run the C preprocessor... /usr/bin/cpp
checking for egrep -e... /usr/bin/grep -E
checking for Minix Amsterdam compiler... no
checking for ar... /usr/bin/ar
checking whether to use C++... no
checking for /usr/bin/gcc option to support large files... none needed
configure: autobuild project... GNU M4
configure: autobuild revision... 1.4.21
configure: autobuild hostname... no-Surface-Laptop-3
configure: autobuild timestamp... 20260915T180236Z
checking for timestamps of last git commit... touch skipped
checking for unsigned long long int... yes
checking for long long int... yes
checking for unsigned long long int... (cached) yes
checking for lstat... yes
checking for btowc... yes
checking for mbrtowc... yes
checking for mbsinit... yes
checking for canonicalize_file_name... yes
checking for realpath... yes
checking for _set_invalid_parameter_handler... no
checking for fchdir... yes
checking for fcntl... yes
checking for symlink... yes
checking for fdopendir... yes
checking for fpurge... no
checking for fstatat... yes
checking for getdtablesize... yes
checking for getlocalename_l... no
checking for getexecname... no
checking for iswcntrl... yes
checking for mbslen... no
checking for mprotect... yes
checking for mkstemp... yes
checking for openat... yes
checking for pipe... yes
checking for posix_spawn_file_actions_addchdir... no
checking for readlink... yes
checking for isblank... yes
checking for iswctype... yes
checking for link... yes
checking for secure_getenv... yes
checking for getuid... yes
checking for geteuid... yes
checking for getgid... yes
checking for getegid... yes
checking for sigaction... yes
checking for sigaltstack... yes
checking for siginterrupt... yes
checking for setrlimit... yes
checking for getrlimit... yes
checking for snprintf... yes
checking for __xpg_strerror_r... yes
checking for vasnprintf... no
checking for wcrtomb... yes
checking for wcwidth... yes
checking for gettimeofday... yes
checking for memset_s... no
checking for pselect... yes
checking for pthread_sigmask... yes
checking for setenv... yes
checking for sleep... yes
checking for shutdown... yes
checking for mquery... no
checking for pstat_getprocvm... no
checking for wctob... yes
checking for size_t... yes
checking for working alloca.h... yes
checking for alloca... yes
checking whether the preprocessor supports include_next... yes
checking whether source code line length is unlimited... yes
checking for inline... inline
checking for wint_t... yes
checking whether wint_t is large enough... yes
checking whether <wchar.h> uses 'inline' correctly... yes
checking for nl_langinfo and CODESET... yes
checking for a traditional french locale... none
checking for ld... /usr/bin/ld
checking if the linker (/usr/bin/ld) is GNU ld... yes
checking for shared library run path origin... done
checking 32-bit host C ABI... no
checking for ELF binary format... yes
checking for the common suffixes of directories in the library search path... lib,lib,lib64
checking whether char8_t is correctly defined... no
checking whether char16_t is correctly defined... yes
checking whether char32_t is correctly defined... yes
checking for bit size of wchar_t... 32
checking for mbstate_t... yes
checking for a traditional japanese locale... none
checking for an english Unicode locale... en_US.UTF-8
checking for a transitional chinese locale... none
checking whether mbrtowc handles incomplete characters... yes
checking whether mbrtowc works as well as mbtowc... guessing yes
checking for /usr/bin/gcc options to detect undeclared functions... none needed
checking for /usr/bin/gcc options to ignore future-version functions... none needed
checking whether mbrtoc32 is declared... yes
checking for mbrtoc32... yes
checking whether mbrtoc32 works as well as mbrtowc... guessing yes
checking whether c32rtomb is declared... yes
checking for c32rtomb... yes
checking whether c32rtomb works as well as wcrtomb... guessing yes
checking whether malloc is ptrdiff_t safe... yes
checking whether malloc, calloc set errno on failure... yes
checking whether lstat correctly handles trailing slash... yes
checking whether // is distinct from /... no
checking whether realpath works... yes
checking for faccessat... yes
checking for getcwd... yes
checking if environ is properly declared... yes
checking for complete errno.h... yes
checking for error... yes
checking whether error_at_line is declared... yes
checking for error_at_line... yes
checking for working error function... yes
checking whether strerror_r is declared... yes
checking whether strerror_r returns char *... yes
checking for mode_t... yes
checking whether ctype.h defines __header_inline... no
checking for sig_atomic_t... yes
checking whether fchdir is declared... yes
checking whether fflush works on input streams... no
checking for working fcntl.h... yes
checking for pid_t... yes
checking for mempcpy... yes
checking for eaccess... yes
checking whether byte ordering is bigendian... no
checking whether fopen recognizes a trailing slash... yes
checking whether frexp() can be used without linking with libm... yes
checking whether alarm is declared... yes
checking whether long double and double are the same... no
checking whether stdin defaults to large file offsets... yes
checking for off64_t... yes
checking for blksize_t... yes
checking for blkcnt_t... yes
checking whether fseeko is declared... yes
checking for fseeko... yes
checking whether fflush works on input streams... (cached) no
checking whether stat file-mode macros are broken... no
checking for C/C++ restrict keyword... __restrict__
checking for nlink_t... yes
checking whether ftello is declared... yes
checking whether ungetc works on arbitrary bytes... yes
checking for ftello... yes
checking whether ftello works... yes
checking whether getcwd (NULL, 0) allocates memory for result... yes
checking for getcwd with POSIX signature... yes
checking whether getcwd is declared... yes
checking whether getdtablesize is declared... yes
checking for pthread.h... (cached) yes
checking for pthread_kill in -lpthread... yes
checking whether POSIX threads API is available... yes
checking whether setlocale (LC_ALL, NULL) is multithread-safe... yes
checking whether setlocale (category, NULL) is multithread-safe... yes
checking whether locale.h defines locale_t... yes
checking for uselocale... yes
checking whether uselocale works... yes
checking for fake locale system (OpenBSD, Android)... no
checking for Solaris 11.4 locale system... no
checking for getopt.h... (cached) yes
checking for getopt_long_only... yes
checking whether getopt is POSIX compatible... yes
checking for working GNU getopt function... yes
checking for working GNU getopt_long function... yes
checking for glibc-compatible sys/cdefs.h... yes
checking host CPU and C ABI... x86_64
checking for iconv... yes
checking for working iconv... yes
checking whether iconv is compatible with its POSIX signature... yes
checking whether limits.h has WORD_BIT, BOOL_WIDTH etc.... yes
checking whether limits.h has SSIZE_MAX... yes
checking whether the compiler produces multi-arch binaries... no
checking whether stdint.h conforms to C99... yes
checking whether stdint.h works without ISO C predefines... yes
checking whether stdint.h has UINTMAX_WIDTH etc.... yes
checking whether INT32_MAX < INTMAX_MAX... yes
checking whether INT64_MAX == LONG_MAX... yes
checking whether UINT32_MAX < UINTMAX_MAX... yes
checking whether UINT64_MAX == ULONG_MAX... yes
checking where to find the exponent in a 'double'... word 1 bit 20
checking where to find the exponent in a 'float'... word 0 bit 23
checking where to find the exponent in a 'long double'... word 2 bit 0
checking whether iswcntrl works... yes
checking for towlower... yes
checking for wctype_t... yes
checking for wctrans_t... yes
checking whether wctype supports the "blank" and "punct" character classes... yes
checking whether langinfo.h defines CODESET... yes
checking whether langinfo.h defines ALTMON_1... yes
checking whether langinfo.h defines ABALTMON_1... no
checking whether langinfo.h defines ERA... yes
checking for good max_align_t... yes
checking whether NULL can be used in arbitrary expressions... yes
checking for unreachable in C... no
checking whether nullptr_t needs <stddef.h>... yes
checking whether <stddef.h> is idempotent... guessing yes
checking whether locale.h defines _locale_t... no
checking whether locale.h conforms to POSIX:2001... yes
checking whether struct lconv is properly defined... yes
checking for CFPreferencesCopyAppValue... no
checking for CFLocaleCopyPreferredLanguages... no
checking for LC_MESSAGES... yes
checking for multithread API to use... none
checking for a sed that does not truncate output... /usr/bin/sed
checking for grep that handles long lines and -e... /usr/bin/grep
checking whether malloc (0) returns nonnull... yes
checking whether NAN macro works... yes
checking whether HUGE_VAL works... yes
checking for MAP_ANONYMOUS... yes
checking whether memchr works... yes
checking whether memrchr is declared... yes
checking whether <limits.h> defines MIN and MAX... no
checking whether <sys/param.h> defines MIN and MAX... yes
checking for obstacks that work with any size object... no
checking for O_CLOEXEC... yes
checking for promoted mode_t type... mode_t
checking for library containing posix_spawn... none required
checking for posix_spawn... yes
checking whether posix_spawn is declared... yes
checking for posix_spawn_file_actions_addchdir_np... yes
checking whether posix_spawn works... yes
checking whether posix_spawn rejects scripts without shebang... yes
checking whether posix_spawnp rejects scripts without shebang... yes
checking whether posix_spawnattr_setschedpolicy is supported... yes
checking whether posix_spawnattr_setschedparam is supported... yes
checking for pthread_t... yes
checking for pthread_spinlock_t... yes
checking for pthread_spin_init... yes
checking for sigset_t... yes
checking for SIGPIPE... yes
checking whether realloc should abort upon undefined behaviour... no
checking for sched.h... yes
checking for struct sched_param... yes
checking for uid_t... yes
checking for gid_t... yes
checking for volatile sig_atomic_t... yes
checking for sighandler_t... yes
checking for egrep... /usr/bin/grep -E
checking whether C symbols are prefixed with underscore at the linker level... no
checking whether snprintf returns a byte count as in C99... yes
checking whether printf supports POSIX/XSI format strings with positions... yes
checking whether snprintf is declared... yes
checking for posix_spawnattr_t... yes
checking for posix_spawn_file_actions_t... yes
checking for __sync_bool_compare_and_swap... yes
checking whether fcloseall is declared... yes
checking whether getw is declared... yes
checking whether putw is declared... yes
checking which flavor of printf attribute matches inttypes macros... system
checking whether ecvt is declared... yes
checking whether fcvt is declared... yes
checking whether gcvt is declared... yes
checking whether MB_CUR_MAX is correct... yes
checking for compiler option needed when checking for future declarations... none
checking whether strdup is declared... yes
checking whether strerror(0) succeeds... yes
checking for strerror_r... yes
checking for strerror_r with POSIX signature... no
checking whether __xpg_strerror_r works... yes
checking whether streq is declared... no
checking whether memeq is declared... no
checking whether strncpy works... yes
checking whether strnlen is declared... yes
checking whether strsignal is declared... yes
checking whether strstr works... yes
checking whether ldexp() can be used without linking with libm... yes
checking for struct timespec in <time.h>... yes
checking for TIME_UTC in <time.h>... yes
checking whether execvpe is declared... yes
checking whether clearerr_unlocked is declared... yes
checking whether feof_unlocked is declared... yes
checking whether ferror_unlocked is declared... yes
checking whether fflush_unlocked is declared... yes
checking whether fgets_unlocked is declared... yes
checking whether fileno_unlocked is declared... yes
checking whether fputc_unlocked is declared... yes
checking whether fputs_unlocked is declared... yes
checking whether fread_unlocked is declared... yes
checking whether fwrite_unlocked is declared... yes
checking whether getc_unlocked is declared... yes
checking whether getchar_unlocked is declared... yes
checking whether putc_unlocked is declared... yes
checking whether putchar_unlocked is declared... yes
checking for inttypes.h... yes
checking for stdint.h... yes
checking for intmax_t... yes
checking whether snprintf truncates the result as in C99... yes
checking for wcslen... yes
checking for snprintf... (cached) yes
checking for strnlen... yes
checking for wcrtomb... (cached) yes
checking whether _snprintf is declared... no
checking whether printf supports size specifiers as in C99... yes
checking whether printf supports size specifiers as in C23... no
checking whether printf supports 'long double' arguments... yes
checking whether printf supports infinite 'double' arguments... yes
checking whether printf supports infinite 'long double' arguments... yes
checking whether printf supports the 'a' and 'A' directives... yes
checking whether printf supports the 'b' directive... yes
checking whether printf supports the 'F' directive... yes
checking whether printf supports the 'ls' directive... yes
checking whether printf supports the 'lc' directive correctly... yes
checking whether printf supports the grouping flag... yes
checking whether printf supports grouping on integers with a precision... guessing yes
checking whether printf supports grouping with a multibyte separator... guessing yes
checking whether printf supports the left-adjust flag correctly... yes
checking whether printf supports the zero flag correctly... yes
checking whether printf supports the alternative flag with a zero precision... yes
checking whether printf supports large precisions... yes
checking whether printf survives out-of-memory conditions... yes
checking for vasprintf... yes
checking whether wcsdup is declared... yes
checking for strerrorname_np... yes
checking whether strerrorname_np works... yes
checking for C compiler option to allow warnings... -Wno-error
checking whether <sys/socket.h> is self-contained... yes
checking for shutdown... (cached) yes
checking whether <sys/socket.h> defines the SHUT_* macros... yes
checking for struct sockaddr_storage... yes
checking for sa_family_t... yes
checking for struct sockaddr_storage.ss_family... yes
checking for library needed for semaphore functions... none
checking for a french Unicode locale... none
checking for a turkish Unicode locale... none
checking whether frexp works... yes
checking whether frexpl is declared... yes
checking whether frexpl() can be used without linking with libm... yes
checking whether frexpl works... yes
checking for struct timeval... yes
checking for wide-enough struct timeval.tv_sec member... yes
checking for IPv4 sockets... yes
checking for IPv6 sockets... yes
checking for off_t... yes
checking whether <sys/select.h> is self-contained... yes
checking whether _putenv is declared... no
checking whether initstate is declared... yes
checking whether setstate is declared... yes
checking for library containing setsockopt... none needed
checking whether setenv is declared... yes
checking for search.h... yes
checking for tsearch... yes
checking whether <sys/ioctl.h> declares ioctl... yes
checking whether unsetenv is declared... yes
checking whether access honors trailing slash... yes
checking for alignas and alignof... yes, <stdalign.h> macros
checking for alloca as a compiler built-in... yes
checking whether to enable assertions... yes
checking for static_assert... yes, an <assert.h> macro
checking for bool, true, false... no
checking whether btowc(0) is correct... yes
checking whether btowc is consistent with mbrtowc in the C locale... no
checking for __builtin_expect... yes
checking whether calloc (0, n) and calloc (n, 0) return nonnull... yes
checking for faccessat... (cached) yes
checking whether this system supports file names of any length... no
checking for library containing clock_gettime... none required
checking for clock_getres... yes
checking for clock_gettime... yes
checking for clock_settime... yes
checking for closedir... yes
checking for d_ino member in directory struct... yes
checking for dirfd... yes
checking whether dirfd is declared... yes
checking whether dirfd is a macro... no
checking whether // is distinct from /... (cached) no
checking whether dup works... yes
checking whether dup2 works... yes
checking whether fcntl handles F_DUPFD correctly... yes
checking whether fcntl understands F_DUPFD_CLOEXEC... needs runtime check
checking whether fdopendir is declared... yes
checking whether fdopendir works... yes
checking whether fflush works on input streams... (cached) no
checking for mempcpy... (cached) yes
checking for flexible array member... yes
checking whether float.h conforms to ISO C23... no
checking whether conversion from 'int' to 'long double' works... yes
checking whether fopen supports the mode character 'x'... yes
checking whether fopen supports the mode character 'e'... yes
checking for __fpending... yes
checking whether __fpending is declared... yes
checking for __fpurge... yes
checking whether fpurge is declared... no
checking for __freadahead... no
checking for __freading... yes
checking whether free is known to preserve errno... yes
checking whether frexp works... (cached) yes
checking whether frexpl is declared... (cached) yes
checking whether frexpl() can be used without linking with libm... (cached) yes
checking whether frexpl works... (cached) yes
checking for fseeko... (cached) yes
checking whether fflush works on input streams... (cached) no
checking for _fseeki64... no
checking for __fseterr... no
checking whether fstatat (..., 0) works... yes
checking for ftello... (cached) yes
checking whether ftello works... (cached) yes
checking whether getcwd handles long file names properly... yes
checking whether getcwd succeeds when 4k < cwd_length < 16k... yes
checking whether getdtablesize works... yes
checking for newlocale... yes
checking for duplocale... yes
checking for freelocale... yes
checking for newlocale... (cached) yes
checking for duplocale... (cached) yes
checking for freelocale... (cached) yes
checking for getpagesize... yes
checking whether getpagesize is declared... yes
checking for getprogname... no
checking whether program_invocation_name is declared... yes
checking whether program_invocation_name is declared... (cached) yes
checking whether program_invocation_short_name is declared... yes
checking whether __argv is declared... no
checking for getrandom... yes
checking whether getrandom is compatible with its GNU+BSD signature... yes
checking whether the compiler generally respects inline... yes
checking whether isinf is declared... yes
checking whether isinf(long double) works... yes
checking whether isnan(double) can be used without linking with libm... yes
checking whether isnan(float) can be used without linking with libm... yes
checking whether isnan(float) works... yes
checking whether isnan(long double) can be used without linking with libm... yes
checking whether isnanl works... yes
checking for iswblank... yes
checking whether iswblank is declared... yes
checking whether iswdigit is ISO C compliant... yes
checking whether iswpunct is consistent with ispunct... yes
checking whether iswxdigit is ISO C compliant... yes
checking whether the compiler supports the __inline keyword... yes
checking whether localeconv works... yes
checking whether lseek detects pipes... yes
checking whether SEEK_DATA works but is incompatible with GNU... no
checking whether mbrtoc32 works on empty input... yes
checking whether the C locale is free of encoding errors... no
checking whether mbrtoc32 works in an UTF-8 locale... yes
checking whether mbrtowc handles a NULL pwc argument... yes
checking whether mbrtowc has a correct return value... yes
checking whether mbrtowc returns 0 when parsing a NUL character... guessing yes
checking whether mbrtowc stores incomplete characters... no
checking whether mbrtowc works on empty input... yes
checking whether the C locale is free of encoding errors... no
checking for mbtowc... yes
checking for mempcpy... (cached) yes
checking for memrchr... yes
checking whether mkdir handles trailing slash... yes
checking whether mkdir handles trailing dot... yes
checking for mkdtemp... yes
checking for working mkstemp... yes
checking for nl_langinfo... yes
checking whether open recognizes a trailing slash... yes
checking for opendir... yes
checking for pipe2... yes
checking for posix_spawn_file_actions_addchdir_np... (cached) yes
checking whether posix_spawn_file_actions_addclose works... yes
checking whether posix_spawn_file_actions_adddup2 works... yes
checking whether posix_spawn_file_actions_addopen works... yes
checking whether frexp works... (cached) yes
checking whether ldexp can be used without linking with libm... (cached) yes
checking whether frexpl() can be used without linking with libm... (cached) yes
checking whether frexpl works... (cached) yes
checking whether frexpl is declared... (cached) yes
checking whether ldexpl() can be used without linking with libm... yes
checking whether ldexpl works... yes
checking whether ldexpl is declared... yes
checking whether program_invocation_name is declared... (cached) yes
checking whether program_invocation_short_name is declared... (cached) yes
checking for PTHREAD_CREATE_DETACHED... yes
checking for PTHREAD_MUTEX_RECURSIVE... yes
checking for PTHREAD_MUTEX_ROBUST... yes
checking for PTHREAD_PROCESS_SHARED... yes
checking whether pthread_once works... yes
checking for raise... yes
checking for sigprocmask... yes
checking for rawmemchr... yes
checking for readdir... yes
checking whether readlink signature is correct... yes
checking whether readlink handles trailing slash correctly... yes
checking whether readlink truncates results correctly... yes
checking whether realloc sets errno on failure... yes
checking whether realloc (..., 0) returns nonnull... no
checking for reallocarray... yes
checking for working re_compile_pattern... yes
checking whether rename honors trailing slash on destination... yes
checking whether rename honors trailing slash on source... yes
checking whether rename manages hard links correctly... yes
checking whether rename manages existing destinations correctly... yes
checking for rewinddir... yes
checking whether rmdir works... yes
checking for struct sigaction.sa_sigaction... yes
checking for signbit macro... yes
checking for signbit compiler built-ins... yes
checking for sigprocmask... (cached) yes
checking for stack direction... grows down
checking for stack_t... yes
checking for working sigaltstack... yes
checking for stdint.h... (cached) yes
checking for SIZE_MAX... yes
checking for snprintf... (cached) yes
checking whether snprintf respects a size of 1... yes
checking for ssize_t... yes
checking whether stat handles trailing slashes on files... yes
checking for struct stat.st_atim.tv_nsec... yes
checking whether struct stat.st_atim is of type struct timespec... yes
checking for struct stat.st_birthtimespec.tv_nsec... no
checking for struct stat.st_birthtimensec... no
checking for struct stat.st_birthtim.tv_nsec... no
checking for va_copy... yes
checking for vasprintf... (cached) yes
checking for stpcpy... yes
checking for strchrnul... yes
checking whether strchrnul works... yes
checking for working strerror function... yes
checking for working strnlen... yes
checking for strsignal... yes
checking whether strsignal always returns a string... yes
checking whether strstr works in linear time... yes
checking whether strstr works... (cached) yes
checking whether strtod obeys C99... yes
checking for sys/single_threaded.h... yes
checking for variable-length arrays... yes
checking for ptrdiff_t... yes
checking for vasprintf... (cached) yes
checking for ptrdiff_t... (cached) yes
checking for waitid... yes
checking whether wcrtomb works in the C locale... yes
checking whether wcrtomb return value is correct... yes
checking whether wcwidth is declared... yes
checking whether wcwidth works reasonably in UTF-8 locales... yes
checking for stdint.h... (cached) yes
checking whether c32rtomb return value is correct... yes
checking whether open recognizes a trailing slash... (cached) yes
checking for close_range... yes
checking whether fdopen sets errno... yes
checking whether freopen works on closed fds... yes
checking for ftruncate... yes
checking for gettimeofday with POSIX signature... yes
checking for duplocale... (cached) yes
checking for library containing inet_pton... none required
checking whether inet_pton is declared... yes
checking whether byte ordering is bigendian... (cached) no
checking for ioctl... yes
checking for ioctl with POSIX signature... no
checking whether link obeys POSIX... yes
checking for newlocale... (cached) yes
checking for newlocale... (cached) yes
checking for memset_explicit... no
checking for explicit_memset... no
checking for mkfifo... yes
checking whether mkfifo rejects trailing slashes... yes
checking for library containing nanosleep... none required
checking for working nanosleep... no (mishandles large arguments)
checking whether <netinet/in.h> is self-contained... yes
checking for uselocale... (cached) yes
checking whether uselocale works... (cached) yes
checking whether perror matches strerror... yes
checking whether signature of pselect conforms to POSIX... yes
checking whether pselect detects invalid fds... yes
checking for pthread_mutexattr_getrobust... yes
checking for pthread_rwlock_init... yes
checking whether pthread_rwlock_timedrdlock is declared... yes
checking for reasonable pthread_rwlock wait queue handling... no
checking whether pthread_create exists as a global function... yes
checking whether pthread_mutex_timedlock is declared... yes
checking for pthread_mutex_timedlock... yes
checking whether pthread_sigmask is a macro... no
checking whether pthread_sigmask works without -lpthread... yes
checking whether pthread_sigmask returns error numbers... yes
checking for putenv compatible with GNU and SVID... yes
checking for random... yes
checking for initstate... yes
checking for setstate... yes
checking for random.h... no
checking for struct random_data... yes
checking for random_r... yes
checking whether sched_yield is declared... yes
checking whether select supports a 0 argument... yes
checking whether select detects invalid fds... yes
checking whether setenv validates arguments... yes
checking whether sleep is declared... yes
checking for working sleep... yes
checking for socklen_t... yes
checking for catgets... yes
checking whether symlink handles trailing slash correctly... yes
checking for IPv4 sockets... (cached) yes
checking for IPv6 sockets... (cached) yes
checking for UNIX domain sockets... yes
checking whether time() works... guessing no
checking whether trunc is declared... yes
checking whether truncl is declared... yes
checking for unsetenv... yes
checking for unsetenv() return type... int
checking whether unsetenv obeys POSIX... yes
checking whether wctob works... guessing yes
checking whether an open file can be renamed... yes
checking if changeword is wanted... no
checking which shell to use for syscmd... /bin/sh
checking if malloc debugging is wanted... no
checking whether NLS is requested... no
checking for msgfmt... /usr/bin/msgfmt
checking for gmsgfmt... /usr/bin/msgfmt
checking for xgettext... /usr/bin/xgettext
checking for msgmerge... /usr/bin/msgmerge
checking for CFPreferencesCopyAppValue... (cached) no
checking for CFLocaleCopyPreferredLanguages... (cached) no
checking whether to use NLS... no
checking that generated files are newer than configure... done
configure: creating ./config.status
config.status: creating Makefile
config.status: creating doc/Makefile
config.status: creating lib/Makefile
config.status: creating po/Makefile.in
config.status: creating src/Makefile
config.status: creating tests/Makefile
config.status: creating checks/Makefile
config.status: creating examples/Makefile
config.status: creating lib/config.h
config.status: executing depfiles commands
config.status: executing stamp-h commands
config.status: executing po-directories commands
config.status: creating po/POTFILES
config.status: creating po/Makefile
configure: WARNING: unrecognized options: --enable-shared, --disable-static, --disable-gtk-doc, --disable-gtk-doc-html, --disable-doc, --disable-docs, --disable-documentation, --disable-debug, --with-xmlto, --with-fop
>>> host-m4 1.4.21 Building
GIT_DIR=. PATH="/home/no/Desktop/github/riscv_emulator-seulgi-v1/buildroot/output/host/bin:/home/no/Desktop/github/riscv_emulator-seulgi-v1/buildroot/output/host/sbin:/home/no/.local/bin:/home/no/.local/bin:/home/no/bin:/media/no/b7ced73c-5231-4462-b98d-64e38fe2df9e/home/jbez/Desktop/!.📶️.SHARE]/!.🦾️].fullsharezip/💪🏾️].no-desk.sharezip/📲️📵️.GTFO.flxbx.📦️arcbit♏️/#.⛷️LOOSE-TANGENT]2wild]🎄️⛷️/🪆️.a0/📟️.a0/🎓️/🧼️/🥌️🗡️🛡️🧷️/🛡️.ARMOR.OF.WAR.NOW!]a1/🌐️🗺️🧫️.voxel_sphere_lab]a0/2.Mid.urf.PLAY]loglev]🪓️🤓️🪄️🪵️a0/🧪️]jul8.🏚️.®™]d10/jl69.🥡️.®™]🟦🟥️🟨️]a0/!.🚦️🏎️🏎️🏎️]a3]GOIN!/Fas7.🥡️.®™]🔳️⏹️]E6/earf.🌎️.®™/Lnd1.🏝️.®™/crsr.🗡️.®™]g10📌️/env0🥡️.®™]a0📌️/home.🥡️.®™]a0📌️/!.inst.🫕️.®™/+x/:/home/no/.grok/bin:/home/no/.opencode/bin:/home/no/.local/bin:/usr/local/bin:/usr/local/qt4/bin:/usr/local/qt4/bin:/home/no/.nvm/versions/node/v22.11.0/bin:/home/no/.local/bin:/home/no/.cargo/bin:/home/no/.local/bin:/home/no/bin:/media/no/b7ced73c-5231-4462-b98d-64e38fe2df9e/home/jbez/Desktop/!.📶️.SHARE]/!.🦾️].fullsharezip/💪🏾️].no-desk.sharezip/📲️📵️.GTFO.flxbx.📦️arcbit♏️/#.⛷️LOOSE-TANGENT]2wild]🎄️⛷️/🪆️.a0/📟️.a0/🎓️/🧼️/🥌️🗡️🛡️🧷️/🛡️.ARMOR.OF.WAR.NOW!]a1/🌐️🗺️🧫️.voxel_sphere_lab]a0/2.Mid.urf.PLAY]loglev]🪓️🤓️🪄️🪵️a0/🧪️]jul8.🏚️.®™]d10/jl69.🥡️.®™]🟦🟥️🟨️]a0/!.🚦️🏎️🏎️🏎️]a3]GOIN!/Fas7.🥡️.®™]🔳️⏹️]E6/earf.🌎️.®™/Lnd1.🏝️.®™/crsr.🗡️.®™]g10📌️/env0🥡️.®™]a0📌️/home.🥡️.®™]a0📌️/!.inst.🫕️.®™/+x/:/usr/local/sbin:/usr/local/bin:/usr/sbin:/usr/bin:/sbin:/bin:/usr/games:/usr/local/games:/snap/bin:/snap/bin:/home/no/.local/bin:/home/no/.lmstudio/bin:/home/no/.lmstudio/bin:/home/no/.lmstudio/bin" PKG_CONFIG="/home/no/Desktop/github/riscv_emulator-seulgi-v1/buildroot/output/host/bin/pkg-config" PKG_CONFIG_SYSROOT_DIR="/" PKG_CONFIG_ALLOW_SYSTEM_CFLAGS=1 PKG_CONFIG_ALLOW_SYSTEM_LIBS=1 PKG_CONFIG_LIBDIR="/home/no/Desktop/github/riscv_emulator-seulgi-v1/buildroot/output/host/lib/pkgconfig:/home/no/Desktop/github/riscv_emulator-seulgi-v1/buildroot/output/host/share/pkgconfig"  /usr/bin/make   -C /home/no/Desktop/github/riscv_emulator-seulgi-v1/buildroot/output/build/host-m4-1.4.21/
cd checks && /usr/bin/make 
make[3]: Nothing to be done for 'all'.
/usr/bin/make  all-recursive
Making all in .
make[4]: Nothing to be done for 'all-am'.
Making all in examples
make[4]: Nothing to be done for 'all'.
Making all in lib
  GEN      alloca.h
  GEN      configmake.h
  GEN      dirent.h
  GEN      error.h
  GEN      fcntl.h
  GEN      float.h
  GEN      malloc/dynarray.gl.h
  GEN      malloc/dynarray-skeleton.gl.h
  GEN      malloc/scratch_buffer.gl.h
  GEN      iconv.h
  GEN      langinfo.h
  GEN      inttypes.h
  GEN      limits.h
  GEN      locale.h
  GEN      math.h
  GEN      obstack.h
  GEN      pthread.h
  GEN      sched.h
  GEN      signal.h
  GEN      sigsegv.h
  GEN      spawn.h
  GEN      stdckdint.h
  GEN      stddef.h
  GEN      stdio.h
  GEN      stdlib.h
  GEN      string.h
  GEN      sys/random.h
  GEN      sys/stat.h
  GEN      sys/types.h
  GEN      sys/wait.h
  GEN      time.h
  GEN      uchar.h
  GEN      unicase.h
  GEN      unictype.h
  GEN      uninorm.h
  GEN      unistd.h
  GEN      unistr.h
  GEN      unitypes.h
  GEN      uniwidth.h
  GEN      wchar.h
  GEN      wctype.h
/usr/bin/make  all-am
  CC       libm4_a-asyncsafe-spin.o
  CC       libm4_a-openat-proc.o
  CC       libm4_a-basename-lgpl.o
  CC       libm4_a-gl_avltree_oset.o
  CC       libm4_a-binary-io.o
  CC       libm4_a-bitrotate.o
  CC       libm4_a-btowc.o
  CC       libm4_a-c-ctype.o
  CC       libm4_a-c-stack.o
  CC       libm4_a-c-strcasecmp.o
  CC       libm4_a-c32isalnum.o
  CC       libm4_a-c32isalpha.o
  CC       libm4_a-c32isblank.o
  CC       libm4_a-c32iscntrl.o
  CC       libm4_a-c32isdigit.o
  CC       libm4_a-c32isgraph.o
  CC       libm4_a-c32islower.o
  CC       libm4_a-c32isprint.o
  CC       libm4_a-c32ispunct.o
  CC       libm4_a-c32isspace.o
  CC       libm4_a-c32isupper.o
  CC       libm4_a-c32isxdigit.o
  CC       libm4_a-c32tolower.o
  CC       libm4_a-c32width.o
  CC       libm4_a-canonicalize.o
  CC       libm4_a-chdir-long.o
  CC       libm4_a-clean-temp.o
  CC       libm4_a-clean-temp-simple.o
  CC       libm4_a-cloexec.o
  CC       libm4_a-close-stream.o
  CC       libm4_a-closein.o
  CC       libm4_a-closeout.o
  CC       libm4_a-concat-filename.o
  CC       libm4_a-dirname.o
  CC       libm4_a-basename.o
  CC       libm4_a-dirname-lgpl.o
  CC       libm4_a-stripslash.o
  CC       libm4_a-error.o
  CC       libm4_a-execute.o
  CC       libm4_a-exitfail.o
  CC       libm4_a-fatal-signal.o
  CC       libm4_a-fclose.o
  CC       libm4_a-fcntl.o
  CC       libm4_a-fd-hook.o
  CC       libm4_a-fd-safer-flag.o
  CC       libm4_a-dup-safer-flag.o
  CC       libm4_a-fflush.o
  CC       libm4_a-file-set.o
  CC       libm4_a-filenamecat.o
  CC       libm4_a-filenamecat-lgpl.o
  CC       libm4_a-findprog-in.o
  CC       libm4_a-float.o
  CC       libm4_a-fopen-safer.o
  CC       libm4_a-fpurge.o
  CC       libm4_a-freadahead.o
  CC       libm4_a-freading.o
  CC       libm4_a-fseek.o
  CC       libm4_a-fseeko.o
  CC       libm4_a-fseterr.o
  CC       libm4_a-localename-table.o
  CC       libm4_a-getlocalename_l-unsafe.o
  CC       libm4_a-getprogname.o
  CC       libm4_a-hard-locale.o
  CC       libm4_a-hash.o
  CC       libm4_a-hashcode-string1.o
  CC       libm4_a-hashcode-named-file.o
  CC       libm4_a-hashkey-string.o
  CC       libm4_a-hashcode-string2.o
  CC       libm4_a-ialloc.o
  CC       libm4_a-issymlink.o
  CC       libm4_a-gl_linked_list.o
  CC       libm4_a-gl_linkedhash_list.o
  CC       libm4_a-gl_list.o
  CC       libm4_a-localcharset.o
  CC       libm4_a-localename.o
  CC       libm4_a-localename-environ.o
  CC       libm4_a-localename-unsafe.o
  CC       libm4_a-malloca.o
  CC       libm4_a-math.o
  CC       libm4_a-mbchar.o
  CC       libm4_a-mbiterf.o
  CC       libm4_a-mbrtoc32.o
  CC       libm4_a-mbrtowc.o
  CC       libm4_a-mbslen.o
  CC       libm4_a-mbsnlen.o
  CC       libm4_a-mbsstr.o
  CC       libm4_a-mbszero.o
  CC       libm4_a-mbuiter.o
  CC       libm4_a-mbuiterf.o
  CC       libm4_a-memchr2.o
  CC       libm4_a-next-prime.o
  CC       libm4_a-nl_langinfo.o
  CC       libm4_a-obstack.o
  CC       glthread/libm4_a-once.o
  CC       libm4_a-openat-die.o
  CC       libm4_a-gl_oset.o
  CC       libm4_a-pipe2.o
  CC       libm4_a-pipe2-safer.o
  CC       libm4_a-spawn_faction_addchdir.o
  CC       libm4_a-printf-frexp.o
  CC       libm4_a-printf-frexpl.o
  CC       libm4_a-progname.o
  CC       libm4_a-propername.o
  CC       libm4_a-quotearg.o
  CC       libm4_a-realloc.o
  CC       libm4_a-reallocarray.o
  CC       libm4_a-same-inode.o
  CC       libm4_a-save-cwd.o
  CC       libm4_a-setlocale_null.o
  CC       libm4_a-setlocale_null-unlocked.o
  CC       libm4_a-sig-handler.o
  CC       libm4_a-sigsegv.o
  CC       libm4_a-stackvma.o
  CC       libm4_a-spawn-pipe.o
  CC       glthread/libm4_a-spin.o
  CC       libm4_a-stat-time.o
  CC       libm4_a-stdlib.o
  CC       libm4_a-mkstemp-safer.o
  CC       libm4_a-striconv.o
  CC       libm4_a-string.o
  CC       libm4_a-strnlen1.o
  CC       libm4_a-tempname.o
  CC       glthread/libm4_a-threadlib.o
  CC       glthread/libm4_a-tls.o
  CC       libm4_a-tmpdir.o
  CC       libm4_a-trim.o
  CC       libm4_a-unistd.o
  CC       libm4_a-dup-safer.o
  CC       libm4_a-fd-safer.o
  CC       libm4_a-pipe-safer.o
  CC       libm4_a-vaszprintf.o
  CC       libm4_a-aszprintf.o
  CC       libm4_a-version-etc.o
  CC       libm4_a-vfzprintf.o
  CC       libm4_a-version-etc-fsf.o
  CC       libm4_a-vsnzprintf.o
  CC       libm4_a-vzprintf.o
  CC       libm4_a-wait-process.o
  CC       libm4_a-wctype-h.o
  CC       libm4_a-xmalloc.o
  CC       libm4_a-xalloc-die.o
  CC       libm4_a-gl_xlist.o
  CC       libm4_a-xmalloca.o
  CC       libm4_a-xmemdup0.o
  CC       libm4_a-gl_xoset.o
  CC       libm4_a-xsize.o
  CC       libm4_a-xprintf.o
  CC       libm4_a-xstriconv.o
  CC       libm4_a-xvasprintf.o
  CC       libm4_a-xasprintf.o
  CC       libm4_a-asnprintf.o
  CC       libm4_a-asprintf.o
  CC       libm4_a-fopen.o
  CC       libm4_a-printf-args.o
  CC       libm4_a-printf-parse.o
  CC       libm4_a-vasnprintf.o
  CC       libm4_a-vasprintf.o
  CC       malloc/libm4_a-dynarray_at_failure.o
  CC       malloc/libm4_a-dynarray_emplace_enlarge.o
  CC       malloc/libm4_a-dynarray_finalize.o
  CC       malloc/libm4_a-dynarray_resize.o
  CC       malloc/libm4_a-dynarray_resize_clear.o
  CC       malloc/libm4_a-scratch_buffer_grow.o
  CC       malloc/libm4_a-scratch_buffer_grow_preserve.o
  CC       malloc/libm4_a-scratch_buffer_set_array_size.o
  CC       glthread/libm4_a-lock.o
  CC       unicase/libm4_a-tolower.o
  CC       unictype/libm4_a-ctype_alnum.o
  CC       unictype/libm4_a-ctype_alpha.o
  CC       unictype/libm4_a-ctype_blank.o
  CC       unictype/libm4_a-ctype_cntrl.o
  CC       unictype/libm4_a-ctype_digit.o
  CC       unictype/libm4_a-ctype_graph.o
  CC       unictype/libm4_a-ctype_lower.o
  CC       unictype/libm4_a-ctype_print.o
  CC       unictype/libm4_a-ctype_punct.o
  CC       unictype/libm4_a-ctype_space.o
  CC       unictype/libm4_a-ctype_upper.o
  CC       unictype/libm4_a-ctype_xdigit.o
  CC       unistr/libm4_a-u8-mbtoucr.o
  CC       unistr/libm4_a-u8-uctomb.o
  CC       unistr/libm4_a-u8-uctomb-aux.o
  CC       uniwidth/libm4_a-width.o
  AR       libm4.a
Making all in src
  CC       m4.o
  CC       builtin.o
  CC       debug.o
  CC       eval.o
  CC       format.o
  CC       freeze.o
  CC       input.o
  CC       macro.o
  CC       output.o
  CC       path.o
  CC       symtab.o
  CCLD     m4
Making all in doc
make[4]: Nothing to be done for 'all'.
Making all in checks
make[4]: Nothing to be done for 'all'.
Making all in po
make[4]: Nothing to be done for 'all'.
Making all in tests
  GEN      arpa/inet.h
  GEN      ctype.h
  GEN      test-posix_spawn-dup2-stdout.sh
  GEN      test-posix_spawn-dup2-stdin.sh
  GEN      sys/ioctl.h
  GEN      sys/select.h
  GEN      sys/socket.h
  GEN      sys/time.h
  GEN      sys/uio.h
## ---------------------------------------------------- ##
## ------------------- Gnulib tests ------------------- ##
## You can ignore compiler warnings in this directory.  ##
## ---------------------------------------------------- ##
/usr/bin/make  all-recursive
Making all in .
  CC       locale.o
  CC       arpa_inet.o
  CC       gl_array_list.o
  CC       gl_array_oset.o
  CC       btoc32.o
  CC       c-strcasestr.o
  CC       c-strncasecmp.o
  CC       c32tob.o
  CC       findprog.o
  CC       imaxtostr.o
  CC       offtostr.o
  CC       inttostr.o
  CC       uinttostr.o
  CC       umaxtostr.o
  CC       ioctl.o
  CC       memset_explicit.o
  CC       nanosleep.o
  CC       pthread-rwlock.o
  CC       pthread_sigmask.o
  CC       read-file.o
  CC       sockets.o
  CC       str_endswith.o
  CC       str_startswith.o
  CC       sys_socket.o
  CC       time.o
  CC       vma-iter.o
  CC       xconcat-filename.o
  CC       xgetcwd.o
  CC       strerror_r.o
  CC       test-localcharset.o
  CC       glthread/thread.o
  AR       libtests.a
  CCLD     current-locale
  CCLD     test-localcharset
>>> host-m4 1.4.21 Installing to host directory
GIT_DIR=. PATH="/home/no/Desktop/github/riscv_emulator-seulgi-v1/buildroot/output/host/bin:/home/no/Desktop/github/riscv_emulator-seulgi-v1/buildroot/output/host/sbin:/home/no/.local/bin:/home/no/.local/bin:/home/no/bin:/media/no/b7ced73c-5231-4462-b98d-64e38fe2df9e/home/jbez/Desktop/!.📶️.SHARE]/!.🦾️].fullsharezip/💪🏾️].no-desk.sharezip/📲️📵️.GTFO.flxbx.📦️arcbit♏️/#.⛷️LOOSE-TANGENT]2wild]🎄️⛷️/🪆️.a0/📟️.a0/🎓️/🧼️/🥌️🗡️🛡️🧷️/🛡️.ARMOR.OF.WAR.NOW!]a1/🌐️🗺️🧫️.voxel_sphere_lab]a0/2.Mid.urf.PLAY]loglev]🪓️🤓️🪄️🪵️a0/🧪️]jul8.🏚️.®™]d10/jl69.🥡️.®™]🟦🟥️🟨️]a0/!.🚦️🏎️🏎️🏎️]a3]GOIN!/Fas7.🥡️.®™]🔳️⏹️]E6/earf.🌎️.®™/Lnd1.🏝️.®™/crsr.🗡️.®™]g10📌️/env0🥡️.®™]a0📌️/home.🥡️.®™]a0📌️/!.inst.🫕️.®™/+x/:/home/no/.grok/bin:/home/no/.opencode/bin:/home/no/.local/bin:/usr/local/bin:/usr/local/qt4/bin:/usr/local/qt4/bin:/home/no/.nvm/versions/node/v22.11.0/bin:/home/no/.local/bin:/home/no/.cargo/bin:/home/no/.local/bin:/home/no/bin:/media/no/b7ced73c-5231-4462-b98d-64e38fe2df9e/home/jbez/Desktop/!.📶️.SHARE]/!.🦾️].fullsharezip/💪🏾️].no-desk.sharezip/📲️📵️.GTFO.flxbx.📦️arcbit♏️/#.⛷️LOOSE-TANGENT]2wild]🎄️⛷️/🪆️.a0/📟️.a0/🎓️/🧼️/🥌️🗡️🛡️🧷️/🛡️.ARMOR.OF.WAR.NOW!]a1/🌐️🗺️🧫️.voxel_sphere_lab]a0/2.Mid.urf.PLAY]loglev]🪓️🤓️🪄️🪵️a0/🧪️]jul8.🏚️.®™]d10/jl69.🥡️.®™]🟦🟥️🟨️]a0/!.🚦️🏎️🏎️🏎️]a3]GOIN!/Fas7.🥡️.®™]🔳️⏹️]E6/earf.🌎️.®™/Lnd1.🏝️.®™/crsr.🗡️.®™]g10📌️/env0🥡️.®™]a0📌️/home.🥡️.®™]a0📌️/!.inst.🫕️.®™/+x/:/usr/local/sbin:/usr/local/bin:/usr/sbin:/usr/bin:/sbin:/bin:/usr/games:/usr/local/games:/snap/bin:/snap/bin:/home/no/.local/bin:/home/no/.lmstudio/bin:/home/no/.lmstudio/bin:/home/no/.lmstudio/bin" PKG_CONFIG="/home/no/Desktop/github/riscv_emulator-seulgi-v1/buildroot/output/host/bin/pkg-config" PKG_CONFIG_SYSROOT_DIR="/" PKG_CONFIG_ALLOW_SYSTEM_CFLAGS=1 PKG_CONFIG_ALLOW_SYSTEM_LIBS=1 PKG_CONFIG_LIBDIR="/home/no/Desktop/github/riscv_emulator-seulgi-v1/buildroot/output/host/lib/pkgconfig:/home/no/Desktop/github/riscv_emulator-seulgi-v1/buildroot/output/host/share/pkgconfig"  /usr/bin/make  install -C /home/no/Desktop/github/riscv_emulator-seulgi-v1/buildroot/output/build/host-m4-1.4.21/
cd checks && /usr/bin/make 
make[3]: Nothing to be done for 'all'.
/usr/bin/make  install-recursive
Making install in .
make[5]: Nothing to be done for 'install-exec-am'.
make[5]: Nothing to be done for 'install-data-am'.
Making install in examples
make[5]: Nothing to be done for 'install-exec-am'.
make[5]: Nothing to be done for 'install-data-am'.
Making install in lib
/usr/bin/make  install-am
make[6]: Nothing to be done for 'install-exec-am'.
make[6]: Nothing to be done for 'install-data-am'.
Making install in src
make[5]: Nothing to be done for 'install-data-am'.
 /usr/bin/mkdir -p '/home/no/Desktop/github/riscv_emulator-seulgi-v1/buildroot/output/host/bin'
  /usr/bin/install -c m4 '/home/no/Desktop/github/riscv_emulator-seulgi-v1/buildroot/output/host/bin'
Making install in doc
make[5]: Nothing to be done for 'install-exec-am'.
 /usr/bin/mkdir -p '/home/no/Desktop/github/riscv_emulator-seulgi-v1/buildroot/output/host/share/man/man1'
 /usr/bin/mkdir -p '/home/no/Desktop/github/riscv_emulator-seulgi-v1/buildroot/output/host/share/info'
 /usr/bin/install -c -m 644 ./m4.1 '/home/no/Desktop/github/riscv_emulator-seulgi-v1/buildroot/output/host/share/man/man1'
 /usr/bin/install -c -m 644 ./m4.info ./m4.info-1 ./m4.info-2 '/home/no/Desktop/github/riscv_emulator-seulgi-v1/buildroot/output/host/share/info'
 install-info --info-dir='/home/no/Desktop/github/riscv_emulator-seulgi-v1/buildroot/output/host/share/info' '/home/no/Desktop/github/riscv_emulator-seulgi-v1/buildroot/output/host/share/info/m4.info'
Making install in checks
make[5]: Nothing to be done for 'install-exec-am'.
make[5]: Nothing to be done for 'install-data-am'.
Making install in po
if test "m4" = "gettext-tools"; then \
  /usr/bin/mkdir -p /home/no/Desktop/github/riscv_emulator-seulgi-v1/buildroot/output/host/share/gettext/po; \
  for file in Makefile.in.in remove-potcdate.sin quot.sed boldquot.sed en@quot.header en@boldquot.header insert-header.sin Rules-quot   Makevars.template; do \
    /usr/bin/install -c -m 644 ./$file \
		    /home/no/Desktop/github/riscv_emulator-seulgi-v1/buildroot/output/host/share/gettext/po/$file; \
  done; \
  for file in Makevars; do \
    rm -f /home/no/Desktop/github/riscv_emulator-seulgi-v1/buildroot/output/host/share/gettext/po/$file; \
  done; \
else \
  : ; \
fi
Making install in tests
/usr/bin/make  install-recursive
Making install in .
make[7]: Nothing to be done for 'install-exec-am'.
>>> host-libtool 2.5.4 Downloading
wget -nd -t 3 --connect-timeout=10 -O '/home/no/Desktop/github/riscv_emulator-seulgi-v1/buildroot/output/build/.libtool-2.5.4.tar.xz.8p145h/output' 'https://ftpmirror.gnu.org/libtool/libtool-2.5.4.tar.xz' 
--2026-09-15 11:06:59--  https://ftpmirror.gnu.org/libtool/libtool-2.5.4.tar.xz
Resolving ftpmirror.gnu.org (ftpmirror.gnu.org)... 2001:470:142:5::200, 209.51.188.200
Connecting to ftpmirror.gnu.org (ftpmirror.gnu.org)|2001:470:142:5::200|:443... connected.
HTTP request sent, awaiting response... 302 Moved Temporarily
Location: https://mirror.freedif.org/gnu/libtool/libtool-2.5.4.tar.xz [following]
--2026-09-15 11:07:00--  https://mirror.freedif.org/gnu/libtool/libtool-2.5.4.tar.xz
Resolving mirror.freedif.org (mirror.freedif.org)... 2001:d98:b3b0:300::10, 132.147.107.5
Connecting to mirror.freedif.org (mirror.freedif.org)|2001:d98:b3b0:300::10|:443... connected.
HTTP request sent, awaiting response... 404 Not Found
2026-09-15 11:07:01 ERROR 404: Not Found.

wget -nd -t 3 --connect-timeout=10 -O '/home/no/Desktop/github/riscv_emulator-seulgi-v1/buildroot/output/build/.libtool-2.5.4.tar.xz.vRo16g/output' 'https://sources.buildroot.net/libtool/libtool-2.5.4.tar.xz' 
--2026-09-15 11:07:02--  https://sources.buildroot.net/libtool/libtool-2.5.4.tar.xz
Resolving sources.buildroot.net (sources.buildroot.net)... 2606:4700:20::ac43:4838, 2606:4700:20::681a:125, 2606:4700:20::681a:25, ...
Connecting to sources.buildroot.net (sources.buildroot.net)|2606:4700:20::ac43:4838|:443... connected.
HTTP request sent, awaiting response... 200 OK
Length: 1056924 (1.0M) [application/x-xz]
Saving to: ‘/home/no/Desktop/github/riscv_emulator-seulgi-v1/buildroot/output/build/.libtool-2.5.4.tar.xz.vRo16g/output’

     0K .......... .......... .......... .......... ..........  4% 6.10M 0s
    50K .......... .......... .......... .......... ..........  9% 1.81M 0s
   100K .......... .......... .......... .......... .......... 14% 5.38M 0s
   150K .......... .......... .......... .......... .......... 19% 4.96M 0s
   200K .......... .......... .......... .......... .......... 24%  842K 0s
   250K .......... .......... .......... .......... .......... 29% 74.3M 0s
   300K .......... .......... .......... .......... .......... 33% 54.3M 0s
   350K .......... .......... .......... .......... .......... 38% 1.26M 0s
   400K .......... .......... .......... .......... .......... 43% 12.2M 0s
   450K .......... .......... .......... .......... .......... 48% 27.5M 0s
   500K .......... .......... .......... .......... .......... 53% 15.8M 0s
   550K .......... .......... .......... .......... .......... 58% 35.8M 0s
   600K .......... .......... .......... .......... .......... 62% 18.7M 0s
   650K .......... .......... .......... .......... .......... 67% 2.08M 0s
   700K .......... .......... .......... .......... .......... 72% 9.85M 0s
   750K .......... .......... .......... .......... .......... 77% 85.4M 0s
   800K .......... .......... .......... .......... .......... 82% 3.71M 0s
   850K .......... .......... .......... .......... .......... 87% 15.9M 0s
   900K .......... .......... .......... .......... .......... 92% 83.4M 0s
   950K .......... .......... .......... .......... .......... 96% 3.41M 0s
  1000K .......... .......... .......... ..                   100%  211M=0.2s

2026-09-15 11:07:02 (4.45 MB/s) - ‘/home/no/Desktop/github/riscv_emulator-seulgi-v1/buildroot/output/build/.libtool-2.5.4.tar.xz.vRo16g/output’ saved [1056924/1056924]

libtool-2.5.4.tar.xz: OK (sha256: f81f5860666b0bc7d84baddefa60d1cb9fa6fceb2398cc3baca6afaa60266675)
>>> host-libtool 2.5.4 Extracting
xzcat /home/no/Desktop/github/riscv_emulator-seulgi-v1/buildroot/dl/libtool/libtool-2.5.4.tar.xz | /home/no/Desktop/github/riscv_emulator-seulgi-v1/buildroot/output/host/bin/tar --strip-components=1 -C /home/no/Desktop/github/riscv_emulator-seulgi-v1/buildroot/output/build/host-libtool-2.5.4   -xf -
>>> host-libtool 2.5.4 Patching
>>> host-libtool 2.5.4 Updating config.sub and config.guess
for file in config.guess config.sub; do for i in $(find /home/no/Desktop/github/riscv_emulator-seulgi-v1/buildroot/output/build/host-libtool-2.5.4 -name $file); do cp support/gnuconfig/$file $i; done; done
>>> host-libtool 2.5.4 Configuring
find /home/no/Desktop/github/riscv_emulator-seulgi-v1/buildroot/output/build/host-libtool-2.5.4 -name aclocal.m4 -exec touch '{}' \;
find /home/no/Desktop/github/riscv_emulator-seulgi-v1/buildroot/output/build/host-libtool-2.5.4 -name config-h.in -exec touch '{}' \;
find /home/no/Desktop/github/riscv_emulator-seulgi-v1/buildroot/output/build/host-libtool-2.5.4 -name configure -exec touch '{}' \;
find /home/no/Desktop/github/riscv_emulator-seulgi-v1/buildroot/output/build/host-libtool-2.5.4 -name Makefile.in -exec touch '{}' \;
(cd /home/no/Desktop/github/riscv_emulator-seulgi-v1/buildroot/output/build/host-libtool-2.5.4/. && rm -rf config.cache; GIT_DIR=. PATH="/home/no/Desktop/github/riscv_emulator-seulgi-v1/buildroot/output/host/bin:/home/no/Desktop/github/riscv_emulator-seulgi-v1/buildroot/output/host/sbin:/home/no/.local/bin:/home/no/.local/bin:/home/no/bin:/media/no/b7ced73c-5231-4462-b98d-64e38fe2df9e/home/jbez/Desktop/!.📶️.SHARE]/!.🦾️].fullsharezip/💪🏾️].no-desk.sharezip/📲️📵️.GTFO.flxbx.📦️arcbit♏️/#.⛷️LOOSE-TANGENT]2wild]🎄️⛷️/🪆️.a0/📟️.a0/🎓️/🧼️/🥌️🗡️🛡️🧷️/🛡️.ARMOR.OF.WAR.NOW!]a1/🌐️🗺️🧫️.voxel_sphere_lab]a0/2.Mid.urf.PLAY]loglev]🪓️🤓️🪄️🪵️a0/🧪️]jul8.🏚️.®™]d10/jl69.🥡️.®™]🟦🟥️🟨️]a0/!.🚦️🏎️🏎️🏎️]a3]GOIN!/Fas7.🥡️.®™]🔳️⏹️]E6/earf.🌎️.®™/Lnd1.🏝️.®™/crsr.🗡️.®™]g10📌️/env0🥡️.®™]a0📌️/home.🥡️.®™]a0📌️/!.inst.🫕️.®™/+x/:/home/no/.grok/bin:/home/no/.opencode/bin:/home/no/.local/bin:/usr/local/bin:/usr/local/qt4/bin:/usr/local/qt4/bin:/home/no/.nvm/versions/node/v22.11.0/bin:/home/no/.local/bin:/home/no/.cargo/bin:/home/no/.local/bin:/home/no/bin:/media/no/b7ced73c-5231-4462-b98d-64e38fe2df9e/home/jbez/Desktop/!.📶️.SHARE]/!.🦾️].fullsharezip/💪🏾️].no-desk.sharezip/📲️📵️.GTFO.flxbx.📦️arcbit♏️/#.⛷️LOOSE-TANGENT]2wild]🎄️⛷️/🪆️.a0/📟️.a0/🎓️/🧼️/🥌️🗡️🛡️🧷️/🛡️.ARMOR.OF.WAR.NOW!]a1/🌐️🗺️🧫️.voxel_sphere_lab]a0/2.Mid.urf.PLAY]loglev]🪓️🤓️🪄️🪵️a0/🧪️]jul8.🏚️.®™]d10/jl69.🥡️.®™]🟦🟥️🟨️]a0/!.🚦️🏎️🏎️🏎️]a3]GOIN!/Fas7.🥡️.®™]🔳️⏹️]E6/earf.🌎️.®™/Lnd1.🏝️.®™/crsr.🗡️.®™]g10📌️/env0🥡️.®™]a0📌️/home.🥡️.®™]a0📌️/!.inst.🫕️.®™/+x/:/usr/local/sbin:/usr/local/bin:/usr/sbin:/usr/bin:/sbin:/bin:/usr/games:/usr/local/games:/snap/bin:/snap/bin:/home/no/.local/bin:/home/no/.lmstudio/bin:/home/no/.lmstudio/bin:/home/no/.lmstudio/bin" PKG_CONFIG="/home/no/Desktop/github/riscv_emulator-seulgi-v1/buildroot/output/host/bin/pkg-config" PKG_CONFIG_SYSROOT_DIR="/" PKG_CONFIG_ALLOW_SYSTEM_CFLAGS=1 PKG_CONFIG_ALLOW_SYSTEM_LIBS=1 PKG_CONFIG_LIBDIR="/home/no/Desktop/github/riscv_emulator-seulgi-v1/buildroot/output/host/lib/pkgconfig:/home/no/Desktop/github/riscv_emulator-seulgi-v1/buildroot/output/host/share/pkgconfig" AR="/usr/bin/ar" AS="/usr/bin/as" LD="/usr/bin/ld" NM="/usr/bin/nm" CC="/usr/bin/gcc" GCC="/usr/bin/gcc" CXX="/usr/bin/g++" CPP="/usr/bin/cpp" OBJCOPY="/usr/bin/objcopy" RANLIB="/usr/bin/ranlib" CPPFLAGS="-I/home/no/Desktop/github/riscv_emulator-seulgi-v1/buildroot/output/host/include" CFLAGS="-O2 -I/home/no/Desktop/github/riscv_emulator-seulgi-v1/buildroot/output/host/include" CXXFLAGS="-O2 -I/home/no/Desktop/github/riscv_emulator-seulgi-v1/buildroot/output/host/include" LDFLAGS="-L/home/no/Desktop/github/riscv_emulator-seulgi-v1/buildroot/output/host/lib -Wl,-rpath,/home/no/Desktop/github/riscv_emulator-seulgi-v1/buildroot/output/host/lib" INTLTOOL_PERL=/usr/bin/perl HELP2MAN=true MAKEINFO=true CONFIG_SITE=/dev/null ./configure --prefix="/home/no/Desktop/github/riscv_emulator-seulgi-v1/buildroot/output/host" --sysconfdir="/home/no/Desktop/github/riscv_emulator-seulgi-v1/buildroot/output/host/etc" --localstatedir="/home/no/Desktop/github/riscv_emulator-seulgi-v1/buildroot/output/host/var" --enable-shared --disable-static --disable-gtk-doc --disable-gtk-doc-html --disable-doc --disable-docs --disable-documentation --disable-debug --with-xmlto=no --with-fop=no --disable-nls --disable-dependency-tracking   )
configure: WARNING: unrecognized options: --disable-gtk-doc, --disable-gtk-doc-html, --disable-doc, --disable-docs, --disable-documentation, --disable-debug, --with-xmlto, --with-fop, --disable-nls
## ------------------------- ##
## Configuring libtool 2.5.4 ##
## ------------------------- ##

checking for GNU M4 that supports accurate traces... /home/no/Desktop/github/riscv_emulator-seulgi-v1/buildroot/output/host/bin/m4
checking whether /home/no/Desktop/github/riscv_emulator-seulgi-v1/buildroot/output/host/bin/m4 accepts --gnu... yes
checking how m4 supports trace files... --debugfile
checking for a BSD-compatible install... /usr/bin/install -c
checking whether sleep supports fractional seconds... yes
checking filesystem timestamp resolution... 0.01
checking whether build environment is sane... yes
checking for a race-free mkdir -p... /usr/bin/mkdir -p
checking for gawk... gawk
checking whether make sets $(MAKE)... yes
checking whether make supports nested variables... yes
checking xargs -n works... yes
checking build system type... x86_64-pc-linux-gnu
checking host system type... x86_64-pc-linux-gnu
configure: autobuild project... GNU Libtool
configure: autobuild revision... 2.5.4
configure: autobuild hostname... no-Surface-Laptop-3
configure: autobuild mode... default
configure: autobuild timestamp... 20260915T180703Z
checking for gcc... /usr/bin/gcc
checking whether the C compiler works... yes
checking for C compiler default output file name... a.out
checking for suffix of executables... 
checking whether we are cross compiling... no
checking for suffix of object files... o
checking whether the compiler supports GNU C... yes
checking whether /usr/bin/gcc accepts -g... yes
checking for /usr/bin/gcc option to enable C11 features... none needed
checking whether /usr/bin/gcc understands -c and -o together... yes
checking whether the compiler is clang... no
checking for compiler option needed when checking for declarations... none
checking whether make supports the include directive... yes (GNU style)
checking dependency style of /usr/bin/gcc... none
checking how to run the C preprocessor... /usr/bin/cpp
checking for egrep -e... /usr/bin/grep -E
checking for Minix Amsterdam compiler... no
checking for ar... /usr/bin/ar
checking how to run the C preprocessor... /usr/bin/cpp
checking how to print strings... printf
checking for a sed that does not truncate output... /usr/bin/sed
checking for grep that handles long lines and -e... /usr/bin/grep
checking for egrep... /usr/bin/grep -E
checking for fgrep... /usr/bin/grep -F
checking for ld used by /usr/bin/gcc... /usr/bin/ld
checking if the linker (/usr/bin/ld) is GNU ld... yes
checking for BSD- or MS-compatible name lister (nm)... /usr/bin/nm
checking the name lister (/usr/bin/nm) interface... BSD nm
checking whether ln -s works... yes
checking the maximum length of command line arguments... 1572864
checking how to convert x86_64-pc-linux-gnu file names to x86_64-pc-linux-gnu format... func_convert_file_noop
checking how to convert x86_64-pc-linux-gnu file names to toolchain format... func_convert_file_noop
checking for /usr/bin/ld option to reload object files... -r
checking for file... file
checking for objdump... objdump
checking how to recognize dependent libraries... pass_all
checking for dlltool... no
checking how to associate runtime and link libraries... printf %s\n
checking for archiver @FILE support... @
checking for strip... strip
checking command to parse /usr/bin/nm output from /usr/bin/gcc object... ok
checking for sysroot... no
checking for a working dd... /usr/bin/dd
checking how to truncate binary pipes... /usr/bin/dd bs=4096 count=1
checking for mt... mt
checking if mt is a manifest tool... no
checking for stdio.h... yes
checking for stdlib.h... yes
checking for string.h... yes
checking for inttypes.h... yes
checking for stdint.h... yes
checking for strings.h... yes
checking for sys/stat.h... yes
checking for sys/types.h... yes
checking for unistd.h... yes
checking for dlfcn.h... yes
checking for objdir... .libs
checking if /usr/bin/gcc supports -fno-rtti -fno-exceptions... no
checking for /usr/bin/gcc option to produce PIC... -fPIC -DPIC
checking if /usr/bin/gcc PIC flag -fPIC -DPIC works... yes
checking if /usr/bin/gcc static flag -static works... yes
checking if /usr/bin/gcc supports -c -o file.o... yes
checking if /usr/bin/gcc supports -c -o file.o... (cached) yes
checking whether the /usr/bin/gcc linker (/usr/bin/ld -m elf_x86_64) supports shared libraries... yes
checking whether -lc should be explicitly linked in... no
checking dynamic linker characteristics... GNU/Linux ld.so
checking how to hardcode library paths into programs... immediate
checking for shl_load... no
checking for shl_load in -ldld... no
checking for dlopen... yes
checking whether a program can dlopen itself... yes
checking whether a statically linked program can dlopen itself... no
checking whether stripping libraries is possible... yes
checking if libtool supports shared libraries... yes
checking whether to build shared libraries... yes
checking whether to build static libraries... no
checking what extension is used for runtime loadable modules... .so
checking what variable specifies run-time module search path... LD_LIBRARY_PATH
checking for the default library search path... /lib /usr/lib /usr/lib/x86_64-linux-gnu/libfakeroot /usr/local/lib/i386-linux-gnu /lib/i386-linux-gnu /usr/lib/i386-linux-gnu /usr/local/lib/i686-linux-gnu /lib/i686-linux-gnu /usr/lib/i686-linux-gnu /usr/local/lib /usr/local/lib/x86_64-linux-gnu /lib/x86_64-linux-gnu /usr/lib/x86_64-linux-gnu 
checking for /usr/bin/gcc options needed to detect all undeclared functions... none needed
checking for library containing dlopen... none required
checking for dlerror... yes
checking for shl_load... (cached) no
checking for shl_load in -ldld... (cached) no
checking for dld_link in -ldld... no
checking for _ prefix in compiled symbols... no
checking whether deplibs are loaded by dlopen... yes
checking for argz.h... yes
checking for error_t... yes
checking for argz_add... yes
checking for argz_append... yes
checking for argz_count... yes
checking for argz_create_sep... yes
checking for argz_insert... yes
checking for argz_next... yes
checking for argz_stringify... yes
checking if argz actually works... yes
checking whether libtool supports -dlopen/-dlpreopen... yes
checking for unistd.h... (cached) yes
checking for dl.h... no
checking for sys/dl.h... no
checking for dld.h... no
checking for mach-o/dyld.h... no
checking for dirent.h... yes
checking for closedir... yes
checking for opendir... yes
checking for readdir... yes
checking for strlcat... no
checking for strlcpy... no
checking whether the compiler supports GNU C++... yes
checking whether /usr/bin/g++ accepts -g... yes
checking for /usr/bin/g++ option to enable C++11 features... none needed
checking dependency style of /usr/bin/g++... none
checking how to run the C++ preprocessor... /usr/bin/g++ -E
checking for ld used by /usr/bin/g++... /usr/bin/ld -m elf_x86_64
checking if the linker (/usr/bin/ld -m elf_x86_64) is GNU ld... yes
checking whether the /usr/bin/g++ linker (/usr/bin/ld -m elf_x86_64) supports shared libraries... yes
checking for /usr/bin/g++ option to produce PIC... -fPIC -DPIC
checking if /usr/bin/g++ PIC flag -fPIC -DPIC works... yes
checking if /usr/bin/g++ static flag -static works... yes
checking if /usr/bin/g++ supports -c -o file.o... yes
checking if /usr/bin/g++ supports -c -o file.o... (cached) yes
checking whether the /usr/bin/g++ linker (/usr/bin/ld -m elf_x86_64) supports shared libraries... yes
checking dynamic linker characteristics... (cached) GNU/Linux ld.so
checking how to hardcode library paths into programs... immediate
checking for g77... no
checking for xlf... no
checking for f77... no
checking for frt... no
checking for pgf77... no
checking for cf77... no
checking for fort77... no
checking for fl32... no
checking for af77... no
checking for xlf90... no
checking for f90... no
checking for pgf90... no
checking for pghpf... no
checking for epcf90... no
checking for gfortran... no
checking for g95... no
checking for xlf95... no
checking for f95... no
checking for fort... no
checking for ifort... no
checking for ifc... no
checking for efc... no
checking for pgfortran... no
checking for pgf95... no
checking for lf95... no
checking for ftn... no
checking for nagfor... no
checking whether the compiler supports GNU Fortran 77... no
checking whether  accepts -g... no
checking for gfortran... no
checking for g95... no
checking for xlf95... no
checking for f95... no
checking for fort... no
checking for ifort... no
checking for ifc... no
checking for efc... no
checking for pgfortran... no
checking for pgf95... no
checking for lf95... no
checking for ftn... no
checking for nagfor... no
checking for xlf90... no
checking for f90... no
checking for pgf90... no
checking for pghpf... no
checking for epcf90... no
checking for g77... no
checking for xlf... no
checking for f77... no
checking for frt... no
checking for pgf77... no
checking for cf77... no
checking for fort77... no
checking for fl32... no
checking for af77... no
checking whether the compiler supports GNU Fortran... no
checking whether  accepts -g... no
checking for gccgo... no
checking for gcj... no
checking for windres... no
checking for C compiler option to allow warnings... -Wno-error
checking for C++ compiler option to allow warnings... -Wno-error
checking that generated files are newer than configure... done
configure: creating ./config.status
config.status: creating Makefile
config.status: creating gnulib-tests/Makefile
config.status: creating config.h
config.status: executing tests/atconfig commands
config.status: executing depfiles commands
config.status: executing libtool commands
configure: WARNING: unrecognized options: --disable-gtk-doc, --disable-gtk-doc-html, --disable-doc, --disable-docs, --disable-documentation, --disable-debug, --with-xmlto, --with-fop, --disable-nls
>>> host-libtool 2.5.4 Building
GIT_DIR=. PATH="/home/no/Desktop/github/riscv_emulator-seulgi-v1/buildroot/output/host/bin:/home/no/Desktop/github/riscv_emulator-seulgi-v1/buildroot/output/host/sbin:/home/no/.local/bin:/home/no/.local/bin:/home/no/bin:/media/no/b7ced73c-5231-4462-b98d-64e38fe2df9e/home/jbez/Desktop/!.📶️.SHARE]/!.🦾️].fullsharezip/💪🏾️].no-desk.sharezip/📲️📵️.GTFO.flxbx.📦️arcbit♏️/#.⛷️LOOSE-TANGENT]2wild]🎄️⛷️/🪆️.a0/📟️.a0/🎓️/🧼️/🥌️🗡️🛡️🧷️/🛡️.ARMOR.OF.WAR.NOW!]a1/🌐️🗺️🧫️.voxel_sphere_lab]a0/2.Mid.urf.PLAY]loglev]🪓️🤓️🪄️🪵️a0/🧪️]jul8.🏚️.®™]d10/jl69.🥡️.®™]🟦🟥️🟨️]a0/!.🚦️🏎️🏎️🏎️]a3]GOIN!/Fas7.🥡️.®™]🔳️⏹️]E6/earf.🌎️.®™/Lnd1.🏝️.®™/crsr.🗡️.®™]g10📌️/env0🥡️.®™]a0📌️/home.🥡️.®™]a0📌️/!.inst.🫕️.®™/+x/:/home/no/.grok/bin:/home/no/.opencode/bin:/home/no/.local/bin:/usr/local/bin:/usr/local/qt4/bin:/usr/local/qt4/bin:/home/no/.nvm/versions/node/v22.11.0/bin:/home/no/.local/bin:/home/no/.cargo/bin:/home/no/.local/bin:/home/no/bin:/media/no/b7ced73c-5231-4462-b98d-64e38fe2df9e/home/jbez/Desktop/!.📶️.SHARE]/!.🦾️].fullsharezip/💪🏾️].no-desk.sharezip/📲️📵️.GTFO.flxbx.📦️arcbit♏️/#.⛷️LOOSE-TANGENT]2wild]🎄️⛷️/🪆️.a0/📟️.a0/🎓️/🧼️/🥌️🗡️🛡️🧷️/🛡️.ARMOR.OF.WAR.NOW!]a1/🌐️🗺️🧫️.voxel_sphere_lab]a0/2.Mid.urf.PLAY]loglev]🪓️🤓️🪄️🪵️a0/🧪️]jul8.🏚️.®™]d10/jl69.🥡️.®™]🟦🟥️🟨️]a0/!.🚦️🏎️🏎️🏎️]a3]GOIN!/Fas7.🥡️.®™]🔳️⏹️]E6/earf.🌎️.®™/Lnd1.🏝️.®™/crsr.🗡️.®™]g10📌️/env0🥡️.®™]a0📌️/home.🥡️.®™]a0📌️/!.inst.🫕️.®™/+x/:/usr/local/sbin:/usr/local/bin:/usr/sbin:/usr/bin:/sbin:/bin:/usr/games:/usr/local/games:/snap/bin:/snap/bin:/home/no/.local/bin:/home/no/.lmstudio/bin:/home/no/.lmstudio/bin:/home/no/.lmstudio/bin" PKG_CONFIG="/home/no/Desktop/github/riscv_emulator-seulgi-v1/buildroot/output/host/bin/pkg-config" PKG_CONFIG_SYSROOT_DIR="/" PKG_CONFIG_ALLOW_SYSTEM_CFLAGS=1 PKG_CONFIG_ALLOW_SYSTEM_LIBS=1 PKG_CONFIG_LIBDIR="/home/no/Desktop/github/riscv_emulator-seulgi-v1/buildroot/output/host/lib/pkgconfig:/home/no/Desktop/github/riscv_emulator-seulgi-v1/buildroot/output/host/share/pkgconfig"  /usr/bin/make   -C /home/no/Desktop/github/riscv_emulator-seulgi-v1/buildroot/output/build/host-libtool-2.5.4/.
  GEN      libtoolize
/usr/bin/make  all-recursive
Making all in .
  CC       libltdl/loaders/libltdl_la-preopen.lo
  CC       libltdl/libltdl_la-lt_dlloader.lo
  CC       libltdl/libltdl_la-lt__alloc.lo
  CC       libltdl/libltdl_la-lt_error.lo
  CC       libltdl/libltdl_la-ltdl.lo
  CC       libltdl/libltdl_la-slist.lo
  CC       libltdl/loaders/dlopen.lo
  CC       libltdl/lt__strl.lo
  CCLD     libltdl/dlopen.la
  CCLD     libltdl/libltdl.la
  GEN      libltdl/stamp-mk
Making all in gnulib-tests
## ---------------------------------------------------- ##
## ------------------- Gnulib tests ------------------- ##
## You can ignore compiler warnings in this directory.  ##
## ---------------------------------------------------- ##
/usr/bin/make  all-recursive
Making all in .
make[6]: Nothing to be done for 'all-am'.
>>> host-libtool 2.5.4 Installing to host directory
GIT_DIR=. PATH="/home/no/Desktop/github/riscv_emulator-seulgi-v1/buildroot/output/host/bin:/home/no/Desktop/github/riscv_emulator-seulgi-v1/buildroot/output/host/sbin:/home/no/.local/bin:/home/no/.local/bin:/home/no/bin:/media/no/b7ced73c-5231-4462-b98d-64e38fe2df9e/home/jbez/Desktop/!.📶️.SHARE]/!.🦾️].fullsharezip/💪🏾️].no-desk.sharezip/📲️📵️.GTFO.flxbx.📦️arcbit♏️/#.⛷️LOOSE-TANGENT]2wild]🎄️⛷️/🪆️.a0/📟️.a0/🎓️/🧼️/🥌️🗡️🛡️🧷️/🛡️.ARMOR.OF.WAR.NOW!]a1/🌐️🗺️🧫️.voxel_sphere_lab]a0/2.Mid.urf.PLAY]loglev]🪓️🤓️🪄️🪵️a0/🧪️]jul8.🏚️.®™]d10/jl69.🥡️.®™]🟦🟥️🟨️]a0/!.🚦️🏎️🏎️🏎️]a3]GOIN!/Fas7.🥡️.®™]🔳️⏹️]E6/earf.🌎️.®™/Lnd1.🏝️.®™/crsr.🗡️.®™]g10📌️/env0🥡️.®™]a0📌️/home.🥡️.®™]a0📌️/!.inst.🫕️.®™/+x/:/home/no/.grok/bin:/home/no/.opencode/bin:/home/no/.local/bin:/usr/local/bin:/usr/local/qt4/bin:/usr/local/qt4/bin:/home/no/.nvm/versions/node/v22.11.0/bin:/home/no/.local/bin:/home/no/.cargo/bin:/home/no/.local/bin:/home/no/bin:/media/no/b7ced73c-5231-4462-b98d-64e38fe2df9e/home/jbez/Desktop/!.📶️.SHARE]/!.🦾️].fullsharezip/💪🏾️].no-desk.sharezip/📲️📵️.GTFO.flxbx.📦️arcbit♏️/#.⛷️LOOSE-TANGENT]2wild]🎄️⛷️/🪆️.a0/📟️.a0/🎓️/🧼️/🥌️🗡️🛡️🧷️/🛡️.ARMOR.OF.WAR.NOW!]a1/🌐️🗺️🧫️.voxel_sphere_lab]a0/2.Mid.urf.PLAY]loglev]🪓️🤓️🪄️🪵️a0/🧪️]jul8.🏚️.®™]d10/jl69.🥡️.®™]🟦🟥️🟨️]a0/!.🚦️🏎️🏎️🏎️]a3]GOIN!/Fas7.🥡️.®™]🔳️⏹️]E6/earf.🌎️.®™/Lnd1.🏝️.®™/crsr.🗡️.®™]g10📌️/env0🥡️.®™]a0📌️/home.🥡️.®™]a0📌️/!.inst.🫕️.®™/+x/:/usr/local/sbin:/usr/local/bin:/usr/sbin:/usr/bin:/sbin:/bin:/usr/games:/usr/local/games:/snap/bin:/snap/bin:/home/no/.local/bin:/home/no/.lmstudio/bin:/home/no/.lmstudio/bin:/home/no/.lmstudio/bin" PKG_CONFIG="/home/no/Desktop/github/riscv_emulator-seulgi-v1/buildroot/output/host/bin/pkg-config" PKG_CONFIG_SYSROOT_DIR="/" PKG_CONFIG_ALLOW_SYSTEM_CFLAGS=1 PKG_CONFIG_ALLOW_SYSTEM_LIBS=1 PKG_CONFIG_LIBDIR="/home/no/Desktop/github/riscv_emulator-seulgi-v1/buildroot/output/host/lib/pkgconfig:/home/no/Desktop/github/riscv_emulator-seulgi-v1/buildroot/output/host/share/pkgconfig"  /usr/bin/make  install -C /home/no/Desktop/github/riscv_emulator-seulgi-v1/buildroot/output/build/host-libtool-2.5.4/.
/usr/bin/make  install-recursive
Making install in .
 /usr/bin/mkdir -p '/home/no/Desktop/github/riscv_emulator-seulgi-v1/buildroot/output/host/bin'
 /usr/bin/mkdir -p '/home/no/Desktop/github/riscv_emulator-seulgi-v1/buildroot/output/host/lib'
 /usr/bin/mkdir -p '/home/no/Desktop/github/riscv_emulator-seulgi-v1/buildroot/output/host/include'
 /bin/bash ./libtool   --mode=install /usr/bin/install -c   libltdl/libltdl.la '/home/no/Desktop/github/riscv_emulator-seulgi-v1/buildroot/output/host/lib'
 /usr/bin/mkdir -p '/home/no/Desktop/github/riscv_emulator-seulgi-v1/buildroot/output/host/include/libltdl'
 /usr/bin/install -c libtool '/home/no/Desktop/github/riscv_emulator-seulgi-v1/buildroot/output/host/bin'
 GREP='/usr/bin/grep' SED='/usr/bin/sed' './build-aux/inline-source' libtoolize > '/home/no/Desktop/github/riscv_emulator-seulgi-v1/buildroot/output/host/bin/libtoolize'
 /usr/bin/mkdir -p '/home/no/Desktop/github/riscv_emulator-seulgi-v1/buildroot/output/host/share/man/man1'
 /usr/bin/install -c -m 644 libltdl/libltdl/lt_system.h libltdl/libltdl/lt_error.h libltdl/libltdl/lt_dlloader.h '/home/no/Desktop/github/riscv_emulator-seulgi-v1/buildroot/output/host/include/libltdl'
 /usr/bin/mkdir -p '/home/no/Desktop/github/riscv_emulator-seulgi-v1/buildroot/output/host/share/info'
 /usr/bin/install -c -m 644 libltdl/ltdl.h '/home/no/Desktop/github/riscv_emulator-seulgi-v1/buildroot/output/host/include'
 /usr/bin/install -c -m 644 ./doc/libtool.1 ./doc/libtoolize.1 '/home/no/Desktop/github/riscv_emulator-seulgi-v1/buildroot/output/host/share/man/man1'
 /usr/bin/install -c -m 644 ./doc/libtool.info ./doc/libtool.info-1 ./doc/libtool.info-2 '/home/no/Desktop/github/riscv_emulator-seulgi-v1/buildroot/output/host/share/info'
 install-info --info-dir='/home/no/Desktop/github/riscv_emulator-seulgi-v1/buildroot/output/host/share/info' '/home/no/Desktop/github/riscv_emulator-seulgi-v1/buildroot/output/host/share/info/libtool.info'
libtool: install: /usr/bin/install -c libltdl/.libs/libltdl.so.7.3.3 /home/no/Desktop/github/riscv_emulator-seulgi-v1/buildroot/output/host/lib/libltdl.so.7.3.3
libtool: install: (cd /home/no/Desktop/github/riscv_emulator-seulgi-v1/buildroot/output/host/lib && { ln -s -f libltdl.so.7.3.3 libltdl.so.7 || { rm -f libltdl.so.7 && ln -s libltdl.so.7.3.3 libltdl.so.7; }; })
libtool: install: (cd /home/no/Desktop/github/riscv_emulator-seulgi-v1/buildroot/output/host/lib && { ln -s -f libltdl.so.7.3.3 libltdl.so || { rm -f libltdl.so && ln -s libltdl.so.7.3.3 libltdl.so; }; })
libtool: install: /usr/bin/install -c libltdl/.libs/libltdl.lai /home/no/Desktop/github/riscv_emulator-seulgi-v1/buildroot/output/host/lib/libltdl.la
libtool: finish: PATH="/home/no/Desktop/github/riscv_emulator-seulgi-v1/buildroot/output/host/bin:/home/no/Desktop/github/riscv_emulator-seulgi-v1/buildroot/output/host/sbin:/home/no/.local/bin:/home/no/.local/bin:/home/no/bin:/media/no/b7ced73c-5231-4462-b98d-64e38fe2df9e/home/jbez/Desktop/!.📶️.SHARE]/!.🦾️].fullsharezip/💪🏾️].no-desk.sharezip/📲️📵️.GTFO.flxbx.📦️arcbit♏️/#.⛷️LOOSE-TANGENT]2wild]🎄️⛷️/🪆️.a0/📟️.a0/🎓️/🧼️/🥌️🗡️🛡️🧷️/🛡️.ARMOR.OF.WAR.NOW!]a1/🌐️🗺️🧫️.voxel_sphere_lab]a0/2.Mid.urf.PLAY]loglev]🪓️🤓️🪄️🪵️a0/🧪️]jul8.🏚️.®™]d10/jl69.🥡️.®™]🟦🟥️🟨️]a0/!.🚦️🏎️🏎️🏎️]a3]GOIN!/Fas7.🥡️.®™]🔳️⏹️]E6/earf.🌎️.®™/Lnd1.🏝️.®™/crsr.🗡️.®™]g10📌️/env0🥡️.®™]a0📌️/home.🥡️.®™]a0📌️/!.inst.🫕️.®™/+x/:/home/no/.grok/bin:/home/no/.opencode/bin:/home/no/.local/bin:/usr/local/bin:/usr/local/qt4/bin:/usr/local/qt4/bin:/home/no/.nvm/versions/node/v22.11.0/bin:/home/no/.local/bin:/home/no/.cargo/bin:/home/no/.local/bin:/home/no/bin:/media/no/b7ced73c-5231-4462-b98d-64e38fe2df9e/home/jbez/Desktop/!.📶️.SHARE]/!.🦾️].fullsharezip/💪🏾️].no-desk.sharezip/📲️📵️.GTFO.flxbx.📦️arcbit♏️/#.⛷️LOOSE-TANGENT]2wild]🎄️⛷️/🪆️.a0/📟️.a0/🎓️/🧼️/🥌️🗡️🛡️🧷️/🛡️.ARMOR.OF.WAR.NOW!]a1/🌐️🗺️🧫️.voxel_sphere_lab]a0/2.Mid.urf.PLAY]loglev]🪓️🤓️🪄️🪵️a0/🧪️]jul8.🏚️.®™]d10/jl69.🥡️.®™]🟦🟥️🟨️]a0/!.🚦️🏎️🏎️🏎️]a3]GOIN!/Fas7.🥡️.®™]🔳️⏹️]E6/earf.🌎️.®™/Lnd1.🏝️.®™/crsr.🗡️.®™]g10📌️/env0🥡️.®™]a0📌️/home.🥡️.®™]a0📌️/!.inst.🫕️.®™/+x/:/usr/local/sbin:/usr/local/bin:/usr/sbin:/usr/bin:/sbin:/bin:/usr/games:/usr/local/games:/snap/bin:/snap/bin:/home/no/.local/bin:/home/no/.lmstudio/bin:/home/no/.lmstudio/bin:/home/no/.lmstudio/bin:/sbin" ldconfig -n /home/no/Desktop/github/riscv_emulator-seulgi-v1/buildroot/output/host/lib
rm -rf '/home/no/Desktop/github/riscv_emulator-seulgi-v1/buildroot/output/host/share/libtool'/*
----------------------------------------------------------------------
Libraries have been installed in:
   /home/no/Desktop/github/riscv_emulator-seulgi-v1/buildroot/output/host/lib

If you ever happen to want to link against installed libraries
in a given directory, LIBDIR, you must either use libtool, and
specify the full pathname of the library, or use the '-LLIBDIR'
flag during linking and do at least one of the following:
   - add LIBDIR to the 'LD_LIBRARY_PATH' environment variable
     during execution
   - add LIBDIR to the 'LD_RUN_PATH' environment variable
     during linking
   - use the '-Wl,-rpath -Wl,LIBDIR' linker flag
   - have your system administrator add LIBDIR to '/etc/ld.so.conf'

See any operating system documentation about shared libraries for
more information, such as the ld(1) and ld.so(8) manual pages.
----------------------------------------------------------------------
 /usr/bin/install -c -m 644 './m4/libtool.m4' '/home/no/Desktop/github/riscv_emulator-seulgi-v1/buildroot/output/host/share/aclocal/libtool.m4'
 /usr/bin/install -c -m 644 './m4/ltargz.m4' '/home/no/Desktop/github/riscv_emulator-seulgi-v1/buildroot/output/host/share/aclocal/ltargz.m4'
 /usr/bin/install -c -m 644 './m4/ltdl.m4' '/home/no/Desktop/github/riscv_emulator-seulgi-v1/buildroot/output/host/share/aclocal/ltdl.m4'
 /usr/bin/install -c -m 644 './m4/ltoptions.m4' '/home/no/Desktop/github/riscv_emulator-seulgi-v1/buildroot/output/host/share/aclocal/ltoptions.m4'
 /usr/bin/install -c -m 644 './m4/ltsugar.m4' '/home/no/Desktop/github/riscv_emulator-seulgi-v1/buildroot/output/host/share/aclocal/ltsugar.m4'
 /usr/bin/install -c -m 644 './m4/ltversion.m4' '/home/no/Desktop/github/riscv_emulator-seulgi-v1/buildroot/output/host/share/aclocal/ltversion.m4'
 /usr/bin/install -c -m 644 './m4/lt~obsolete.m4' '/home/no/Desktop/github/riscv_emulator-seulgi-v1/buildroot/output/host/share/aclocal/lt~obsolete.m4'
 /usr/bin/install -c './build-aux/compile' '/home/no/Desktop/github/riscv_emulator-seulgi-v1/buildroot/output/host/share/libtool/build-aux/compile'
 /usr/bin/install -c './build-aux/config.guess' '/home/no/Desktop/github/riscv_emulator-seulgi-v1/buildroot/output/host/share/libtool/build-aux/config.guess'
 /usr/bin/install -c './build-aux/config.sub' '/home/no/Desktop/github/riscv_emulator-seulgi-v1/buildroot/output/host/share/libtool/build-aux/config.sub'
 /usr/bin/install -c './build-aux/depcomp' '/home/no/Desktop/github/riscv_emulator-seulgi-v1/buildroot/output/host/share/libtool/build-aux/depcomp'
 /usr/bin/install -c './build-aux/install-sh' '/home/no/Desktop/github/riscv_emulator-seulgi-v1/buildroot/output/host/share/libtool/build-aux/install-sh'
 /usr/bin/install -c './build-aux/missing' '/home/no/Desktop/github/riscv_emulator-seulgi-v1/buildroot/output/host/share/libtool/build-aux/missing'
 /usr/bin/install -c -m 644 './build-aux/ltmain.sh' '/home/no/Desktop/github/riscv_emulator-seulgi-v1/buildroot/output/host/share/libtool/build-aux/ltmain.sh'
 /usr/bin/install -c -m 644 './libltdl/COPYING.LIB' '/home/no/Desktop/github/riscv_emulator-seulgi-v1/buildroot/output/host/share/libtool/COPYING.LIB'
 /usr/bin/install -c -m 644 './libltdl/Makefile.am' '/home/no/Desktop/github/riscv_emulator-seulgi-v1/buildroot/output/host/share/libtool/Makefile.am'
 /usr/bin/install -c -m 644 './libltdl/README' '/home/no/Desktop/github/riscv_emulator-seulgi-v1/buildroot/output/host/share/libtool/README'
 /usr/bin/install -c -m 644 './libltdl/configure.ac' '/home/no/Desktop/github/riscv_emulator-seulgi-v1/buildroot/output/host/share/libtool/configure.ac'
 /usr/bin/install -c -m 644 './libltdl/aclocal.m4' '/home/no/Desktop/github/riscv_emulator-seulgi-v1/buildroot/output/host/share/libtool/aclocal.m4'
 /usr/bin/install -c -m 644 './libltdl/Makefile.in' '/home/no/Desktop/github/riscv_emulator-seulgi-v1/buildroot/output/host/share/libtool/Makefile.in'
 /usr/bin/install -c -m 644 './libltdl/config-h.in' '/home/no/Desktop/github/riscv_emulator-seulgi-v1/buildroot/output/host/share/libtool/config-h.in'
 /usr/bin/install -c -m 644 './libltdl/configure' '/home/no/Desktop/github/riscv_emulator-seulgi-v1/buildroot/output/host/share/libtool/configure'
 /usr/bin/install -c -m 644 './libltdl/libltdl/lt__alloc.h' '/home/no/Desktop/github/riscv_emulator-seulgi-v1/buildroot/output/host/share/libtool/libltdl/lt__alloc.h'
 /usr/bin/install -c -m 644 './libltdl/libltdl/lt__argz_.h' '/home/no/Desktop/github/riscv_emulator-seulgi-v1/buildroot/output/host/share/libtool/libltdl/lt__argz_.h'
 /usr/bin/install -c -m 644 './libltdl/libltdl/lt__dirent.h' '/home/no/Desktop/github/riscv_emulator-seulgi-v1/buildroot/output/host/share/libtool/libltdl/lt__dirent.h'
 /usr/bin/install -c -m 644 './libltdl/libltdl/lt__glibc.h' '/home/no/Desktop/github/riscv_emulator-seulgi-v1/buildroot/output/host/share/libtool/libltdl/lt__glibc.h'
 /usr/bin/install -c -m 644 './libltdl/libltdl/lt__private.h' '/home/no/Desktop/github/riscv_emulator-seulgi-v1/buildroot/output/host/share/libtool/libltdl/lt__private.h'
 /usr/bin/install -c -m 644 './libltdl/libltdl/lt__strl.h' '/home/no/Desktop/github/riscv_emulator-seulgi-v1/buildroot/output/host/share/libtool/libltdl/lt__strl.h'
 /usr/bin/install -c -m 644 './libltdl/libltdl/lt_dlloader.h' '/home/no/Desktop/github/riscv_emulator-seulgi-v1/buildroot/output/host/share/libtool/libltdl/lt_dlloader.h'
 /usr/bin/install -c -m 644 './libltdl/libltdl/lt_error.h' '/home/no/Desktop/github/riscv_emulator-seulgi-v1/buildroot/output/host/share/libtool/libltdl/lt_error.h'
 /usr/bin/install -c -m 644 './libltdl/libltdl/lt_system.h' '/home/no/Desktop/github/riscv_emulator-seulgi-v1/buildroot/output/host/share/libtool/libltdl/lt_system.h'
 /usr/bin/install -c -m 644 './libltdl/libltdl/slist.h' '/home/no/Desktop/github/riscv_emulator-seulgi-v1/buildroot/output/host/share/libtool/libltdl/slist.h'
 /usr/bin/install -c -m 644 './libltdl/loaders/dld_link.c' '/home/no/Desktop/github/riscv_emulator-seulgi-v1/buildroot/output/host/share/libtool/loaders/dld_link.c'
 /usr/bin/install -c -m 644 './libltdl/loaders/dlopen.c' '/home/no/Desktop/github/riscv_emulator-seulgi-v1/buildroot/output/host/share/libtool/loaders/dlopen.c'
 /usr/bin/install -c -m 644 './libltdl/loaders/dyld.c' '/home/no/Desktop/github/riscv_emulator-seulgi-v1/buildroot/output/host/share/libtool/loaders/dyld.c'
 /usr/bin/install -c -m 644 './libltdl/loaders/load_add_on.c' '/home/no/Desktop/github/riscv_emulator-seulgi-v1/buildroot/output/host/share/libtool/loaders/load_add_on.c'
 /usr/bin/install -c -m 644 './libltdl/loaders/loadlibrary.c' '/home/no/Desktop/github/riscv_emulator-seulgi-v1/buildroot/output/host/share/libtool/loaders/loadlibrary.c'
 /usr/bin/install -c -m 644 './libltdl/loaders/preopen.c' '/home/no/Desktop/github/riscv_emulator-seulgi-v1/buildroot/output/host/share/libtool/loaders/preopen.c'
 /usr/bin/install -c -m 644 './libltdl/loaders/shl_load.c' '/home/no/Desktop/github/riscv_emulator-seulgi-v1/buildroot/output/host/share/libtool/loaders/shl_load.c'
 /usr/bin/install -c -m 644 './libltdl/lt__alloc.c' '/home/no/Desktop/github/riscv_emulator-seulgi-v1/buildroot/output/host/share/libtool/lt__alloc.c'
 /usr/bin/install -c -m 644 './libltdl/lt__argz.c' '/home/no/Desktop/github/riscv_emulator-seulgi-v1/buildroot/output/host/share/libtool/lt__argz.c'
 /usr/bin/install -c -m 644 './libltdl/lt__dirent.c' '/home/no/Desktop/github/riscv_emulator-seulgi-v1/buildroot/output/host/share/libtool/lt__dirent.c'
 /usr/bin/install -c -m 644 './libltdl/lt__strl.c' '/home/no/Desktop/github/riscv_emulator-seulgi-v1/buildroot/output/host/share/libtool/lt__strl.c'
 /usr/bin/install -c -m 644 './libltdl/lt_dlloader.c' '/home/no/Desktop/github/riscv_emulator-seulgi-v1/buildroot/output/host/share/libtool/lt_dlloader.c'
 /usr/bin/install -c -m 644 './libltdl/lt_error.c' '/home/no/Desktop/github/riscv_emulator-seulgi-v1/buildroot/output/host/share/libtool/lt_error.c'
 /usr/bin/install -c -m 644 './libltdl/ltdl.c' '/home/no/Desktop/github/riscv_emulator-seulgi-v1/buildroot/output/host/share/libtool/ltdl.c'
 /usr/bin/install -c -m 644 './libltdl/ltdl.h' '/home/no/Desktop/github/riscv_emulator-seulgi-v1/buildroot/output/host/share/libtool/ltdl.h'
 /usr/bin/install -c -m 644 './libltdl/ltdl.mk' '/home/no/Desktop/github/riscv_emulator-seulgi-v1/buildroot/output/host/share/libtool/ltdl.mk'
 /usr/bin/install -c -m 644 './libltdl/slist.c' '/home/no/Desktop/github/riscv_emulator-seulgi-v1/buildroot/output/host/share/libtool/slist.c'
chmod a+x '/home/no/Desktop/github/riscv_emulator-seulgi-v1/buildroot/output/host/share/libtool/configure'
Making install in gnulib-tests
/usr/bin/make  install-recursive
Making install in .
make[7]: Nothing to be done for 'install-exec-am'.
>>> host-autoconf 2.73 Downloading
wget -nd -t 3 --connect-timeout=10 -O '/home/no/Desktop/github/riscv_emulator-seulgi-v1/buildroot/output/build/.autoconf-2.73.tar.xz.OegAYs/output' 'https://ftpmirror.gnu.org/autoconf/autoconf-2.73.tar.xz' 
--2026-09-15 11:07:14--  https://ftpmirror.gnu.org/autoconf/autoconf-2.73.tar.xz
Resolving ftpmirror.gnu.org (ftpmirror.gnu.org)... 2001:470:142:5::200, 209.51.188.200
Connecting to ftpmirror.gnu.org (ftpmirror.gnu.org)|2001:470:142:5::200|:443... connected.
HTTP request sent, awaiting response... 302 Moved Temporarily
Location: https://mirror.cedia.org.ec/gnu/autoconf/autoconf-2.73.tar.xz [following]
--2026-09-15 11:07:15--  https://mirror.cedia.org.ec/gnu/autoconf/autoconf-2.73.tar.xz
Resolving mirror.cedia.org.ec (mirror.cedia.org.ec)... 2800:68:0:bebe::3, 201.159.221.67
Connecting to mirror.cedia.org.ec (mirror.cedia.org.ec)|2800:68:0:bebe::3|:443... connected.
HTTP request sent, awaiting response... 200 OK
Length: 1417428 (1.4M) [application/octet-stream]
Saving to: ‘/home/no/Desktop/github/riscv_emulator-seulgi-v1/buildroot/output/build/.autoconf-2.73.tar.xz.OegAYs/output’

     0K .......... .......... .......... .......... ..........  3%  341K 4s
    50K .......... .......... .......... .......... ..........  7%  345K 4s
   100K .......... .......... .......... .......... .......... 10%  337K 4s
   150K .......... .......... .......... .......... .......... 14% 54.2M 3s
   200K .......... .......... .......... .......... .......... 18%  344K 3s
   250K .......... .......... .......... .......... .......... 21% 41.3M 2s
   300K .......... .......... .......... .......... .......... 25% 66.7M 2s
   350K .......... .......... .......... .......... .......... 28% 22.1M 1s
   400K .......... .......... .......... .......... .......... 32% 9.54M 1s
   450K .......... .......... .......... .......... .......... 36%  149M 1s
   500K .......... .......... .......... .......... .......... 39%  363K 1s
   550K .......... .......... .......... .......... .......... 43% 72.9M 1s
   600K .......... .......... .......... .......... .......... 46% 23.9M 1s
   650K .......... .......... .......... .......... .......... 50% 58.2M 1s
   700K .......... .......... .......... .......... .......... 54% 53.8M 1s
   750K .......... .......... .......... .......... .......... 57% 38.1M 1s
   800K .......... .......... .......... .......... .......... 61% 61.9M 0s
   850K .......... .......... .......... .......... .......... 65% 9.59M 0s
   900K .......... .......... .......... .......... .......... 68% 47.4M 0s
   950K .......... .......... .......... .......... .......... 72% 36.2M 0s
  1000K .......... .......... .......... .......... .......... 75%  325K 0s
  1050K .......... .......... .......... .......... .......... 79% 49.1M 0s
  1100K .......... .......... .......... .......... .......... 83% 59.3M 0s
  1150K .......... .......... .......... .......... .......... 86% 35.8M 0s
  1200K .......... .......... .......... .......... .......... 90% 44.3M 0s
  1250K .......... .......... .......... .......... .......... 93% 53.3M 0s
  1300K .......... .......... .......... .......... .......... 97% 52.3M 0s
  1350K .......... .......... .......... ....                 100% 19.4M=0.9s

2026-09-15 11:07:17 (1.49 MB/s) - ‘/home/no/Desktop/github/riscv_emulator-seulgi-v1/buildroot/output/build/.autoconf-2.73.tar.xz.OegAYs/output’ saved [1417428/1417428]

autoconf-2.73.tar.xz: OK (sha256: 9fd672b1c8425fac2fa67fa0477b990987268b90ff36d5f016dae57be0d6b52e)
>>> host-autoconf 2.73 Extracting
xzcat /home/no/Desktop/github/riscv_emulator-seulgi-v1/buildroot/dl/autoconf/autoconf-2.73.tar.xz | /home/no/Desktop/github/riscv_emulator-seulgi-v1/buildroot/output/host/bin/tar --strip-components=1 -C /home/no/Desktop/github/riscv_emulator-seulgi-v1/buildroot/output/build/host-autoconf-2.73   -xf -
>>> host-autoconf 2.73 Patching

Applying 0001-dont-add-dirty-to-version.patch using patch: 
patching file build-aux/git-version-gen
>>> host-autoconf 2.73 Updating config.sub and config.guess
for file in config.guess config.sub; do for i in $(find /home/no/Desktop/github/riscv_emulator-seulgi-v1/buildroot/output/build/host-autoconf-2.73 -name $file); do cp support/gnuconfig/$file $i; done; done
>>> host-autoconf 2.73 Patching libtool
>>> host-autoconf 2.73 Configuring
(cd /home/no/Desktop/github/riscv_emulator-seulgi-v1/buildroot/output/build/host-autoconf-2.73/ && rm -rf config.cache; GIT_DIR=. PATH="/home/no/Desktop/github/riscv_emulator-seulgi-v1/buildroot/output/host/bin:/home/no/Desktop/github/riscv_emulator-seulgi-v1/buildroot/output/host/sbin:/home/no/.local/bin:/home/no/.local/bin:/home/no/bin:/media/no/b7ced73c-5231-4462-b98d-64e38fe2df9e/home/jbez/Desktop/!.📶️.SHARE]/!.🦾️].fullsharezip/💪🏾️].no-desk.sharezip/📲️📵️.GTFO.flxbx.📦️arcbit♏️/#.⛷️LOOSE-TANGENT]2wild]🎄️⛷️/🪆️.a0/📟️.a0/🎓️/🧼️/🥌️🗡️🛡️🧷️/🛡️.ARMOR.OF.WAR.NOW!]a1/🌐️🗺️🧫️.voxel_sphere_lab]a0/2.Mid.urf.PLAY]loglev]🪓️🤓️🪄️🪵️a0/🧪️]jul8.🏚️.®™]d10/jl69.🥡️.®™]🟦🟥️🟨️]a0/!.🚦️🏎️🏎️🏎️]a3]GOIN!/Fas7.🥡️.®™]🔳️⏹️]E6/earf.🌎️.®™/Lnd1.🏝️.®™/crsr.🗡️.®™]g10📌️/env0🥡️.®™]a0📌️/home.🥡️.®™]a0📌️/!.inst.🫕️.®™/+x/:/home/no/.grok/bin:/home/no/.opencode/bin:/home/no/.local/bin:/usr/local/bin:/usr/local/qt4/bin:/usr/local/qt4/bin:/home/no/.nvm/versions/node/v22.11.0/bin:/home/no/.local/bin:/home/no/.cargo/bin:/home/no/.local/bin:/home/no/bin:/media/no/b7ced73c-5231-4462-b98d-64e38fe2df9e/home/jbez/Desktop/!.📶️.SHARE]/!.🦾️].fullsharezip/💪🏾️].no-desk.sharezip/📲️📵️.GTFO.flxbx.📦️arcbit♏️/#.⛷️LOOSE-TANGENT]2wild]🎄️⛷️/🪆️.a0/📟️.a0/🎓️/🧼️/🥌️🗡️🛡️🧷️/🛡️.ARMOR.OF.WAR.NOW!]a1/🌐️🗺️🧫️.voxel_sphere_lab]a0/2.Mid.urf.PLAY]loglev]🪓️🤓️🪄️🪵️a0/🧪️]jul8.🏚️.®™]d10/jl69.🥡️.®™]🟦🟥️🟨️]a0/!.🚦️🏎️🏎️🏎️]a3]GOIN!/Fas7.🥡️.®™]🔳️⏹️]E6/earf.🌎️.®™/Lnd1.🏝️.®™/crsr.🗡️.®™]g10📌️/env0🥡️.®™]a0📌️/home.🥡️.®™]a0📌️/!.inst.🫕️.®™/+x/:/usr/local/sbin:/usr/local/bin:/usr/sbin:/usr/bin:/sbin:/bin:/usr/games:/usr/local/games:/snap/bin:/snap/bin:/home/no/.local/bin:/home/no/.lmstudio/bin:/home/no/.lmstudio/bin:/home/no/.lmstudio/bin" PKG_CONFIG="/home/no/Desktop/github/riscv_emulator-seulgi-v1/buildroot/output/host/bin/pkg-config" PKG_CONFIG_SYSROOT_DIR="/" PKG_CONFIG_ALLOW_SYSTEM_CFLAGS=1 PKG_CONFIG_ALLOW_SYSTEM_LIBS=1 PKG_CONFIG_LIBDIR="/home/no/Desktop/github/riscv_emulator-seulgi-v1/buildroot/output/host/lib/pkgconfig:/home/no/Desktop/github/riscv_emulator-seulgi-v1/buildroot/output/host/share/pkgconfig" AR="/usr/bin/ar" AS="/usr/bin/as" LD="/usr/bin/ld" NM="/usr/bin/nm" CC="/usr/bin/gcc" GCC="/usr/bin/gcc" CXX="/usr/bin/g++" CPP="/usr/bin/cpp" OBJCOPY="/usr/bin/objcopy" RANLIB="/usr/bin/ranlib" CPPFLAGS="-I/home/no/Desktop/github/riscv_emulator-seulgi-v1/buildroot/output/host/include" CFLAGS="-O2 -I/home/no/Desktop/github/riscv_emulator-seulgi-v1/buildroot/output/host/include" CXXFLAGS="-O2 -I/home/no/Desktop/github/riscv_emulator-seulgi-v1/buildroot/output/host/include" LDFLAGS="-L/home/no/Desktop/github/riscv_emulator-seulgi-v1/buildroot/output/host/lib -Wl,-rpath,/home/no/Desktop/github/riscv_emulator-seulgi-v1/buildroot/output/host/lib" INTLTOOL_PERL=/usr/bin/perl EMACS="no" ac_cv_path_M4=/home/no/Desktop/github/riscv_emulator-seulgi-v1/buildroot/output/host/bin/m4 ac_cv_prog_gnu_m4_gnu=no CONFIG_SITE=/dev/null ./configure --prefix="/home/no/Desktop/github/riscv_emulator-seulgi-v1/buildroot/output/host" --sysconfdir="/home/no/Desktop/github/riscv_emulator-seulgi-v1/buildroot/output/host/etc" --localstatedir="/home/no/Desktop/github/riscv_emulator-seulgi-v1/buildroot/output/host/var" --enable-shared --disable-static --disable-gtk-doc --disable-gtk-doc-html --disable-doc --disable-docs --disable-documentation --disable-debug --with-xmlto=no --with-fop=no --disable-nls --disable-dependency-tracking   )
configure: WARNING: unrecognized options: --enable-shared, --disable-static, --disable-gtk-doc, --disable-gtk-doc-html, --disable-doc, --disable-docs, --disable-documentation, --disable-debug, --with-xmlto, --with-fop, --disable-nls, --disable-dependency-tracking
checking for a BSD-compatible install... /usr/bin/install -c
checking whether sleep supports fractional seconds... yes
checking filesystem timestamp resolution... 0.01
checking whether build environment is sane... yes
checking for a race-free mkdir -p... /usr/bin/mkdir -p
checking for gawk... gawk
checking whether make sets $(MAKE)... yes
checking whether make supports nested variables... yes
checking xargs -n works... yes
checking whether UID '1000' is supported by ustar format... yes
checking whether GID '1000' is supported by ustar format... yes
checking how to create a ustar tar archive... gnutar
checking build system type... x86_64-pc-linux-gnu
checking host system type... x86_64-pc-linux-gnu
configure: autobuild project... GNU Autoconf
configure: autobuild revision... 2.73
configure: autobuild hostname... no-Surface-Laptop-3
configure: autobuild timestamp... 20260915T180718Z
checking for a shell whose -n mode is known to work... /bin/bash
checking for characters that cannot appear in file names... none
checking whether directories can have trailing spaces... yes
checking for expr... /usr/bin/expr
checking for GNU M4 that supports accurate traces... (cached) /home/no/Desktop/github/riscv_emulator-seulgi-v1/buildroot/output/host/bin/m4
checking whether /home/no/Desktop/github/riscv_emulator-seulgi-v1/buildroot/output/host/bin/m4 accepts --gnu... (cached) no
checking how m4 supports trace files... --debugfile
checking for perl... /usr/bin/perl
checking whether /usr/bin/perl Fcntl::flock is implemented... yes
checking for emacs... no
checking for emacs... no
checking where .elc files should go... ${datadir}/emacs/site-lisp
checking for grep that handles long lines and -e... /usr/bin/grep
checking for egrep... /usr/bin/grep -E
checking for a sed that does not truncate output... /usr/bin/sed
checking whether make is case sensitive... yes
checking that generated files are newer than configure... done
configure: creating ./config.status
config.status: creating tests/atlocal
config.status: creating Makefile
config.status: creating lib/autoconf_version.m4
config.status: executing tests/atconfig commands
configure: WARNING: unrecognized options: --enable-shared, --disable-static, --disable-gtk-doc, --disable-gtk-doc-html, --disable-doc, --disable-docs, --disable-documentation, --disable-debug, --with-xmlto, --with-fop, --disable-nls, --disable-dependency-tracking

You are about to use an experimental version of Autoconf.  Be sure to
read the relevant mailing lists, most importantly <autoconf@gnu.org>.

Below you will find information on the status of this version of Autoconf.

* Status

                 /*------------------------------------.
                 | New features need further testing.  |
                 `------------------------------------*/

* Autotest parallel testsuite support is still a work in progress.
  There are known issues in job handling under dash and some ksh
  variants, where a parallel testsuite can hang or cause a 100%
  processor load.  In the current release, the overall autoconf
  testsuite only exercises parallel autotest under bash and zsh, or if
  you have defined TEST_PARALLEL_AUTOTEST in the environment.
  Meanwhile, Cygwin has known problems with named fifos that cause
  failures when attempting parallel tests in an autotest suite.  It is
  possible that other difficulties will be encountered, whether with
  shell or platform limitations; help is appreciated in improving
  parallel testsuite support.

>>> host-autoconf 2.73 Building
GIT_DIR=. PATH="/home/no/Desktop/github/riscv_emulator-seulgi-v1/buildroot/output/host/bin:/home/no/Desktop/github/riscv_emulator-seulgi-v1/buildroot/output/host/sbin:/home/no/.local/bin:/home/no/.local/bin:/home/no/bin:/media/no/b7ced73c-5231-4462-b98d-64e38fe2df9e/home/jbez/Desktop/!.📶️.SHARE]/!.🦾️].fullsharezip/💪🏾️].no-desk.sharezip/📲️📵️.GTFO.flxbx.📦️arcbit♏️/#.⛷️LOOSE-TANGENT]2wild]🎄️⛷️/🪆️.a0/📟️.a0/🎓️/🧼️/🥌️🗡️🛡️🧷️/🛡️.ARMOR.OF.WAR.NOW!]a1/🌐️🗺️🧫️.voxel_sphere_lab]a0/2.Mid.urf.PLAY]loglev]🪓️🤓️🪄️🪵️a0/🧪️]jul8.🏚️.®™]d10/jl69.🥡️.®™]🟦🟥️🟨️]a0/!.🚦️🏎️🏎️🏎️]a3]GOIN!/Fas7.🥡️.®™]🔳️⏹️]E6/earf.🌎️.®™/Lnd1.🏝️.®™/crsr.🗡️.®™]g10📌️/env0🥡️.®™]a0📌️/home.🥡️.®™]a0📌️/!.inst.🫕️.®™/+x/:/home/no/.grok/bin:/home/no/.opencode/bin:/home/no/.local/bin:/usr/local/bin:/usr/local/qt4/bin:/usr/local/qt4/bin:/home/no/.nvm/versions/node/v22.11.0/bin:/home/no/.local/bin:/home/no/.cargo/bin:/home/no/.local/bin:/home/no/bin:/media/no/b7ced73c-5231-4462-b98d-64e38fe2df9e/home/jbez/Desktop/!.📶️.SHARE]/!.🦾️].fullsharezip/💪🏾️].no-desk.sharezip/📲️📵️.GTFO.flxbx.📦️arcbit♏️/#.⛷️LOOSE-TANGENT]2wild]🎄️⛷️/🪆️.a0/📟️.a0/🎓️/🧼️/🥌️🗡️🛡️🧷️/🛡️.ARMOR.OF.WAR.NOW!]a1/🌐️🗺️🧫️.voxel_sphere_lab]a0/2.Mid.urf.PLAY]loglev]🪓️🤓️🪄️🪵️a0/🧪️]jul8.🏚️.®™]d10/jl69.🥡️.®™]🟦🟥️🟨️]a0/!.🚦️🏎️🏎️🏎️]a3]GOIN!/Fas7.🥡️.®™]🔳️⏹️]E6/earf.🌎️.®™/Lnd1.🏝️.®™/crsr.🗡️.®™]g10📌️/env0🥡️.®™]a0📌️/home.🥡️.®™]a0📌️/!.inst.🫕️.®™/+x/:/usr/local/sbin:/usr/local/bin:/usr/sbin:/usr/bin:/sbin:/bin:/usr/games:/usr/local/games:/snap/bin:/snap/bin:/home/no/.local/bin:/home/no/.lmstudio/bin:/home/no/.lmstudio/bin:/home/no/.lmstudio/bin" PKG_CONFIG="/home/no/Desktop/github/riscv_emulator-seulgi-v1/buildroot/output/host/bin/pkg-config" PKG_CONFIG_SYSROOT_DIR="/" PKG_CONFIG_ALLOW_SYSTEM_CFLAGS=1 PKG_CONFIG_ALLOW_SYSTEM_LIBS=1 PKG_CONFIG_LIBDIR="/home/no/Desktop/github/riscv_emulator-seulgi-v1/buildroot/output/host/lib/pkgconfig:/home/no/Desktop/github/riscv_emulator-seulgi-v1/buildroot/output/host/share/pkgconfig"  /usr/bin/make   -C /home/no/Desktop/github/riscv_emulator-seulgi-v1/buildroot/output/build/host-autoconf-2.73/
/usr/bin/make  all-am
rm -f bin/autoconf bin/autoconf.tmp
rm -f bin/autoheader bin/autoheader.tmp
rm -f bin/autom4te bin/autom4te.tmp
rm -f bin/autoreconf bin/autoreconf.tmp
rm -f bin/autoscan bin/autoscan.tmp
rm -f bin/autoupdate bin/autoupdate.tmp
rm -f bin/ifnames bin/ifnames.tmp
/usr/bin/mkdir -p bin
/usr/bin/mkdir -p bin
/usr/bin/mkdir -p bin
/usr/bin/mkdir -p bin
/usr/bin/mkdir -p bin
/usr/bin/mkdir -p bin
/usr/bin/mkdir -p bin
srcdir=''; \
  test -f ./bin/autoconf.in || srcdir=./; \
  sed -e 's|@SHELL[@]|/bin/bash|g' -e 's|@PERL[@]|/usr/bin/perl|g' -e 's|@PERL_FLOCK[@]|yes|g' -e 's|@bindir[@]|/home/no/Desktop/github/riscv_emulator-seulgi-v1/buildroot/output/host/bin|g' -e 's|@pkgdatadir[@]|/home/no/Desktop/github/riscv_emulator-seulgi-v1/buildroot/output/host/share/autoconf|g' -e 's|@prefix[@]|/home/no/Desktop/github/riscv_emulator-seulgi-v1/buildroot/output/host|g' -e 's|@autoconf-name[@]|'`echo autoconf | sed 's,x,x,'`'|g' -e 's|@autoheader-name[@]|'`echo autoheader | sed 's,x,x,'`'|g' -e 's|@autom4te-name[@]|'`echo autom4te | sed 's,x,x,'`'|g' -e 's|@M4[@]|/home/no/Desktop/github/riscv_emulator-seulgi-v1/buildroot/output/host/bin/m4|g' -e 's|@M4_DEBUGFILE[@]|--debugfile|g' -e 's|@M4_GNU[@]||g' -e 's|@AWK[@]|gawk|g' -e 's|@RELEASE_YEAR[@]|2026|g' -e 's'\''@VERSION[@]'\''2.73'\''g' -e 's|@PACKAGE_NAME[@]|GNU Autoconf|g' -e 's|@configure_input[@]|Generated from bin/autoconf.in; do not edit by hand.|g' ${srcdir}bin/autoconf.in >bin/autoconf.tmp
srcdir=''; \
  test -f ./bin/autoheader.in || srcdir=./; \
  sed -e 's|@SHELL[@]|/bin/bash|g' -e 's|@PERL[@]|/usr/bin/perl|g' -e 's|@PERL_FLOCK[@]|yes|g' -e 's|@bindir[@]|/home/no/Desktop/github/riscv_emulator-seulgi-v1/buildroot/output/host/bin|g' -e 's|@pkgdatadir[@]|/home/no/Desktop/github/riscv_emulator-seulgi-v1/buildroot/output/host/share/autoconf|g' -e 's|@prefix[@]|/home/no/Desktop/github/riscv_emulator-seulgi-v1/buildroot/output/host|g' -e 's|@autoconf-name[@]|'`echo autoconf | sed 's,x,x,'`'|g' -e 's|@autoheader-name[@]|'`echo autoheader | sed 's,x,x,'`'|g' -e 's|@autom4te-name[@]|'`echo autom4te | sed 's,x,x,'`'|g' -e 's|@M4[@]|/home/no/Desktop/github/riscv_emulator-seulgi-v1/buildroot/output/host/bin/m4|g' -e 's|@M4_DEBUGFILE[@]|--debugfile|g' -e 's|@M4_GNU[@]||g' -e 's|@AWK[@]|gawk|g' -e 's|@RELEASE_YEAR[@]|2026|g' -e 's'\''@VERSION[@]'\''2.73'\''g' -e 's|@PACKAGE_NAME[@]|GNU Autoconf|g' -e 's|@configure_input[@]|Generated from bin/autoheader.in; do not edit by hand.|g' ${srcdir}bin/autoheader.in >bin/autoheader.tmp
srcdir=''; \
  test -f ./bin/autom4te.in || srcdir=./; \
  sed -e 's|@SHELL[@]|/bin/bash|g' -e 's|@PERL[@]|/usr/bin/perl|g' -e 's|@PERL_FLOCK[@]|yes|g' -e 's|@bindir[@]|/home/no/Desktop/github/riscv_emulator-seulgi-v1/buildroot/output/host/bin|g' -e 's|@pkgdatadir[@]|/home/no/Desktop/github/riscv_emulator-seulgi-v1/buildroot/output/host/share/autoconf|g' -e 's|@prefix[@]|/home/no/Desktop/github/riscv_emulator-seulgi-v1/buildroot/output/host|g' -e 's|@autoconf-name[@]|'`echo autoconf | sed 's,x,x,'`'|g' -e 's|@autoheader-name[@]|'`echo autoheader | sed 's,x,x,'`'|g' -e 's|@autom4te-name[@]|'`echo autom4te | sed 's,x,x,'`'|g' -e 's|@M4[@]|/home/no/Desktop/github/riscv_emulator-seulgi-v1/buildroot/output/host/bin/m4|g' -e 's|@M4_DEBUGFILE[@]|--debugfile|g' -e 's|@M4_GNU[@]||g' -e 's|@AWK[@]|gawk|g' -e 's|@RELEASE_YEAR[@]|2026|g' -e 's'\''@VERSION[@]'\''2.73'\''g' -e 's|@PACKAGE_NAME[@]|GNU Autoconf|g' -e 's|@configure_input[@]|Generated from bin/autom4te.in; do not edit by hand.|g' ${srcdir}bin/autom4te.in >bin/autom4te.tmp
srcdir=''; \
  test -f ./bin/autoreconf.in || srcdir=./; \
  sed -e 's|@SHELL[@]|/bin/bash|g' -e 's|@PERL[@]|/usr/bin/perl|g' -e 's|@PERL_FLOCK[@]|yes|g' -e 's|@bindir[@]|/home/no/Desktop/github/riscv_emulator-seulgi-v1/buildroot/output/host/bin|g' -e 's|@pkgdatadir[@]|/home/no/Desktop/github/riscv_emulator-seulgi-v1/buildroot/output/host/share/autoconf|g' -e 's|@prefix[@]|/home/no/Desktop/github/riscv_emulator-seulgi-v1/buildroot/output/host|g' -e 's|@autoconf-name[@]|'`echo autoconf | sed 's,x,x,'`'|g' -e 's|@autoheader-name[@]|'`echo autoheader | sed 's,x,x,'`'|g' -e 's|@autom4te-name[@]|'`echo autom4te | sed 's,x,x,'`'|g' -e 's|@M4[@]|/home/no/Desktop/github/riscv_emulator-seulgi-v1/buildroot/output/host/bin/m4|g' -e 's|@M4_DEBUGFILE[@]|--debugfile|g' -e 's|@M4_GNU[@]||g' -e 's|@AWK[@]|gawk|g' -e 's|@RELEASE_YEAR[@]|2026|g' -e 's'\''@VERSION[@]'\''2.73'\''g' -e 's|@PACKAGE_NAME[@]|GNU Autoconf|g' -e 's|@configure_input[@]|Generated from bin/autoreconf.in; do not edit by hand.|g' ${srcdir}bin/autoreconf.in >bin/autoreconf.tmp
srcdir=''; \
  test -f ./bin/autoscan.in || srcdir=./; \
  sed -e 's|@SHELL[@]|/bin/bash|g' -e 's|@PERL[@]|/usr/bin/perl|g' -e 's|@PERL_FLOCK[@]|yes|g' -e 's|@bindir[@]|/home/no/Desktop/github/riscv_emulator-seulgi-v1/buildroot/output/host/bin|g' -e 's|@pkgdatadir[@]|/home/no/Desktop/github/riscv_emulator-seulgi-v1/buildroot/output/host/share/autoconf|g' -e 's|@prefix[@]|/home/no/Desktop/github/riscv_emulator-seulgi-v1/buildroot/output/host|g' -e 's|@autoconf-name[@]|'`echo autoconf | sed 's,x,x,'`'|g' -e 's|@autoheader-name[@]|'`echo autoheader | sed 's,x,x,'`'|g' -e 's|@autom4te-name[@]|'`echo autom4te | sed 's,x,x,'`'|g' -e 's|@M4[@]|/home/no/Desktop/github/riscv_emulator-seulgi-v1/buildroot/output/host/bin/m4|g' -e 's|@M4_DEBUGFILE[@]|--debugfile|g' -e 's|@M4_GNU[@]||g' -e 's|@AWK[@]|gawk|g' -e 's|@RELEASE_YEAR[@]|2026|g' -e 's'\''@VERSION[@]'\''2.73'\''g' -e 's|@PACKAGE_NAME[@]|GNU Autoconf|g' -e 's|@configure_input[@]|Generated from bin/autoscan.in; do not edit by hand.|g' ${srcdir}bin/autoscan.in >bin/autoscan.tmp
srcdir=''; \
  test -f ./bin/autoupdate.in || srcdir=./; \
  sed -e 's|@SHELL[@]|/bin/bash|g' -e 's|@PERL[@]|/usr/bin/perl|g' -e 's|@PERL_FLOCK[@]|yes|g' -e 's|@bindir[@]|/home/no/Desktop/github/riscv_emulator-seulgi-v1/buildroot/output/host/bin|g' -e 's|@pkgdatadir[@]|/home/no/Desktop/github/riscv_emulator-seulgi-v1/buildroot/output/host/share/autoconf|g' -e 's|@prefix[@]|/home/no/Desktop/github/riscv_emulator-seulgi-v1/buildroot/output/host|g' -e 's|@autoconf-name[@]|'`echo autoconf | sed 's,x,x,'`'|g' -e 's|@autoheader-name[@]|'`echo autoheader | sed 's,x,x,'`'|g' -e 's|@autom4te-name[@]|'`echo autom4te | sed 's,x,x,'`'|g' -e 's|@M4[@]|/home/no/Desktop/github/riscv_emulator-seulgi-v1/buildroot/output/host/bin/m4|g' -e 's|@M4_DEBUGFILE[@]|--debugfile|g' -e 's|@M4_GNU[@]||g' -e 's|@AWK[@]|gawk|g' -e 's|@RELEASE_YEAR[@]|2026|g' -e 's'\''@VERSION[@]'\''2.73'\''g' -e 's|@PACKAGE_NAME[@]|GNU Autoconf|g' -e 's|@configure_input[@]|Generated from bin/autoupdate.in; do not edit by hand.|g' ${srcdir}bin/autoupdate.in >bin/autoupdate.tmp
srcdir=''; \
  test -f ./bin/ifnames.in || srcdir=./; \
  sed -e 's|@SHELL[@]|/bin/bash|g' -e 's|@PERL[@]|/usr/bin/perl|g' -e 's|@PERL_FLOCK[@]|yes|g' -e 's|@bindir[@]|/home/no/Desktop/github/riscv_emulator-seulgi-v1/buildroot/output/host/bin|g' -e 's|@pkgdatadir[@]|/home/no/Desktop/github/riscv_emulator-seulgi-v1/buildroot/output/host/share/autoconf|g' -e 's|@prefix[@]|/home/no/Desktop/github/riscv_emulator-seulgi-v1/buildroot/output/host|g' -e 's|@autoconf-name[@]|'`echo autoconf | sed 's,x,x,'`'|g' -e 's|@autoheader-name[@]|'`echo autoheader | sed 's,x,x,'`'|g' -e 's|@autom4te-name[@]|'`echo autom4te | sed 's,x,x,'`'|g' -e 's|@M4[@]|/home/no/Desktop/github/riscv_emulator-seulgi-v1/buildroot/output/host/bin/m4|g' -e 's|@M4_DEBUGFILE[@]|--debugfile|g' -e 's|@M4_GNU[@]||g' -e 's|@AWK[@]|gawk|g' -e 's|@RELEASE_YEAR[@]|2026|g' -e 's'\''@VERSION[@]'\''2.73'\''g' -e 's|@PACKAGE_NAME[@]|GNU Autoconf|g' -e 's|@configure_input[@]|Generated from bin/ifnames.in; do not edit by hand.|g' ${srcdir}bin/ifnames.in >bin/ifnames.tmp
rm -f lib/autom4te.cfg lib/autom4te.cfg-t
/usr/bin/mkdir -p lib
sed -e 's|@SHELL[@]|/bin/bash|g' -e 's|@PERL[@]|/usr/bin/perl|g' -e 's|@PERL_FLOCK[@]|yes|g' -e 's|@bindir[@]|/home/no/Desktop/github/riscv_emulator-seulgi-v1/buildroot/output/host/bin|g' -e 's|@pkgdatadir[@]|/home/no/Desktop/github/riscv_emulator-seulgi-v1/buildroot/output/host/share/autoconf|g' -e 's|@prefix[@]|/home/no/Desktop/github/riscv_emulator-seulgi-v1/buildroot/output/host|g' -e 's|@autoconf-name[@]|'`echo autoconf | sed 's,x,x,'`'|g' -e 's|@autoheader-name[@]|'`echo autoheader | sed 's,x,x,'`'|g' -e 's|@autom4te-name[@]|'`echo autom4te | sed 's,x,x,'`'|g' -e 's|@M4[@]|/home/no/Desktop/github/riscv_emulator-seulgi-v1/buildroot/output/host/bin/m4|g' -e 's|@M4_DEBUGFILE[@]|--debugfile|g' -e 's|@M4_GNU[@]||g' -e 's|@AWK[@]|gawk|g' -e 's|@RELEASE_YEAR[@]|2026|g' -e 's'\''@VERSION[@]'\''2.73'\''g' -e 's|@PACKAGE_NAME[@]|GNU Autoconf|g' -e 's|@configure_input[@]|Generated from lib/autom4te.cfg.in; do not edit by hand.|g' ./lib/autom4te.in >lib/autom4te.cfg-t
chmod +x bin/autoconf.tmp
chmod +x bin/autoheader.tmp
chmod a-w bin/autoconf.tmp
chmod +x bin/autom4te.tmp
chmod +x bin/ifnames.tmp
chmod a-w bin/autoheader.tmp
chmod +x bin/autoscan.tmp
chmod +x bin/autoreconf.tmp
chmod a-w lib/autom4te.cfg-t
chmod +x bin/autoupdate.tmp
mv bin/autoconf.tmp bin/autoconf
chmod a-w bin/autom4te.tmp
chmod a-w bin/ifnames.tmp
mv bin/autoheader.tmp bin/autoheader
chmod a-w bin/autoscan.tmp
chmod a-w bin/autoreconf.tmp
mv -f lib/autom4te.cfg-t lib/autom4te.cfg
chmod a-w bin/autoupdate.tmp
mv bin/autom4te.tmp bin/autom4te
mv bin/ifnames.tmp bin/ifnames
mv bin/autoscan.tmp bin/autoscan
mv bin/autoreconf.tmp bin/autoreconf
mv bin/autoupdate.tmp bin/autoupdate
if test 'no' != no; then \
  am__dir=. am__subdir_includes=''; \
  case lib/emacs/autoconf-mode.elc in */*) \
    am__dir=`echo 'lib/emacs/autoconf-mode.elc' | sed 's,/[^/]*$,,'`; \
    am__subdir_includes="-L $am__dir -L ./$am__dir"; \
  esac; \
  /usr/bin/mkdir -p "$am__dir" || exit 1; \
  no --batch --no-site-file \
      \
    $am__subdir_includes -L . -L . \
    -l bytecomp \
    --eval '(if (boundp (quote byte-compile-dest-file-function)) (setq byte-compile-dest-file-function (lambda (_) "lib/emacs/autoconf-mode.elc")) (defun byte-compile-dest-file (_) "lib/emacs/autoconf-mode.elc") )' \
    -f batch-byte-compile 'lib/emacs/autoconf-mode.el'; \
else :; fi
if test 'no' != no; then \
  am__dir=. am__subdir_includes=''; \
  case lib/emacs/autotest-mode.elc in */*) \
    am__dir=`echo 'lib/emacs/autotest-mode.elc' | sed 's,/[^/]*$,,'`; \
    am__subdir_includes="-L $am__dir -L ./$am__dir"; \
  esac; \
  /usr/bin/mkdir -p "$am__dir" || exit 1; \
  no --batch --no-site-file \
      \
    $am__subdir_includes -L . -L . \
    -l bytecomp \
    --eval '(if (boundp (quote byte-compile-dest-file-function)) (setq byte-compile-dest-file-function (lambda (_) "lib/emacs/autotest-mode.elc")) (defun byte-compile-dest-file (_) "lib/emacs/autotest-mode.elc") )' \
    -f batch-byte-compile 'lib/emacs/autotest-mode.el'; \
else :; fi
/usr/bin/mkdir -p lib/autoconf
/usr/bin/mkdir -p lib/autotest
/usr/bin/mkdir -p lib/m4sugar
lang=`echo 'lib/autoconf/autoconf' | sed 's,.*/,,'` \
  && if test $lang = autoconf; then \
       lang=autoconf-without-aclocal-m4; \
     else :; fi \
  && autom4te_perllibdir='.'/lib AUTOM4TE_CFG='lib/autom4te.cfg'         bin/autom4te -B ''lib -B '.'/lib         \
	--language=$lang \
	--freeze \
	--output=lib/autoconf/autoconf.m4f
lang=`echo 'lib/autotest/autotest' | sed 's,.*/,,'` \
  && if test $lang = autoconf; then \
       lang=autoconf-without-aclocal-m4; \
     else :; fi \
  && autom4te_perllibdir='.'/lib AUTOM4TE_CFG='lib/autom4te.cfg'         bin/autom4te -B ''lib -B '.'/lib         \
	--language=$lang \
	--freeze \
	--output=lib/autotest/autotest.m4f
lang=`echo 'lib/m4sugar/m4sugar' | sed 's,.*/,,'` \
  && if test $lang = autoconf; then \
       lang=autoconf-without-aclocal-m4; \
     else :; fi \
  && autom4te_perllibdir='.'/lib AUTOM4TE_CFG='lib/autom4te.cfg'         bin/autom4te -B ''lib -B '.'/lib         \
	--language=$lang \
	--freeze \
	--output=lib/m4sugar/m4sugar.m4f
/usr/bin/mkdir -p lib/m4sugar
lang=`echo 'lib/m4sugar/m4sh' | sed 's,.*/,,'` \
  && if test $lang = autoconf; then \
       lang=autoconf-without-aclocal-m4; \
     else :; fi \
  && autom4te_perllibdir='.'/lib AUTOM4TE_CFG='lib/autom4te.cfg'         bin/autom4te -B ''lib -B '.'/lib         \
	--language=$lang \
	--freeze \
	--output=lib/m4sugar/m4sh.m4f
/usr/bin/mkdir -p lib/autoscan
echo '# Automatically Generated: do not edit this file' >lib/autoscan/autoscan.list
sed '/^[#]/!q' ./lib/autoscan/autoscan.pre >>lib/autoscan/autoscan.list
( \
  sed -n '/^[^#]/p' ./lib/autoscan/autoscan.pre; \
  autom4te_perllibdir='.'/lib AUTOM4TE_CFG='lib/autom4te.cfg'         bin/autom4te -B ''lib -B '.'/lib         --cache '' -M -l autoconf-without-aclocal-m4 \
    -t'AN_OUTPUT:$1: $2		$3' \
) | LC_ALL=C sort >>lib/autoscan/autoscan.list
autom4te_perllibdir='.'/lib AUTOM4TE_CFG='lib/autom4te.cfg'         bin/autom4te -B ''lib -B '.'/lib         --language=M4sh ./tests/wrapper.as -o tests/wrapper.in
rm -f tests/autoconf tests/autoconf.tmp
rm -f tests/autoheader tests/autoheader.tmp
rm -f tests/autom4te tests/autom4te.tmp
rm -f tests/autoreconf tests/autoreconf.tmp
rm -f tests/autoscan tests/autoscan.tmp
rm -f tests/autoupdate tests/autoupdate.tmp
input=tests/wrapper.in \
  && sed -e 's|@wrap_program[@]|autoconf|g' -e 's|@abs_top_srcdir[@]|/home/no/Desktop/github/riscv_emulator-seulgi-v1/buildroot/output/build/host-autoconf-2.73|g' -e 's|@abs_top_builddir[@]|/home/no/Desktop/github/riscv_emulator-seulgi-v1/buildroot/output/build/host-autoconf-2.73|g' -e "s|@configure_input[@]|Generated from $input.|g" tests/wrapper.in >tests/autoconf.tmp
input=tests/wrapper.in \
  && sed -e 's|@wrap_program[@]|autoheader|g' -e 's|@abs_top_srcdir[@]|/home/no/Desktop/github/riscv_emulator-seulgi-v1/buildroot/output/build/host-autoconf-2.73|g' -e 's|@abs_top_builddir[@]|/home/no/Desktop/github/riscv_emulator-seulgi-v1/buildroot/output/build/host-autoconf-2.73|g' -e "s|@configure_input[@]|Generated from $input.|g" tests/wrapper.in >tests/autoheader.tmp
input=tests/wrapper.in \
  && sed -e 's|@wrap_program[@]|autom4te|g' -e 's|@abs_top_srcdir[@]|/home/no/Desktop/github/riscv_emulator-seulgi-v1/buildroot/output/build/host-autoconf-2.73|g' -e 's|@abs_top_builddir[@]|/home/no/Desktop/github/riscv_emulator-seulgi-v1/buildroot/output/build/host-autoconf-2.73|g' -e "s|@configure_input[@]|Generated from $input.|g" tests/wrapper.in >tests/autom4te.tmp
input=tests/wrapper.in \
  && sed -e 's|@wrap_program[@]|autoreconf|g' -e 's|@abs_top_srcdir[@]|/home/no/Desktop/github/riscv_emulator-seulgi-v1/buildroot/output/build/host-autoconf-2.73|g' -e 's|@abs_top_builddir[@]|/home/no/Desktop/github/riscv_emulator-seulgi-v1/buildroot/output/build/host-autoconf-2.73|g' -e "s|@configure_input[@]|Generated from $input.|g" tests/wrapper.in >tests/autoreconf.tmp
input=tests/wrapper.in \
  && sed -e 's|@wrap_program[@]|autoscan|g' -e 's|@abs_top_srcdir[@]|/home/no/Desktop/github/riscv_emulator-seulgi-v1/buildroot/output/build/host-autoconf-2.73|g' -e 's|@abs_top_builddir[@]|/home/no/Desktop/github/riscv_emulator-seulgi-v1/buildroot/output/build/host-autoconf-2.73|g' -e "s|@configure_input[@]|Generated from $input.|g" tests/wrapper.in >tests/autoscan.tmp
input=tests/wrapper.in \
  && sed -e 's|@wrap_program[@]|autoupdate|g' -e 's|@abs_top_srcdir[@]|/home/no/Desktop/github/riscv_emulator-seulgi-v1/buildroot/output/build/host-autoconf-2.73|g' -e 's|@abs_top_builddir[@]|/home/no/Desktop/github/riscv_emulator-seulgi-v1/buildroot/output/build/host-autoconf-2.73|g' -e "s|@configure_input[@]|Generated from $input.|g" tests/wrapper.in >tests/autoupdate.tmp
chmod +x tests/autoconf.tmp
chmod +x tests/autoheader.tmp
chmod +x tests/autom4te.tmp
chmod +x tests/autoreconf.tmp
chmod +x tests/autoscan.tmp
chmod +x tests/autoupdate.tmp
chmod a-w tests/autoconf.tmp
chmod a-w tests/autoheader.tmp
chmod a-w tests/autom4te.tmp
chmod a-w tests/autoreconf.tmp
chmod a-w tests/autoscan.tmp
chmod a-w tests/autoupdate.tmp
mv -f tests/autoconf.tmp tests/autoconf
mv -f tests/autoheader.tmp tests/autoheader
mv -f tests/autom4te.tmp tests/autom4te
mv -f tests/autoreconf.tmp tests/autoreconf
mv -f tests/autoscan.tmp tests/autoscan
mv -f tests/autoupdate.tmp tests/autoupdate
rm -f tests/ifnames tests/ifnames.tmp
input=tests/wrapper.in \
  && sed -e 's|@wrap_program[@]|ifnames|g' -e 's|@abs_top_srcdir[@]|/home/no/Desktop/github/riscv_emulator-seulgi-v1/buildroot/output/build/host-autoconf-2.73|g' -e 's|@abs_top_builddir[@]|/home/no/Desktop/github/riscv_emulator-seulgi-v1/buildroot/output/build/host-autoconf-2.73|g' -e "s|@configure_input[@]|Generated from $input.|g" tests/wrapper.in >tests/ifnames.tmp
chmod +x tests/ifnames.tmp
chmod a-w tests/ifnames.tmp
mv -f tests/ifnames.tmp tests/ifnames
>>> host-autoconf 2.73 Installing to host directory
GIT_DIR=. PATH="/home/no/Desktop/github/riscv_emulator-seulgi-v1/buildroot/output/host/bin:/home/no/Desktop/github/riscv_emulator-seulgi-v1/buildroot/output/host/sbin:/home/no/.local/bin:/home/no/.local/bin:/home/no/bin:/media/no/b7ced73c-5231-4462-b98d-64e38fe2df9e/home/jbez/Desktop/!.📶️.SHARE]/!.🦾️].fullsharezip/💪🏾️].no-desk.sharezip/📲️📵️.GTFO.flxbx.📦️arcbit♏️/#.⛷️LOOSE-TANGENT]2wild]🎄️⛷️/🪆️.a0/📟️.a0/🎓️/🧼️/🥌️🗡️🛡️🧷️/🛡️.ARMOR.OF.WAR.NOW!]a1/🌐️🗺️🧫️.voxel_sphere_lab]a0/2.Mid.urf.PLAY]loglev]🪓️🤓️🪄️🪵️a0/🧪️]jul8.🏚️.®™]d10/jl69.🥡️.®™]🟦🟥️🟨️]a0/!.🚦️🏎️🏎️🏎️]a3]GOIN!/Fas7.🥡️.®™]🔳️⏹️]E6/earf.🌎️.®™/Lnd1.🏝️.®™/crsr.🗡️.®™]g10📌️/env0🥡️.®™]a0📌️/home.🥡️.®™]a0📌️/!.inst.🫕️.®™/+x/:/home/no/.grok/bin:/home/no/.opencode/bin:/home/no/.local/bin:/usr/local/bin:/usr/local/qt4/bin:/usr/local/qt4/bin:/home/no/.nvm/versions/node/v22.11.0/bin:/home/no/.local/bin:/home/no/.cargo/bin:/home/no/.local/bin:/home/no/bin:/media/no/b7ced73c-5231-4462-b98d-64e38fe2df9e/home/jbez/Desktop/!.📶️.SHARE]/!.🦾️].fullsharezip/💪🏾️].no-desk.sharezip/📲️📵️.GTFO.flxbx.📦️arcbit♏️/#.⛷️LOOSE-TANGENT]2wild]🎄️⛷️/🪆️.a0/📟️.a0/🎓️/🧼️/🥌️🗡️🛡️🧷️/🛡️.ARMOR.OF.WAR.NOW!]a1/🌐️🗺️🧫️.voxel_sphere_lab]a0/2.Mid.urf.PLAY]loglev]🪓️🤓️🪄️🪵️a0/🧪️]jul8.🏚️.®™]d10/jl69.🥡️.®™]🟦🟥️🟨️]a0/!.🚦️🏎️🏎️🏎️]a3]GOIN!/Fas7.🥡️.®™]🔳️⏹️]E6/earf.🌎️.®™/Lnd1.🏝️.®™/crsr.🗡️.®™]g10📌️/env0🥡️.®™]a0📌️/home.🥡️.®™]a0📌️/!.inst.🫕️.®™/+x/:/usr/local/sbin:/usr/local/bin:/usr/sbin:/usr/bin:/sbin:/bin:/usr/games:/usr/local/games:/snap/bin:/snap/bin:/home/no/.local/bin:/home/no/.lmstudio/bin:/home/no/.lmstudio/bin:/home/no/.lmstudio/bin" PKG_CONFIG="/home/no/Desktop/github/riscv_emulator-seulgi-v1/buildroot/output/host/bin/pkg-config" PKG_CONFIG_SYSROOT_DIR="/" PKG_CONFIG_ALLOW_SYSTEM_CFLAGS=1 PKG_CONFIG_ALLOW_SYSTEM_LIBS=1 PKG_CONFIG_LIBDIR="/home/no/Desktop/github/riscv_emulator-seulgi-v1/buildroot/output/host/lib/pkgconfig:/home/no/Desktop/github/riscv_emulator-seulgi-v1/buildroot/output/host/share/pkgconfig"  /usr/bin/make  install -C /home/no/Desktop/github/riscv_emulator-seulgi-v1/buildroot/output/build/host-autoconf-2.73/
/usr/bin/make  install-am
if test 'no' != no; then \
  am__dir=. am__subdir_includes=''; \
  case lib/emacs/autoconf-mode.elc in */*) \
    am__dir=`echo 'lib/emacs/autoconf-mode.elc' | sed 's,/[^/]*$,,'`; \
    am__subdir_includes="-L $am__dir -L ./$am__dir"; \
  esac; \
  /usr/bin/mkdir -p "$am__dir" || exit 1; \
  no --batch --no-site-file \
      \
    $am__subdir_includes -L . -L . \
    -l bytecomp \
    --eval '(if (boundp (quote byte-compile-dest-file-function)) (setq byte-compile-dest-file-function (lambda (_) "lib/emacs/autoconf-mode.elc")) (defun byte-compile-dest-file (_) "lib/emacs/autoconf-mode.elc") )' \
    -f batch-byte-compile 'lib/emacs/autoconf-mode.el'; \
else :; fi
if test 'no' != no; then \
  am__dir=. am__subdir_includes=''; \
  case lib/emacs/autotest-mode.elc in */*) \
    am__dir=`echo 'lib/emacs/autotest-mode.elc' | sed 's,/[^/]*$,,'`; \
    am__subdir_includes="-L $am__dir -L ./$am__dir"; \
  esac; \
  /usr/bin/mkdir -p "$am__dir" || exit 1; \
  no --batch --no-site-file \
      \
    $am__subdir_includes -L . -L . \
    -l bytecomp \
    --eval '(if (boundp (quote byte-compile-dest-file-function)) (setq byte-compile-dest-file-function (lambda (_) "lib/emacs/autotest-mode.elc")) (defun byte-compile-dest-file (_) "lib/emacs/autotest-mode.elc") )' \
    -f batch-byte-compile 'lib/emacs/autotest-mode.el'; \
else :; fi
 /usr/bin/mkdir -p '/home/no/Desktop/github/riscv_emulator-seulgi-v1/buildroot/output/host/bin'
 /usr/bin/mkdir -p '/home/no/Desktop/github/riscv_emulator-seulgi-v1/buildroot/output/host/share/autoconf/autoconf'
 /usr/bin/mkdir -p '/home/no/Desktop/github/riscv_emulator-seulgi-v1/buildroot/output/host/share/autoconf/autotest'
 /usr/bin/mkdir -p '/home/no/Desktop/github/riscv_emulator-seulgi-v1/buildroot/output/host/share/autoconf/build-aux'
if test 'no' != no; then \
  am__dir=. am__subdir_includes=''; \
  case lib/emacs/autoconf-mode.elc in */*) \
    am__dir=`echo 'lib/emacs/autoconf-mode.elc' | sed 's,/[^/]*$,,'`; \
    am__subdir_includes="-L $am__dir -L ./$am__dir"; \
  esac; \
  /usr/bin/mkdir -p "$am__dir" || exit 1; \
  no --batch --no-site-file \
      \
    $am__subdir_includes -L . -L . \
    -l bytecomp \
    --eval '(if (boundp (quote byte-compile-dest-file-function)) (setq byte-compile-dest-file-function (lambda (_) "lib/emacs/autoconf-mode.elc")) (defun byte-compile-dest-file (_) "lib/emacs/autoconf-mode.elc") )' \
    -f batch-byte-compile 'lib/emacs/autoconf-mode.el'; \
else :; fi
if test 'no' != no; then \
  am__dir=. am__subdir_includes=''; \
  case lib/emacs/autotest-mode.elc in */*) \
    am__dir=`echo 'lib/emacs/autotest-mode.elc' | sed 's,/[^/]*$,,'`; \
    am__subdir_includes="-L $am__dir -L ./$am__dir"; \
  esac; \
  /usr/bin/mkdir -p "$am__dir" || exit 1; \
  no --batch --no-site-file \
      \
    $am__subdir_includes -L . -L . \
    -l bytecomp \
    --eval '(if (boundp (quote byte-compile-dest-file-function)) (setq byte-compile-dest-file-function (lambda (_) "lib/emacs/autotest-mode.elc")) (defun byte-compile-dest-file (_) "lib/emacs/autotest-mode.elc") )' \
    -f batch-byte-compile 'lib/emacs/autotest-mode.el'; \
else :; fi
 /usr/bin/mkdir -p '/home/no/Desktop/github/riscv_emulator-seulgi-v1/buildroot/output/host/share/autoconf/m4sugar'
 /usr/bin/install -c bin/autoconf bin/autoheader bin/autom4te bin/autoreconf bin/autoscan bin/autoupdate bin/ifnames '/home/no/Desktop/github/riscv_emulator-seulgi-v1/buildroot/output/host/bin'
 /usr/bin/install -c -m 644 build-aux/config.guess build-aux/config.sub build-aux/install-sh '/home/no/Desktop/github/riscv_emulator-seulgi-v1/buildroot/output/host/share/autoconf/build-aux'
 /usr/bin/mkdir -p '/home/no/Desktop/github/riscv_emulator-seulgi-v1/buildroot/output/host/share/autoconf/Autom4te'
 /usr/bin/install -c -m 644 lib/autoconf/autoconf.m4 lib/autoconf/general.m4 lib/autoconf/status.m4 lib/autoconf/oldnames.m4 lib/autoconf/specific.m4 lib/autoconf/autoheader.m4 lib/autoconf/autoupdate.m4 lib/autoconf/autotest.m4 lib/autoconf/autoscan.m4 lib/autoconf/lang.m4 lib/autoconf/c.m4 lib/autoconf/erlang.m4 lib/autoconf/fortran.m4 lib/autoconf/functions.m4 lib/autoconf/go.m4 lib/autoconf/a68.m4 lib/autoconf/headers.m4 lib/autoconf/types.m4 lib/autoconf/libs.m4 lib/autoconf/programs.m4 lib/autoconf/trailer.m4 '/home/no/Desktop/github/riscv_emulator-seulgi-v1/buildroot/output/host/share/autoconf/autoconf'
 /usr/bin/install -c -m 644 lib/autotest/autotest.m4 lib/autotest/general.m4 lib/autotest/specific.m4 '/home/no/Desktop/github/riscv_emulator-seulgi-v1/buildroot/output/host/share/autoconf/autotest'
 /usr/bin/mkdir -p '/home/no/Desktop/github/riscv_emulator-seulgi-v1/buildroot/output/host/share/man/man1'
 /usr/bin/mkdir -p '/home/no/Desktop/github/riscv_emulator-seulgi-v1/buildroot/output/host/share/autoconf/autoconf'
 /usr/bin/install -c -m 644 lib/m4sugar/m4sugar.m4 lib/m4sugar/foreach.m4 lib/m4sugar/m4sh.m4 '/home/no/Desktop/github/riscv_emulator-seulgi-v1/buildroot/output/host/share/autoconf/m4sugar'
 /usr/bin/install -c -m 644 lib/Autom4te/C4che.pm lib/Autom4te/ChannelDefs.pm lib/Autom4te/Channels.pm lib/Autom4te/Config.pm lib/Autom4te/Configure_ac.pm lib/Autom4te/FileUtils.pm lib/Autom4te/General.pm lib/Autom4te/Getopt.pm lib/Autom4te/Request.pm lib/Autom4te/XFile.pm '/home/no/Desktop/github/riscv_emulator-seulgi-v1/buildroot/output/host/share/autoconf/Autom4te'
 /usr/bin/mkdir -p '/home/no/Desktop/github/riscv_emulator-seulgi-v1/buildroot/output/host/share/autoconf/autoscan'
 /usr/bin/mkdir -p '/home/no/Desktop/github/riscv_emulator-seulgi-v1/buildroot/output/host/share/info'
 /usr/bin/mkdir -p '/home/no/Desktop/github/riscv_emulator-seulgi-v1/buildroot/output/host/share/autoconf/autotest'
 /usr/bin/install -c -m 644 lib/autoconf/autoconf.m4f '/home/no/Desktop/github/riscv_emulator-seulgi-v1/buildroot/output/host/share/autoconf/autoconf'
 /usr/bin/mkdir -p '/home/no/Desktop/github/riscv_emulator-seulgi-v1/buildroot/output/host/share/autoconf/m4sugar'
 /usr/bin/mkdir -p '/home/no/Desktop/github/riscv_emulator-seulgi-v1/buildroot/output/host/share/autoconf'
 /usr/bin/install -c -m 644 lib/autoscan/autoscan.list '/home/no/Desktop/github/riscv_emulator-seulgi-v1/buildroot/output/host/share/autoconf/autoscan'
 /usr/bin/mkdir -p '/home/no/Desktop/github/riscv_emulator-seulgi-v1/buildroot/output/host/share/autoconf'
 /usr/bin/install -c -m 644 lib/autotest/autotest.m4f '/home/no/Desktop/github/riscv_emulator-seulgi-v1/buildroot/output/host/share/autoconf/autotest'
 /usr/bin/install -c -m 644 man/autoconf.1 man/autoheader.1 man/autom4te.1 man/autoreconf.1 man/autoscan.1 man/autoupdate.1 man/ifnames.1 '/home/no/Desktop/github/riscv_emulator-seulgi-v1/buildroot/output/host/share/man/man1'
 /usr/bin/install -c -m 644 lib/autom4te.cfg lib/autoconf_version.m4 '/home/no/Desktop/github/riscv_emulator-seulgi-v1/buildroot/output/host/share/autoconf'
 /usr/bin/install -c -m 644 ./INSTALL '/home/no/Desktop/github/riscv_emulator-seulgi-v1/buildroot/output/host/share/autoconf'
 /usr/bin/install -c -m 644 lib/m4sugar/m4sugar.m4f lib/m4sugar/m4sh.m4f '/home/no/Desktop/github/riscv_emulator-seulgi-v1/buildroot/output/host/share/autoconf/m4sugar'
 /usr/bin/install -c -m 644 ./doc/autoconf.info ./doc/standards.info '/home/no/Desktop/github/riscv_emulator-seulgi-v1/buildroot/output/host/share/info'
 install-info --info-dir='/home/no/Desktop/github/riscv_emulator-seulgi-v1/buildroot/output/host/share/info' '/home/no/Desktop/github/riscv_emulator-seulgi-v1/buildroot/output/host/share/info/autoconf.info'
 install-info --info-dir='/home/no/Desktop/github/riscv_emulator-seulgi-v1/buildroot/output/host/share/info' '/home/no/Desktop/github/riscv_emulator-seulgi-v1/buildroot/output/host/share/info/standards.info'
/usr/bin/make  install-data-hook
for s in build-aux/config.guess build-aux/config.sub build-aux/install-sh; do \
  chmod +x "/home/no/Desktop/github/riscv_emulator-seulgi-v1/buildroot/output/host/share/autoconf/$s"; \
done
>>> host-automake 1.16.5 Downloading
wget -nd -t 3 --connect-timeout=10 -O '/home/no/Desktop/github/riscv_emulator-seulgi-v1/buildroot/output/build/.automake-1.16.5.tar.xz.Iroyl0/output' 'https://ftpmirror.gnu.org/automake/automake-1.16.5.tar.xz' 
--2026-09-15 11:07:19--  https://ftpmirror.gnu.org/automake/automake-1.16.5.tar.xz
Resolving ftpmirror.gnu.org (ftpmirror.gnu.org)... 2001:470:142:5::200, 209.51.188.200
Connecting to ftpmirror.gnu.org (ftpmirror.gnu.org)|2001:470:142:5::200|:443... connected.
HTTP request sent, awaiting response... 302 Moved Temporarily
Location: https://mirror.techrich.hk/gnu/automake/automake-1.16.5.tar.xz [following]
--2026-09-15 11:07:20--  https://mirror.techrich.hk/gnu/automake/automake-1.16.5.tar.xz
Resolving mirror.techrich.hk (mirror.techrich.hk)... 96.44.148.105, 67.215.246.122, 66.225.231.14
Connecting to mirror.techrich.hk (mirror.techrich.hk)|96.44.148.105|:443... connected.
HTTP request sent, awaiting response... 200 OK
Length: 1601740 (1.5M) [application/x-xz]
Saving to: ‘/home/no/Desktop/github/riscv_emulator-seulgi-v1/buildroot/output/build/.automake-1.16.5.tar.xz.Iroyl0/output’

     0K .......... .......... .......... .......... ..........  3%  708K 2s
    50K .......... .......... .......... .......... ..........  6%  707K 2s
   100K .......... .......... .......... .......... ..........  9% 13.7M 1s
   150K .......... .......... .......... .......... .......... 12%  745K 1s
   200K .......... .......... .......... .......... .......... 15% 18.7M 1s
   250K .......... .......... .......... .......... .......... 19% 10.5M 1s
   300K .......... .......... .......... .......... .......... 22% 5.15M 1s
   350K .......... .......... .......... .......... .......... 25% 28.9M 1s
   400K .......... .......... .......... .......... .......... 28%  901K 1s
   450K .......... .......... .......... .......... .......... 31% 9.45M 1s
   500K .......... .......... .......... .......... .......... 35% 21.8M 1s
   550K .......... .......... .......... .......... .......... 38% 21.3M 0s
   600K .......... .......... .......... .......... .......... 41% 22.7M 0s
   650K .......... .......... .......... .......... .......... 44%  855K 0s
   700K .......... .......... .......... .......... .......... 47% 14.6M 0s
   750K .......... .......... .......... .......... .......... 51% 19.7M 0s
   800K .......... .......... .......... .......... .......... 54% 15.1M 0s
   850K .......... .......... .......... .......... .......... 57% 38.8M 0s
   900K .......... .......... .......... .......... .......... 60% 23.6M 0s
   950K .......... .......... .......... .......... .......... 63% 53.4M 0s
  1000K .......... .......... .......... .......... .......... 67% 27.1M 0s
  1050K .......... .......... .......... .......... .......... 70% 32.4M 0s
  1100K .......... .......... .......... .......... .......... 73% 20.8M 0s
  1150K .......... .......... .......... .......... .......... 76% 21.0M 0s
  1200K .......... .......... .......... .......... .......... 79% 12.1M 0s
  1250K .......... .......... .......... .......... .......... 83% 1.41M 0s
  1300K .......... .......... .......... .......... .......... 86% 47.3M 0s
  1350K .......... .......... .......... .......... .......... 89% 6.29M 0s
  1400K .......... .......... .......... .......... .......... 92% 3.18M 0s
  1450K .......... .......... .......... .......... .......... 95% 88.4M 0s
  1500K .......... .......... .......... .......... .......... 99% 47.8M 0s
  1550K .......... ....                                       100%  143M=0.4s

2026-09-15 11:07:21 (3.46 MB/s) - ‘/home/no/Desktop/github/riscv_emulator-seulgi-v1/buildroot/output/build/.automake-1.16.5.tar.xz.Iroyl0/output’ saved [1601740/1601740]

automake-1.16.5.tar.xz: OK (sha256: f01d58cd6d9d77fbdca9eb4bbd5ead1988228fdb73d6f7a201f5f8d6b118b469)
>>> host-automake 1.16.5 Extracting
xzcat /home/no/Desktop/github/riscv_emulator-seulgi-v1/buildroot/dl/automake/automake-1.16.5.tar.xz | /home/no/Desktop/github/riscv_emulator-seulgi-v1/buildroot/output/host/bin/tar --strip-components=1 -C /home/no/Desktop/github/riscv_emulator-seulgi-v1/buildroot/output/build/host-automake-1.16.5   -xf -
>>> host-automake 1.16.5 Patching

Applying 0001-noman.patch using patch: 
patching file Makefile.in
Hunk #1 succeeded at 3415 (offset 28 lines).
Hunk #2 succeeded at 3482 (offset 28 lines).
>>> host-automake 1.16.5 Updating config.sub and config.guess
for file in config.guess config.sub; do for i in $(find /home/no/Desktop/github/riscv_emulator-seulgi-v1/buildroot/output/build/host-automake-1.16.5 -name $file); do cp support/gnuconfig/$file $i; done; done
>>> host-automake 1.16.5 Patching libtool
>>> host-automake 1.16.5 Configuring
(cd /home/no/Desktop/github/riscv_emulator-seulgi-v1/buildroot/output/build/host-automake-1.16.5/ && rm -rf config.cache; GIT_DIR=. PATH="/home/no/Desktop/github/riscv_emulator-seulgi-v1/buildroot/output/host/bin:/home/no/Desktop/github/riscv_emulator-seulgi-v1/buildroot/output/host/sbin:/home/no/.local/bin:/home/no/.local/bin:/home/no/bin:/media/no/b7ced73c-5231-4462-b98d-64e38fe2df9e/home/jbez/Desktop/!.📶️.SHARE]/!.🦾️].fullsharezip/💪🏾️].no-desk.sharezip/📲️📵️.GTFO.flxbx.📦️arcbit♏️/#.⛷️LOOSE-TANGENT]2wild]🎄️⛷️/🪆️.a0/📟️.a0/🎓️/🧼️/🥌️🗡️🛡️🧷️/🛡️.ARMOR.OF.WAR.NOW!]a1/🌐️🗺️🧫️.voxel_sphere_lab]a0/2.Mid.urf.PLAY]loglev]🪓️🤓️🪄️🪵️a0/🧪️]jul8.🏚️.®™]d10/jl69.🥡️.®™]🟦🟥️🟨️]a0/!.🚦️🏎️🏎️🏎️]a3]GOIN!/Fas7.🥡️.®™]🔳️⏹️]E6/earf.🌎️.®™/Lnd1.🏝️.®™/crsr.🗡️.®™]g10📌️/env0🥡️.®™]a0📌️/home.🥡️.®™]a0📌️/!.inst.🫕️.®™/+x/:/home/no/.grok/bin:/home/no/.opencode/bin:/home/no/.local/bin:/usr/local/bin:/usr/local/qt4/bin:/usr/local/qt4/bin:/home/no/.nvm/versions/node/v22.11.0/bin:/home/no/.local/bin:/home/no/.cargo/bin:/home/no/.local/bin:/home/no/bin:/media/no/b7ced73c-5231-4462-b98d-64e38fe2df9e/home/jbez/Desktop/!.📶️.SHARE]/!.🦾️].fullsharezip/💪🏾️].no-desk.sharezip/📲️📵️.GTFO.flxbx.📦️arcbit♏️/#.⛷️LOOSE-TANGENT]2wild]🎄️⛷️/🪆️.a0/📟️.a0/🎓️/🧼️/🥌️🗡️🛡️🧷️/🛡️.ARMOR.OF.WAR.NOW!]a1/🌐️🗺️🧫️.voxel_sphere_lab]a0/2.Mid.urf.PLAY]loglev]🪓️🤓️🪄️🪵️a0/🧪️]jul8.🏚️.®™]d10/jl69.🥡️.®™]🟦🟥️🟨️]a0/!.🚦️🏎️🏎️🏎️]a3]GOIN!/Fas7.🥡️.®™]🔳️⏹️]E6/earf.🌎️.®™/Lnd1.🏝️.®™/crsr.🗡️.®™]g10📌️/env0🥡️.®™]a0📌️/home.🥡️.®™]a0📌️/!.inst.🫕️.®™/+x/:/usr/local/sbin:/usr/local/bin:/usr/sbin:/usr/bin:/sbin:/bin:/usr/games:/usr/local/games:/snap/bin:/snap/bin:/home/no/.local/bin:/home/no/.lmstudio/bin:/home/no/.lmstudio/bin:/home/no/.lmstudio/bin" PKG_CONFIG="/home/no/Desktop/github/riscv_emulator-seulgi-v1/buildroot/output/host/bin/pkg-config" PKG_CONFIG_SYSROOT_DIR="/" PKG_CONFIG_ALLOW_SYSTEM_CFLAGS=1 PKG_CONFIG_ALLOW_SYSTEM_LIBS=1 PKG_CONFIG_LIBDIR="/home/no/Desktop/github/riscv_emulator-seulgi-v1/buildroot/output/host/lib/pkgconfig:/home/no/Desktop/github/riscv_emulator-seulgi-v1/buildroot/output/host/share/pkgconfig" AR="/usr/bin/ar" AS="/usr/bin/as" LD="/usr/bin/ld" NM="/usr/bin/nm" CC="/usr/bin/gcc" GCC="/usr/bin/gcc" CXX="/usr/bin/g++" CPP="/usr/bin/cpp" OBJCOPY="/usr/bin/objcopy" RANLIB="/usr/bin/ranlib" CPPFLAGS="-I/home/no/Desktop/github/riscv_emulator-seulgi-v1/buildroot/output/host/include" CFLAGS="-O2 -I/home/no/Desktop/github/riscv_emulator-seulgi-v1/buildroot/output/host/include" CXXFLAGS="-O2 -I/home/no/Desktop/github/riscv_emulator-seulgi-v1/buildroot/output/host/include" LDFLAGS="-L/home/no/Desktop/github/riscv_emulator-seulgi-v1/buildroot/output/host/lib -Wl,-rpath,/home/no/Desktop/github/riscv_emulator-seulgi-v1/buildroot/output/host/lib" INTLTOOL_PERL=/usr/bin/perl  CONFIG_SITE=/dev/null ./configure --prefix="/home/no/Desktop/github/riscv_emulator-seulgi-v1/buildroot/output/host" --sysconfdir="/home/no/Desktop/github/riscv_emulator-seulgi-v1/buildroot/output/host/etc" --localstatedir="/home/no/Desktop/github/riscv_emulator-seulgi-v1/buildroot/output/host/var" --enable-shared --disable-static --disable-gtk-doc --disable-gtk-doc-html --disable-doc --disable-docs --disable-documentation --disable-debug --with-xmlto=no --with-fop=no --disable-nls --disable-dependency-tracking   )
configure: WARNING: unrecognized options: --enable-shared, --disable-static, --disable-gtk-doc, --disable-gtk-doc-html, --disable-doc, --disable-docs, --disable-documentation, --disable-debug, --with-xmlto, --with-fop, --disable-nls, --disable-dependency-tracking
checking whether make supports nested variables... yes
checking build system type... x86_64-pc-linux-gnu
checking host system type... x86_64-pc-linux-gnu
checking for a BSD-compatible install... /usr/bin/install -c
checking whether build environment is sane... yes
checking for a race-free mkdir -p... /usr/bin/mkdir -p
checking for gawk... gawk
checking whether make sets $(MAKE)... yes
checking whether ln -s works... yes
checking for perl... /usr/bin/perl
checking for tex... no
checking for yacc... yacc
checking for lex... lex
checking whether autoconf is installed... yes
checking whether autoconf works... yes
checking whether autoconf is recent enough... yes
checking whether ln works... yes
checking for grep that handles long lines and -e... /usr/bin/grep
checking for egrep... /usr/bin/grep -E
checking for fgrep... /usr/bin/grep -F
configure: will now look for a sturdy POSIX shell, for our testsuite
checking for sh... /usr/bin/sh
checking for sh5... no
checking for dash... /usr/bin/dash
checking for ash... no
checking for bash... /usr/bin/bash
checking for zsh... no
checking for ksh... no
checking for pdksh... no
checking whether /bin/bash supports $(cmd)... yes
checking whether /bin/bash supports $((expr))... yes
checking whether /bin/bash supports ${#var}... yes
checking whether /bin/bash supports ${var#glob} and ${var%glob}... yes
checking whether /bin/bash preserves exit traps with "set -e"... yes
checking whether /bin/bash can define exit traps in a shell function... yes
checking whether /bin/bash corrupts stderr with "set -x"... no
checking whether /bin/bash can return early from "dot-sourced" files... yes
checking whether /bin/bash supports alias named like shell builtins... yes
checking whether /bin/bash supports "test -e"... yes
configure: shell /bin/bash is good enough, stop looking
configure: will use /bin/bash as the testsuite shell
configure: will now look for generic compilers
checking whether the C compiler works... yes
checking for C compiler default output file name... a.out
checking for suffix of executables... 
checking whether we are cross compiling... no
checking for suffix of object files... o
checking whether the compiler supports GNU C... yes
checking whether /usr/bin/gcc accepts -g... yes
checking for /usr/bin/gcc option to enable C11 features... none needed
checking whether /usr/bin/gcc understands -c and -o together... yes
checking whether the C++ compiler works... yes
checking for C++ compiler default output file name... a.out
checking for suffix of executables... 
checking whether we are cross compiling... no
checking for suffix of object files... o
checking whether the compiler supports GNU C++... yes
checking whether /usr/bin/g++ accepts -g... yes
checking for /usr/bin/g++ option to enable C++11 features... none needed
checking for xlf95... no
checking for f95... no
checking for fort... no
checking for ifort... no
checking for ifc... no
checking for efc... no
checking for pgfortran... no
checking for pgf95... no
checking for lf95... no
checking for ftn... no
checking for nagfor... no
checking for xlf90... no
checking for f90... no
checking for armflang... no
checking for flang... no
checking for pgf90... no
checking for pghpf... no
checking for epcf90... no
checking for g95... no
checking for gfortran... no
checking whether the Fortran compiler works... no
configure: WARNING: Fortran compiler cannot create executables
configure: tests requiring the Fortran compiler will be skipped
checking for xlf... no
checking for f77... no
checking for frt... no
checking for pgf77... no
checking for cf77... no
checking for fort77... no
checking for fl32... no
checking for af77... no
checking for g77... no
checking for armflang... no
checking for flang... no
checking for gfortran... no
checking whether the Fortran 77 compiler works... no
configure: WARNING: Fortran 77 compiler cannot create executables
configure: tests requiring the Fortran 77 compiler will be skipped
configure: will now look for GNU compilers
configure: /usr/bin/gcc is already a GNU C compiler
configure: /usr/bin/g++ is already a GNU C++ compiler
checking for gfortran... no
checking for g77... no
checking for gfortran... no
checking for gcj... no
checking that generated files are newer than configure... done
configure: creating ./config.status
config.status: creating Makefile
config.status: creating pre-inst-env
configure: WARNING: unrecognized options: --enable-shared, --disable-static, --disable-gtk-doc, --disable-gtk-doc-html, --disable-doc, --disable-docs, --disable-documentation, --disable-debug, --with-xmlto, --with-fop, --disable-nls, --disable-dependency-tracking
>>> host-automake 1.16.5 Building
GIT_DIR=. PATH="/home/no/Desktop/github/riscv_emulator-seulgi-v1/buildroot/output/host/bin:/home/no/Desktop/github/riscv_emulator-seulgi-v1/buildroot/output/host/sbin:/home/no/.local/bin:/home/no/.local/bin:/home/no/bin:/media/no/b7ced73c-5231-4462-b98d-64e38fe2df9e/home/jbez/Desktop/!.📶️.SHARE]/!.🦾️].fullsharezip/💪🏾️].no-desk.sharezip/📲️📵️.GTFO.flxbx.📦️arcbit♏️/#.⛷️LOOSE-TANGENT]2wild]🎄️⛷️/🪆️.a0/📟️.a0/🎓️/🧼️/🥌️🗡️🛡️🧷️/🛡️.ARMOR.OF.WAR.NOW!]a1/🌐️🗺️🧫️.voxel_sphere_lab]a0/2.Mid.urf.PLAY]loglev]🪓️🤓️🪄️🪵️a0/🧪️]jul8.🏚️.®™]d10/jl69.🥡️.®™]🟦🟥️🟨️]a0/!.🚦️🏎️🏎️🏎️]a3]GOIN!/Fas7.🥡️.®™]🔳️⏹️]E6/earf.🌎️.®™/Lnd1.🏝️.®™/crsr.🗡️.®™]g10📌️/env0🥡️.®™]a0📌️/home.🥡️.®™]a0📌️/!.inst.🫕️.®™/+x/:/home/no/.grok/bin:/home/no/.opencode/bin:/home/no/.local/bin:/usr/local/bin:/usr/local/qt4/bin:/usr/local/qt4/bin:/home/no/.nvm/versions/node/v22.11.0/bin:/home/no/.local/bin:/home/no/.cargo/bin:/home/no/.local/bin:/home/no/bin:/media/no/b7ced73c-5231-4462-b98d-64e38fe2df9e/home/jbez/Desktop/!.📶️.SHARE]/!.🦾️].fullsharezip/💪🏾️].no-desk.sharezip/📲️📵️.GTFO.flxbx.📦️arcbit♏️/#.⛷️LOOSE-TANGENT]2wild]🎄️⛷️/🪆️.a0/📟️.a0/🎓️/🧼️/🥌️🗡️🛡️🧷️/🛡️.ARMOR.OF.WAR.NOW!]a1/🌐️🗺️🧫️.voxel_sphere_lab]a0/2.Mid.urf.PLAY]loglev]🪓️🤓️🪄️🪵️a0/🧪️]jul8.🏚️.®™]d10/jl69.🥡️.®™]🟦🟥️🟨️]a0/!.🚦️🏎️🏎️🏎️]a3]GOIN!/Fas7.🥡️.®™]🔳️⏹️]E6/earf.🌎️.®™/Lnd1.🏝️.®™/crsr.🗡️.®™]g10📌️/env0🥡️.®™]a0📌️/home.🥡️.®™]a0📌️/!.inst.🫕️.®™/+x/:/usr/local/sbin:/usr/local/bin:/usr/sbin:/usr/bin:/sbin:/bin:/usr/games:/usr/local/games:/snap/bin:/snap/bin:/home/no/.local/bin:/home/no/.lmstudio/bin:/home/no/.lmstudio/bin:/home/no/.lmstudio/bin" PKG_CONFIG="/home/no/Desktop/github/riscv_emulator-seulgi-v1/buildroot/output/host/bin/pkg-config" PKG_CONFIG_SYSROOT_DIR="/" PKG_CONFIG_ALLOW_SYSTEM_CFLAGS=1 PKG_CONFIG_ALLOW_SYSTEM_LIBS=1 PKG_CONFIG_LIBDIR="/home/no/Desktop/github/riscv_emulator-seulgi-v1/buildroot/output/host/lib/pkgconfig:/home/no/Desktop/github/riscv_emulator-seulgi-v1/buildroot/output/host/share/pkgconfig"  /usr/bin/make   -C /home/no/Desktop/github/riscv_emulator-seulgi-v1/buildroot/output/build/host-automake-1.16.5/
  GEN      bin/automake
  GEN      bin/aclocal
  GEN      t/ax/shell-no-trail-bslash
  GEN      t/ax/cc-no-c-o
  GEN      runtest
  GEN      t/ax/test-defs.sh
  GEN      lib/Automake/Config.pm
  GEN      bin/aclocal-1.16
  GEN      bin/automake-1.16
>>> host-automake 1.16.5 Installing to host directory
GIT_DIR=. PATH="/home/no/Desktop/github/riscv_emulator-seulgi-v1/buildroot/output/host/bin:/home/no/Desktop/github/riscv_emulator-seulgi-v1/buildroot/output/host/sbin:/home/no/.local/bin:/home/no/.local/bin:/home/no/bin:/media/no/b7ced73c-5231-4462-b98d-64e38fe2df9e/home/jbez/Desktop/!.📶️.SHARE]/!.🦾️].fullsharezip/💪🏾️].no-desk.sharezip/📲️📵️.GTFO.flxbx.📦️arcbit♏️/#.⛷️LOOSE-TANGENT]2wild]🎄️⛷️/🪆️.a0/📟️.a0/🎓️/🧼️/🥌️🗡️🛡️🧷️/🛡️.ARMOR.OF.WAR.NOW!]a1/🌐️🗺️🧫️.voxel_sphere_lab]a0/2.Mid.urf.PLAY]loglev]🪓️🤓️🪄️🪵️a0/🧪️]jul8.🏚️.®™]d10/jl69.🥡️.®™]🟦🟥️🟨️]a0/!.🚦️🏎️🏎️🏎️]a3]GOIN!/Fas7.🥡️.®™]🔳️⏹️]E6/earf.🌎️.®™/Lnd1.🏝️.®™/crsr.🗡️.®™]g10📌️/env0🥡️.®™]a0📌️/home.🥡️.®™]a0📌️/!.inst.🫕️.®™/+x/:/home/no/.grok/bin:/home/no/.opencode/bin:/home/no/.local/bin:/usr/local/bin:/usr/local/qt4/bin:/usr/local/qt4/bin:/home/no/.nvm/versions/node/v22.11.0/bin:/home/no/.local/bin:/home/no/.cargo/bin:/home/no/.local/bin:/home/no/bin:/media/no/b7ced73c-5231-4462-b98d-64e38fe2df9e/home/jbez/Desktop/!.📶️.SHARE]/!.🦾️].fullsharezip/💪🏾️].no-desk.sharezip/📲️📵️.GTFO.flxbx.📦️arcbit♏️/#.⛷️LOOSE-TANGENT]2wild]🎄️⛷️/🪆️.a0/📟️.a0/🎓️/🧼️/🥌️🗡️🛡️🧷️/🛡️.ARMOR.OF.WAR.NOW!]a1/🌐️🗺️🧫️.voxel_sphere_lab]a0/2.Mid.urf.PLAY]loglev]🪓️🤓️🪄️🪵️a0/🧪️]jul8.🏚️.®™]d10/jl69.🥡️.®™]🟦🟥️🟨️]a0/!.🚦️🏎️🏎️🏎️]a3]GOIN!/Fas7.🥡️.®™]🔳️⏹️]E6/earf.🌎️.®™/Lnd1.🏝️.®™/crsr.🗡️.®™]g10📌️/env0🥡️.®™]a0📌️/home.🥡️.®™]a0📌️/!.inst.🫕️.®™/+x/:/usr/local/sbin:/usr/local/bin:/usr/sbin:/usr/bin:/sbin:/bin:/usr/games:/usr/local/games:/snap/bin:/snap/bin:/home/no/.local/bin:/home/no/.lmstudio/bin:/home/no/.lmstudio/bin:/home/no/.lmstudio/bin" PKG_CONFIG="/home/no/Desktop/github/riscv_emulator-seulgi-v1/buildroot/output/host/bin/pkg-config" PKG_CONFIG_SYSROOT_DIR="/" PKG_CONFIG_ALLOW_SYSTEM_CFLAGS=1 PKG_CONFIG_ALLOW_SYSTEM_LIBS=1 PKG_CONFIG_LIBDIR="/home/no/Desktop/github/riscv_emulator-seulgi-v1/buildroot/output/host/lib/pkgconfig:/home/no/Desktop/github/riscv_emulator-seulgi-v1/buildroot/output/host/share/pkgconfig"  /usr/bin/make  install -C /home/no/Desktop/github/riscv_emulator-seulgi-v1/buildroot/output/build/host-automake-1.16.5/
 /usr/bin/mkdir -p '/home/no/Desktop/github/riscv_emulator-seulgi-v1/buildroot/output/host/bin'
 /usr/bin/mkdir -p '/home/no/Desktop/github/riscv_emulator-seulgi-v1/buildroot/output/host/share/automake-1.16/am'
 /usr/bin/mkdir -p '/home/no/Desktop/github/riscv_emulator-seulgi-v1/buildroot/output/host/share/aclocal-1.16/internal'
 /usr/bin/mkdir -p '/home/no/Desktop/github/riscv_emulator-seulgi-v1/buildroot/output/host/share/aclocal-1.16'
 /usr/bin/mkdir -p '/home/no/Desktop/github/riscv_emulator-seulgi-v1/buildroot/output/host/share/doc/automake'
 /usr/bin/install -c bin/automake bin/aclocal '/home/no/Desktop/github/riscv_emulator-seulgi-v1/buildroot/output/host/bin'
 /usr/bin/mkdir -p '/home/no/Desktop/github/riscv_emulator-seulgi-v1/buildroot/output/host/share/automake-1.16/Automake'
 /usr/bin/mkdir -p '/home/no/Desktop/github/riscv_emulator-seulgi-v1/buildroot/output/host/share/automake-1.16'
 /usr/bin/install -c -m 644 m4/internal/ac-config-macro-dirs.m4 '/home/no/Desktop/github/riscv_emulator-seulgi-v1/buildroot/output/host/share/aclocal-1.16/internal'
 /usr/bin/install -c -m 644 m4/amversion.m4 m4/ar-lib.m4 m4/as.m4 m4/auxdir.m4 m4/cond.m4 m4/cond-if.m4 m4/depend.m4 m4/depout.m4 m4/dmalloc.m4 m4/extra-recurs.m4 m4/gcj.m4 m4/init.m4 m4/install-sh.m4 m4/lead-dot.m4 m4/lex.m4 m4/lispdir.m4 m4/maintainer.m4 m4/make.m4 m4/missing.m4 m4/mkdirp.m4 m4/obsolete.m4 m4/options.m4 m4/python.m4 m4/prog-cc-c-o.m4 m4/runlog.m4 m4/sanity.m4 m4/silent.m4 m4/strip.m4 m4/substnot.m4 m4/tar.m4 m4/upc.m4 m4/vala.m4 '/home/no/Desktop/github/riscv_emulator-seulgi-v1/buildroot/output/host/share/aclocal-1.16'
 /usr/bin/mkdir -p '/home/no/Desktop/github/riscv_emulator-seulgi-v1/buildroot/output/host/share/automake-1.16'
 /usr/bin/install -c -m 644 ./doc/amhello-1.0.tar.gz '/home/no/Desktop/github/riscv_emulator-seulgi-v1/buildroot/output/host/share/doc/automake'
 /usr/bin/mkdir -p '/home/no/Desktop/github/riscv_emulator-seulgi-v1/buildroot/output/host/share/aclocal'
 /usr/bin/install -c -m 644 lib/am/check.am lib/am/check2.am lib/am/clean-hdr.am lib/am/clean.am lib/am/compile.am lib/am/configure.am lib/am/data.am lib/am/dejagnu.am lib/am/depend.am lib/am/depend2.am lib/am/distdir.am lib/am/footer.am lib/am/header-vars.am lib/am/header.am lib/am/install.am lib/am/inst-vars.am lib/am/java.am lib/am/lang-compile.am lib/am/lex.am lib/am/library.am lib/am/libs.am lib/am/libtool.am lib/am/lisp.am lib/am/ltlib.am lib/am/ltlibrary.am lib/am/mans-vars.am lib/am/mans.am lib/am/program.am lib/am/progs.am lib/am/python.am lib/am/remake-hdr.am lib/am/scripts.am lib/am/subdirs.am lib/am/tags.am lib/am/texi-vers.am lib/am/texibuild.am lib/am/texinfos.am lib/am/vala.am lib/am/yacc.am '/home/no/Desktop/github/riscv_emulator-seulgi-v1/buildroot/output/host/share/automake-1.16/am'
 /usr/bin/install -c -m 644 lib/Automake/ChannelDefs.pm lib/Automake/Channels.pm lib/Automake/Condition.pm lib/Automake/Configure_ac.pm lib/Automake/DisjConditions.pm lib/Automake/FileUtils.pm lib/Automake/General.pm lib/Automake/Getopt.pm lib/Automake/Item.pm lib/Automake/ItemDef.pm lib/Automake/Language.pm lib/Automake/Location.pm lib/Automake/Options.pm lib/Automake/Rule.pm lib/Automake/RuleDef.pm lib/Automake/Variable.pm lib/Automake/VarDef.pm lib/Automake/Version.pm lib/Automake/XFile.pm lib/Automake/Wrap.pm '/home/no/Desktop/github/riscv_emulator-seulgi-v1/buildroot/output/host/share/automake-1.16/Automake'
 /usr/bin/mkdir -p '/home/no/Desktop/github/riscv_emulator-seulgi-v1/buildroot/output/host/share/automake-1.16/Automake'
 /usr/bin/install -c -m 644 lib/COPYING lib/INSTALL lib/texinfo.tex '/home/no/Desktop/github/riscv_emulator-seulgi-v1/buildroot/output/host/share/automake-1.16'
 /usr/bin/mkdir -p '/home/no/Desktop/github/riscv_emulator-seulgi-v1/buildroot/output/host/share/info'
/usr/bin/make  install-exec-hook
 /usr/bin/install -c -m 644 lib/config.guess lib/config.sub lib/install-sh lib/mdate-sh lib/missing lib/mkinstalldirs lib/ylwrap lib/depcomp lib/compile lib/py-compile lib/ar-lib lib/test-driver lib/tap-driver.sh '/home/no/Desktop/github/riscv_emulator-seulgi-v1/buildroot/output/host/share/automake-1.16'
 /usr/bin/install -c -m 644 m4/acdir/README '/home/no/Desktop/github/riscv_emulator-seulgi-v1/buildroot/output/host/share/aclocal'
 /usr/bin/install -c -m 644 lib/Automake/Config.pm '/home/no/Desktop/github/riscv_emulator-seulgi-v1/buildroot/output/host/share/automake-1.16/Automake'
 /usr/bin/install -c -m 644 ./doc/automake.info ./doc/automake.info-1 ./doc/automake.info-2 ./doc/automake-history.info '/home/no/Desktop/github/riscv_emulator-seulgi-v1/buildroot/output/host/share/info'
 install-info --info-dir='/home/no/Desktop/github/riscv_emulator-seulgi-v1/buildroot/output/host/share/info' '/home/no/Desktop/github/riscv_emulator-seulgi-v1/buildroot/output/host/share/info/automake.info'
 install-info --info-dir='/home/no/Desktop/github/riscv_emulator-seulgi-v1/buildroot/output/host/share/info' '/home/no/Desktop/github/riscv_emulator-seulgi-v1/buildroot/output/host/share/info/automake-history.info'
/usr/bin/make  install-data-hook
 ln '/home/no/Desktop/github/riscv_emulator-seulgi-v1/buildroot/output/host/bin/automake' '/home/no/Desktop/github/riscv_emulator-seulgi-v1/buildroot/output/host/bin/automake-1.16'
 ln '/home/no/Desktop/github/riscv_emulator-seulgi-v1/buildroot/output/host/bin/aclocal' '/home/no/Desktop/github/riscv_emulator-seulgi-v1/buildroot/output/host/bin/aclocal-1.16'
 chmod +x '/home/no/Desktop/github/riscv_emulator-seulgi-v1/buildroot/output/host/share/automake-1.16/config.guess'
 chmod +x '/home/no/Desktop/github/riscv_emulator-seulgi-v1/buildroot/output/host/share/automake-1.16/config.sub'
 chmod +x '/home/no/Desktop/github/riscv_emulator-seulgi-v1/buildroot/output/host/share/automake-1.16/install-sh'
 chmod +x '/home/no/Desktop/github/riscv_emulator-seulgi-v1/buildroot/output/host/share/automake-1.16/mdate-sh'
 chmod +x '/home/no/Desktop/github/riscv_emulator-seulgi-v1/buildroot/output/host/share/automake-1.16/missing'
 chmod +x '/home/no/Desktop/github/riscv_emulator-seulgi-v1/buildroot/output/host/share/automake-1.16/mkinstalldirs'
 chmod +x '/home/no/Desktop/github/riscv_emulator-seulgi-v1/buildroot/output/host/share/automake-1.16/ylwrap'
 chmod +x '/home/no/Desktop/github/riscv_emulator-seulgi-v1/buildroot/output/host/share/automake-1.16/depcomp'
 chmod +x '/home/no/Desktop/github/riscv_emulator-seulgi-v1/buildroot/output/host/share/automake-1.16/compile'
 chmod +x '/home/no/Desktop/github/riscv_emulator-seulgi-v1/buildroot/output/host/share/automake-1.16/py-compile'
 chmod +x '/home/no/Desktop/github/riscv_emulator-seulgi-v1/buildroot/output/host/share/automake-1.16/ar-lib'
 chmod +x '/home/no/Desktop/github/riscv_emulator-seulgi-v1/buildroot/output/host/share/automake-1.16/test-driver'
 chmod +x '/home/no/Desktop/github/riscv_emulator-seulgi-v1/buildroot/output/host/share/automake-1.16/tap-driver.sh'
/usr/bin/install -D -m 0644 package/automake/gtk-doc.m4 /home/no/Desktop/github/riscv_emulator-seulgi-v1/buildroot/output/host/share/aclocal/gtk-doc.m4
mkdir -p /home/no/Desktop/github/riscv_emulator-seulgi-v1/buildroot/output/host/riscv64-buildroot-linux-gnu/sysroot/usr/share/aclocal
>>> host-libzlib 1.3.2 Downloading
wget -nd -t 3 --connect-timeout=10 -O '/home/no/Desktop/github/riscv_emulator-seulgi-v1/buildroot/output/build/.zlib-1.3.2.tar.xz.wNlZJw/output' 'https://www.zlib.net/zlib-1.3.2.tar.xz' 
--2026-09-15 11:07:24--  https://www.zlib.net/zlib-1.3.2.tar.xz
Resolving www.zlib.net (www.zlib.net)... 85.187.148.2
Connecting to www.zlib.net (www.zlib.net)|85.187.148.2|:443... connected.
HTTP request sent, awaiting response... 200 OK
Length: 1320064 (1.3M) [application/x-xz]
Saving to: ‘/home/no/Desktop/github/riscv_emulator-seulgi-v1/buildroot/output/build/.zlib-1.3.2.tar.xz.wNlZJw/output’

     0K .......... .......... .......... .......... ..........  3%  771K 2s
    50K .......... .......... .......... .......... ..........  7% 1.37M 1s
   100K .......... .......... .......... .......... .......... 11% 1.49M 1s
   150K .......... .......... .......... .......... .......... 15% 24.2M 1s
   200K .......... .......... .......... .......... .......... 19% 52.0M 1s
   250K .......... .......... .......... .......... .......... 23% 1.91M 1s
   300K .......... .......... .......... .......... .......... 27% 6.10M 0s
   350K .......... .......... .......... .......... .......... 31% 11.5M 0s
   400K .......... .......... .......... .......... .......... 34% 66.5M 0s
   450K .......... .......... .......... .......... .......... 38% 12.0M 0s
   500K .......... .......... .......... .......... .......... 42% 3.21M 0s
   550K .......... .......... .......... .......... .......... 46% 17.5M 0s
   600K .......... .......... .......... .......... .......... 50% 5.15M 0s
   650K .......... .......... .......... .......... .......... 54% 7.68M 0s
   700K .......... .......... .......... .......... .......... 58% 52.3M 0s
   750K .......... .......... .......... .......... .......... 62% 69.7M 0s
   800K .......... .......... .......... .......... .......... 65% 78.3M 0s
   850K .......... .......... .......... .......... .......... 69% 32.2M 0s
   900K .......... .......... .......... .......... .......... 73% 18.1M 0s
   950K .......... .......... .......... .......... .......... 77% 13.4M 0s
  1000K .......... .......... .......... .......... .......... 81%  114M 0s
  1050K .......... .......... .......... .......... .......... 85% 6.93M 0s
  1100K .......... .......... .......... .......... .......... 89% 96.5M 0s
  1150K .......... .......... .......... .......... .......... 93% 49.0M 0s
  1200K .......... .......... .......... .......... .......... 96% 50.1M 0s
  1250K .......... .......... .......... .........            100% 44.0M=0.2s

2026-09-15 11:07:25 (5.38 MB/s) - ‘/home/no/Desktop/github/riscv_emulator-seulgi-v1/buildroot/output/build/.zlib-1.3.2.tar.xz.wNlZJw/output’ saved [1320064/1320064]

zlib-1.3.2.tar.xz: OK (sha256: d7a0654783a4da529d1bb793b7ad9c3318020af77667bcae35f95d0e42a792f3)
>>> host-libzlib 1.3.2 Extracting
xzcat /home/no/Desktop/github/riscv_emulator-seulgi-v1/buildroot/dl/libzlib/zlib-1.3.2.tar.xz | /home/no/Desktop/github/riscv_emulator-seulgi-v1/buildroot/output/host/bin/tar --strip-components=1 -C /home/no/Desktop/github/riscv_emulator-seulgi-v1/buildroot/output/build/host-libzlib-1.3.2   -xf -
>>> host-libzlib 1.3.2 Patching
>>> host-libzlib 1.3.2 Configuring
(cd /home/no/Desktop/github/riscv_emulator-seulgi-v1/buildroot/output/build/host-libzlib-1.3.2; rm -rf config.cache;  GIT_DIR=. PATH="/home/no/Desktop/github/riscv_emulator-seulgi-v1/buildroot/output/host/bin:/home/no/Desktop/github/riscv_emulator-seulgi-v1/buildroot/output/host/sbin:/home/no/.local/bin:/home/no/.local/bin:/home/no/bin:/media/no/b7ced73c-5231-4462-b98d-64e38fe2df9e/home/jbez/Desktop/!.📶️.SHARE]/!.🦾️].fullsharezip/💪🏾️].no-desk.sharezip/📲️📵️.GTFO.flxbx.📦️arcbit♏️/#.⛷️LOOSE-TANGENT]2wild]🎄️⛷️/🪆️.a0/📟️.a0/🎓️/🧼️/🥌️🗡️🛡️🧷️/🛡️.ARMOR.OF.WAR.NOW!]a1/🌐️🗺️🧫️.voxel_sphere_lab]a0/2.Mid.urf.PLAY]loglev]🪓️🤓️🪄️🪵️a0/🧪️]jul8.🏚️.®™]d10/jl69.🥡️.®™]🟦🟥️🟨️]a0/!.🚦️🏎️🏎️🏎️]a3]GOIN!/Fas7.🥡️.®™]🔳️⏹️]E6/earf.🌎️.®™/Lnd1.🏝️.®™/crsr.🗡️.®™]g10📌️/env0🥡️.®™]a0📌️/home.🥡️.®™]a0📌️/!.inst.🫕️.®™/+x/:/home/no/.grok/bin:/home/no/.opencode/bin:/home/no/.local/bin:/usr/local/bin:/usr/local/qt4/bin:/usr/local/qt4/bin:/home/no/.nvm/versions/node/v22.11.0/bin:/home/no/.local/bin:/home/no/.cargo/bin:/home/no/.local/bin:/home/no/bin:/media/no/b7ced73c-5231-4462-b98d-64e38fe2df9e/home/jbez/Desktop/!.📶️.SHARE]/!.🦾️].fullsharezip/💪🏾️].no-desk.sharezip/📲️📵️.GTFO.flxbx.📦️arcbit♏️/#.⛷️LOOSE-TANGENT]2wild]🎄️⛷️/🪆️.a0/📟️.a0/🎓️/🧼️/🥌️🗡️🛡️🧷️/🛡️.ARMOR.OF.WAR.NOW!]a1/🌐️🗺️🧫️.voxel_sphere_lab]a0/2.Mid.urf.PLAY]loglev]🪓️🤓️🪄️🪵️a0/🧪️]jul8.🏚️.®™]d10/jl69.🥡️.®™]🟦🟥️🟨️]a0/!.🚦️🏎️🏎️🏎️]a3]GOIN!/Fas7.🥡️.®™]🔳️⏹️]E6/earf.🌎️.®™/Lnd1.🏝️.®™/crsr.🗡️.®™]g10📌️/env0🥡️.®™]a0📌️/home.🥡️.®™]a0📌️/!.inst.🫕️.®™/+x/:/usr/local/sbin:/usr/local/bin:/usr/sbin:/usr/bin:/sbin:/bin:/usr/games:/usr/local/games:/snap/bin:/snap/bin:/home/no/.local/bin:/home/no/.lmstudio/bin:/home/no/.lmstudio/bin:/home/no/.lmstudio/bin" PKG_CONFIG="/home/no/Desktop/github/riscv_emulator-seulgi-v1/buildroot/output/host/bin/pkg-config" PKG_CONFIG_SYSROOT_DIR="/" PKG_CONFIG_ALLOW_SYSTEM_CFLAGS=1 PKG_CONFIG_ALLOW_SYSTEM_LIBS=1 PKG_CONFIG_LIBDIR="/home/no/Desktop/github/riscv_emulator-seulgi-v1/buildroot/output/host/lib/pkgconfig:/home/no/Desktop/github/riscv_emulator-seulgi-v1/buildroot/output/host/share/pkgconfig" AR="/usr/bin/ar" AS="/usr/bin/as" LD="/usr/bin/ld" NM="/usr/bin/nm" CC="/usr/bin/gcc" GCC="/usr/bin/gcc" CXX="/usr/bin/g++" CPP="/usr/bin/cpp" OBJCOPY="/usr/bin/objcopy" RANLIB="/usr/bin/ranlib" CPPFLAGS="-I/home/no/Desktop/github/riscv_emulator-seulgi-v1/buildroot/output/host/include" CFLAGS="-O2 -I/home/no/Desktop/github/riscv_emulator-seulgi-v1/buildroot/output/host/include" CXXFLAGS="-O2 -I/home/no/Desktop/github/riscv_emulator-seulgi-v1/buildroot/output/host/include" LDFLAGS="-L/home/no/Desktop/github/riscv_emulator-seulgi-v1/buildroot/output/host/lib -Wl,-rpath,/home/no/Desktop/github/riscv_emulator-seulgi-v1/buildroot/output/host/lib" INTLTOOL_PERL=/usr/bin/perl ./configure --prefix="/home/no/Desktop/github/riscv_emulator-seulgi-v1/buildroot/output/host" --sysconfdir="/home/no/Desktop/github/riscv_emulator-seulgi-v1/buildroot/output/host/etc" )
ignored option: --sysconfdir
Checking for shared library support...
Building shared library libz.so.1.3.2 with /usr/bin/gcc.
Checking for size_t... Yes.
Checking for off64_t... Yes.
Checking for fseeko... Yes.
Checking for strerror... Yes.
Checking for unistd.h... Yes.
Checking for stdarg.h... Yes.
Checking whether to use vs[n]printf() or s[n]printf()... using vs[n]printf().
Checking for vsnprintf() in stdio.h... Yes.
Checking for return value of vsnprintf()... Yes.
Checking for attribute(visibility) support... Yes.
Checking for s390x build ... No.
>>> host-libzlib 1.3.2 Building
GIT_DIR=. PATH="/home/no/Desktop/github/riscv_emulator-seulgi-v1/buildroot/output/host/bin:/home/no/Desktop/github/riscv_emulator-seulgi-v1/buildroot/output/host/sbin:/home/no/.local/bin:/home/no/.local/bin:/home/no/bin:/media/no/b7ced73c-5231-4462-b98d-64e38fe2df9e/home/jbez/Desktop/!.📶️.SHARE]/!.🦾️].fullsharezip/💪🏾️].no-desk.sharezip/📲️📵️.GTFO.flxbx.📦️arcbit♏️/#.⛷️LOOSE-TANGENT]2wild]🎄️⛷️/🪆️.a0/📟️.a0/🎓️/🧼️/🥌️🗡️🛡️🧷️/🛡️.ARMOR.OF.WAR.NOW!]a1/🌐️🗺️🧫️.voxel_sphere_lab]a0/2.Mid.urf.PLAY]loglev]🪓️🤓️🪄️🪵️a0/🧪️]jul8.🏚️.®™]d10/jl69.🥡️.®™]🟦🟥️🟨️]a0/!.🚦️🏎️🏎️🏎️]a3]GOIN!/Fas7.🥡️.®™]🔳️⏹️]E6/earf.🌎️.®™/Lnd1.🏝️.®™/crsr.🗡️.®™]g10📌️/env0🥡️.®™]a0📌️/home.🥡️.®™]a0📌️/!.inst.🫕️.®™/+x/:/home/no/.grok/bin:/home/no/.opencode/bin:/home/no/.local/bin:/usr/local/bin:/usr/local/qt4/bin:/usr/local/qt4/bin:/home/no/.nvm/versions/node/v22.11.0/bin:/home/no/.local/bin:/home/no/.cargo/bin:/home/no/.local/bin:/home/no/bin:/media/no/b7ced73c-5231-4462-b98d-64e38fe2df9e/home/jbez/Desktop/!.📶️.SHARE]/!.🦾️].fullsharezip/💪🏾️].no-desk.sharezip/📲️📵️.GTFO.flxbx.📦️arcbit♏️/#.⛷️LOOSE-TANGENT]2wild]🎄️⛷️/🪆️.a0/📟️.a0/🎓️/🧼️/🥌️🗡️🛡️🧷️/🛡️.ARMOR.OF.WAR.NOW!]a1/🌐️🗺️🧫️.voxel_sphere_lab]a0/2.Mid.urf.PLAY]loglev]🪓️🤓️🪄️🪵️a0/🧪️]jul8.🏚️.®™]d10/jl69.🥡️.®™]🟦🟥️🟨️]a0/!.🚦️🏎️🏎️🏎️]a3]GOIN!/Fas7.🥡️.®™]🔳️⏹️]E6/earf.🌎️.®™/Lnd1.🏝️.®™/crsr.🗡️.®™]g10📌️/env0🥡️.®™]a0📌️/home.🥡️.®™]a0📌️/!.inst.🫕️.®™/+x/:/usr/local/sbin:/usr/local/bin:/usr/sbin:/usr/bin:/sbin:/bin:/usr/games:/usr/local/games:/snap/bin:/snap/bin:/home/no/.local/bin:/home/no/.lmstudio/bin:/home/no/.lmstudio/bin:/home/no/.lmstudio/bin" PKG_CONFIG="/home/no/Desktop/github/riscv_emulator-seulgi-v1/buildroot/output/host/bin/pkg-config" PKG_CONFIG_SYSROOT_DIR="/" PKG_CONFIG_ALLOW_SYSTEM_CFLAGS=1 PKG_CONFIG_ALLOW_SYSTEM_LIBS=1 PKG_CONFIG_LIBDIR="/home/no/Desktop/github/riscv_emulator-seulgi-v1/buildroot/output/host/lib/pkgconfig:/home/no/Desktop/github/riscv_emulator-seulgi-v1/buildroot/output/host/share/pkgconfig" /usr/bin/make -j1  -C /home/no/Desktop/github/riscv_emulator-seulgi-v1/buildroot/output/build/host-libzlib-1.3.2
make[2]: warning: -j1 forced in submake: resetting jobserver mode.
/usr/bin/gcc -O2 -I/home/no/Desktop/github/riscv_emulator-seulgi-v1/buildroot/output/host/include -fPIC -D_LARGEFILE64_SOURCE=1 -DHAVE_HIDDEN -I. -c -o example.o test/example.c
/usr/bin/gcc -O2 -I/home/no/Desktop/github/riscv_emulator-seulgi-v1/buildroot/output/host/include -fPIC -D_LARGEFILE64_SOURCE=1 -DHAVE_HIDDEN  -c -o adler32.o adler32.c
/usr/bin/gcc -O2 -I/home/no/Desktop/github/riscv_emulator-seulgi-v1/buildroot/output/host/include -fPIC -D_LARGEFILE64_SOURCE=1 -DHAVE_HIDDEN  -c -o crc32.o crc32.c
/usr/bin/gcc -O2 -I/home/no/Desktop/github/riscv_emulator-seulgi-v1/buildroot/output/host/include -fPIC -D_LARGEFILE64_SOURCE=1 -DHAVE_HIDDEN  -c -o deflate.o deflate.c
/usr/bin/gcc -O2 -I/home/no/Desktop/github/riscv_emulator-seulgi-v1/buildroot/output/host/include -fPIC -D_LARGEFILE64_SOURCE=1 -DHAVE_HIDDEN  -c -o infback.o infback.c
/usr/bin/gcc -O2 -I/home/no/Desktop/github/riscv_emulator-seulgi-v1/buildroot/output/host/include -fPIC -D_LARGEFILE64_SOURCE=1 -DHAVE_HIDDEN  -c -o inffast.o inffast.c
/usr/bin/gcc -O2 -I/home/no/Desktop/github/riscv_emulator-seulgi-v1/buildroot/output/host/include -fPIC -D_LARGEFILE64_SOURCE=1 -DHAVE_HIDDEN  -c -o inflate.o inflate.c
/usr/bin/gcc -O2 -I/home/no/Desktop/github/riscv_emulator-seulgi-v1/buildroot/output/host/include -fPIC -D_LARGEFILE64_SOURCE=1 -DHAVE_HIDDEN  -c -o inftrees.o inftrees.c
/usr/bin/gcc -O2 -I/home/no/Desktop/github/riscv_emulator-seulgi-v1/buildroot/output/host/include -fPIC -D_LARGEFILE64_SOURCE=1 -DHAVE_HIDDEN  -c -o trees.o trees.c
/usr/bin/gcc -O2 -I/home/no/Desktop/github/riscv_emulator-seulgi-v1/buildroot/output/host/include -fPIC -D_LARGEFILE64_SOURCE=1 -DHAVE_HIDDEN  -c -o zutil.o zutil.c
/usr/bin/gcc -O2 -I/home/no/Desktop/github/riscv_emulator-seulgi-v1/buildroot/output/host/include -fPIC -D_LARGEFILE64_SOURCE=1 -DHAVE_HIDDEN  -c -o compress.o compress.c
/usr/bin/gcc -O2 -I/home/no/Desktop/github/riscv_emulator-seulgi-v1/buildroot/output/host/include -fPIC -D_LARGEFILE64_SOURCE=1 -DHAVE_HIDDEN  -c -o uncompr.o uncompr.c
/usr/bin/gcc -O2 -I/home/no/Desktop/github/riscv_emulator-seulgi-v1/buildroot/output/host/include -fPIC -D_LARGEFILE64_SOURCE=1 -DHAVE_HIDDEN  -c -o gzclose.o gzclose.c
/usr/bin/gcc -O2 -I/home/no/Desktop/github/riscv_emulator-seulgi-v1/buildroot/output/host/include -fPIC -D_LARGEFILE64_SOURCE=1 -DHAVE_HIDDEN  -c -o gzlib.o gzlib.c
/usr/bin/gcc -O2 -I/home/no/Desktop/github/riscv_emulator-seulgi-v1/buildroot/output/host/include -fPIC -D_LARGEFILE64_SOURCE=1 -DHAVE_HIDDEN  -c -o gzread.o gzread.c
/usr/bin/gcc -O2 -I/home/no/Desktop/github/riscv_emulator-seulgi-v1/buildroot/output/host/include -fPIC -D_LARGEFILE64_SOURCE=1 -DHAVE_HIDDEN  -c -o gzwrite.o gzwrite.c
/usr/bin/ar rc libz.a adler32.o crc32.o deflate.o infback.o inffast.o inflate.o inftrees.o trees.o zutil.o compress.o uncompr.o gzclose.o gzlib.o gzread.o gzwrite.o 
/usr/bin/gcc -O2 -I/home/no/Desktop/github/riscv_emulator-seulgi-v1/buildroot/output/host/include -fPIC -D_LARGEFILE64_SOURCE=1 -DHAVE_HIDDEN -L/home/no/Desktop/github/riscv_emulator-seulgi-v1/buildroot/output/host/lib -Wl,-rpath,/home/no/Desktop/github/riscv_emulator-seulgi-v1/buildroot/output/host/lib -o example example.o -L. libz.a
/usr/bin/gcc -O2 -I/home/no/Desktop/github/riscv_emulator-seulgi-v1/buildroot/output/host/include -fPIC -D_LARGEFILE64_SOURCE=1 -DHAVE_HIDDEN -I. -c -o minigzip.o test/minigzip.c
/usr/bin/gcc -O2 -I/home/no/Desktop/github/riscv_emulator-seulgi-v1/buildroot/output/host/include -fPIC -D_LARGEFILE64_SOURCE=1 -DHAVE_HIDDEN -L/home/no/Desktop/github/riscv_emulator-seulgi-v1/buildroot/output/host/lib -Wl,-rpath,/home/no/Desktop/github/riscv_emulator-seulgi-v1/buildroot/output/host/lib -o minigzip minigzip.o -L. libz.a
/usr/bin/gcc -O2 -I/home/no/Desktop/github/riscv_emulator-seulgi-v1/buildroot/output/host/include -fPIC -D_LARGEFILE64_SOURCE=1 -DHAVE_HIDDEN  -DPIC -c -o objs/adler32.o adler32.c
/usr/bin/gcc -O2 -I/home/no/Desktop/github/riscv_emulator-seulgi-v1/buildroot/output/host/include -fPIC -D_LARGEFILE64_SOURCE=1 -DHAVE_HIDDEN  -DPIC -c -o objs/crc32.o crc32.c
/usr/bin/gcc -O2 -I/home/no/Desktop/github/riscv_emulator-seulgi-v1/buildroot/output/host/include -fPIC -D_LARGEFILE64_SOURCE=1 -DHAVE_HIDDEN  -DPIC -c -o objs/deflate.o deflate.c
/usr/bin/gcc -O2 -I/home/no/Desktop/github/riscv_emulator-seulgi-v1/buildroot/output/host/include -fPIC -D_LARGEFILE64_SOURCE=1 -DHAVE_HIDDEN  -DPIC -c -o objs/infback.o infback.c
/usr/bin/gcc -O2 -I/home/no/Desktop/github/riscv_emulator-seulgi-v1/buildroot/output/host/include -fPIC -D_LARGEFILE64_SOURCE=1 -DHAVE_HIDDEN  -DPIC -c -o objs/inffast.o inffast.c
/usr/bin/gcc -O2 -I/home/no/Desktop/github/riscv_emulator-seulgi-v1/buildroot/output/host/include -fPIC -D_LARGEFILE64_SOURCE=1 -DHAVE_HIDDEN  -DPIC -c -o objs/inflate.o inflate.c
/usr/bin/gcc -O2 -I/home/no/Desktop/github/riscv_emulator-seulgi-v1/buildroot/output/host/include -fPIC -D_LARGEFILE64_SOURCE=1 -DHAVE_HIDDEN  -DPIC -c -o objs/inftrees.o inftrees.c
/usr/bin/gcc -O2 -I/home/no/Desktop/github/riscv_emulator-seulgi-v1/buildroot/output/host/include -fPIC -D_LARGEFILE64_SOURCE=1 -DHAVE_HIDDEN  -DPIC -c -o objs/trees.o trees.c
/usr/bin/gcc -O2 -I/home/no/Desktop/github/riscv_emulator-seulgi-v1/buildroot/output/host/include -fPIC -D_LARGEFILE64_SOURCE=1 -DHAVE_HIDDEN  -DPIC -c -o objs/zutil.o zutil.c
/usr/bin/gcc -O2 -I/home/no/Desktop/github/riscv_emulator-seulgi-v1/buildroot/output/host/include -fPIC -D_LARGEFILE64_SOURCE=1 -DHAVE_HIDDEN  -DPIC -c -o objs/compress.o compress.c
/usr/bin/gcc -O2 -I/home/no/Desktop/github/riscv_emulator-seulgi-v1/buildroot/output/host/include -fPIC -D_LARGEFILE64_SOURCE=1 -DHAVE_HIDDEN  -DPIC -c -o objs/uncompr.o uncompr.c
/usr/bin/gcc -O2 -I/home/no/Desktop/github/riscv_emulator-seulgi-v1/buildroot/output/host/include -fPIC -D_LARGEFILE64_SOURCE=1 -DHAVE_HIDDEN  -DPIC -c -o objs/gzclose.o gzclose.c
/usr/bin/gcc -O2 -I/home/no/Desktop/github/riscv_emulator-seulgi-v1/buildroot/output/host/include -fPIC -D_LARGEFILE64_SOURCE=1 -DHAVE_HIDDEN  -DPIC -c -o objs/gzlib.o gzlib.c
/usr/bin/gcc -O2 -I/home/no/Desktop/github/riscv_emulator-seulgi-v1/buildroot/output/host/include -fPIC -D_LARGEFILE64_SOURCE=1 -DHAVE_HIDDEN  -DPIC -c -o objs/gzread.o gzread.c
/usr/bin/gcc -O2 -I/home/no/Desktop/github/riscv_emulator-seulgi-v1/buildroot/output/host/include -fPIC -D_LARGEFILE64_SOURCE=1 -DHAVE_HIDDEN  -DPIC -c -o objs/gzwrite.o gzwrite.c
/usr/bin/gcc -shared -Wl,-soname,libz.so.1,--version-script,zlib.map -O2 -I/home/no/Desktop/github/riscv_emulator-seulgi-v1/buildroot/output/host/include -fPIC -D_LARGEFILE64_SOURCE=1 -DHAVE_HIDDEN -o libz.so.1.3.2 adler32.lo crc32.lo deflate.lo infback.lo inffast.lo inflate.lo inftrees.lo trees.lo zutil.lo compress.lo uncompr.lo gzclose.lo gzlib.lo gzread.lo gzwrite.lo  -lc -L/home/no/Desktop/github/riscv_emulator-seulgi-v1/buildroot/output/host/lib -Wl,-rpath,/home/no/Desktop/github/riscv_emulator-seulgi-v1/buildroot/output/host/lib
rm -f libz.so libz.so.1
ln -s libz.so.1.3.2 libz.so
ln -s libz.so.1.3.2 libz.so.1
/usr/bin/gcc -O2 -I/home/no/Desktop/github/riscv_emulator-seulgi-v1/buildroot/output/host/include -fPIC -D_LARGEFILE64_SOURCE=1 -DHAVE_HIDDEN -o examplesh example.o -L/home/no/Desktop/github/riscv_emulator-seulgi-v1/buildroot/output/host/lib -Wl,-rpath,/home/no/Desktop/github/riscv_emulator-seulgi-v1/buildroot/output/host/lib -L. libz.so.1.3.2
/usr/bin/gcc -O2 -I/home/no/Desktop/github/riscv_emulator-seulgi-v1/buildroot/output/host/include -fPIC -D_LARGEFILE64_SOURCE=1 -DHAVE_HIDDEN -o minigzipsh minigzip.o -L/home/no/Desktop/github/riscv_emulator-seulgi-v1/buildroot/output/host/lib -Wl,-rpath,/home/no/Desktop/github/riscv_emulator-seulgi-v1/buildroot/output/host/lib -L. libz.so.1.3.2
/usr/bin/gcc -O2 -I/home/no/Desktop/github/riscv_emulator-seulgi-v1/buildroot/output/host/include -fPIC -D_LARGEFILE64_SOURCE=1 -DHAVE_HIDDEN -I. -D_FILE_OFFSET_BITS=64 -c -o example64.o test/example.c
/usr/bin/gcc -O2 -I/home/no/Desktop/github/riscv_emulator-seulgi-v1/buildroot/output/host/include -fPIC -D_LARGEFILE64_SOURCE=1 -DHAVE_HIDDEN -L/home/no/Desktop/github/riscv_emulator-seulgi-v1/buildroot/output/host/lib -Wl,-rpath,/home/no/Desktop/github/riscv_emulator-seulgi-v1/buildroot/output/host/lib -o example64 example64.o -L. libz.a
/usr/bin/gcc -O2 -I/home/no/Desktop/github/riscv_emulator-seulgi-v1/buildroot/output/host/include -fPIC -D_LARGEFILE64_SOURCE=1 -DHAVE_HIDDEN -I. -D_FILE_OFFSET_BITS=64 -c -o minigzip64.o test/minigzip.c
/usr/bin/gcc -O2 -I/home/no/Desktop/github/riscv_emulator-seulgi-v1/buildroot/output/host/include -fPIC -D_LARGEFILE64_SOURCE=1 -DHAVE_HIDDEN -L/home/no/Desktop/github/riscv_emulator-seulgi-v1/buildroot/output/host/lib -Wl,-rpath,/home/no/Desktop/github/riscv_emulator-seulgi-v1/buildroot/output/host/lib -o minigzip64 minigzip64.o -L. libz.a
>>> host-libzlib 1.3.2 Installing to host directory
GIT_DIR=. PATH="/home/no/Desktop/github/riscv_emulator-seulgi-v1/buildroot/output/host/bin:/home/no/Desktop/github/riscv_emulator-seulgi-v1/buildroot/output/host/sbin:/home/no/.local/bin:/home/no/.local/bin:/home/no/bin:/media/no/b7ced73c-5231-4462-b98d-64e38fe2df9e/home/jbez/Desktop/!.📶️.SHARE]/!.🦾️].fullsharezip/💪🏾️].no-desk.sharezip/📲️📵️.GTFO.flxbx.📦️arcbit♏️/#.⛷️LOOSE-TANGENT]2wild]🎄️⛷️/🪆️.a0/📟️.a0/🎓️/🧼️/🥌️🗡️🛡️🧷️/🛡️.ARMOR.OF.WAR.NOW!]a1/🌐️🗺️🧫️.voxel_sphere_lab]a0/2.Mid.urf.PLAY]loglev]🪓️🤓️🪄️🪵️a0/🧪️]jul8.🏚️.®™]d10/jl69.🥡️.®™]🟦🟥️🟨️]a0/!.🚦️🏎️🏎️🏎️]a3]GOIN!/Fas7.🥡️.®™]🔳️⏹️]E6/earf.🌎️.®™/Lnd1.🏝️.®™/crsr.🗡️.®™]g10📌️/env0🥡️.®™]a0📌️/home.🥡️.®™]a0📌️/!.inst.🫕️.®™/+x/:/home/no/.grok/bin:/home/no/.opencode/bin:/home/no/.local/bin:/usr/local/bin:/usr/local/qt4/bin:/usr/local/qt4/bin:/home/no/.nvm/versions/node/v22.11.0/bin:/home/no/.local/bin:/home/no/.cargo/bin:/home/no/.local/bin:/home/no/bin:/media/no/b7ced73c-5231-4462-b98d-64e38fe2df9e/home/jbez/Desktop/!.📶️.SHARE]/!.🦾️].fullsharezip/💪🏾️].no-desk.sharezip/📲️📵️.GTFO.flxbx.📦️arcbit♏️/#.⛷️LOOSE-TANGENT]2wild]🎄️⛷️/🪆️.a0/📟️.a0/🎓️/🧼️/🥌️🗡️🛡️🧷️/🛡️.ARMOR.OF.WAR.NOW!]a1/🌐️🗺️🧫️.voxel_sphere_lab]a0/2.Mid.urf.PLAY]loglev]🪓️🤓️🪄️🪵️a0/🧪️]jul8.🏚️.®™]d10/jl69.🥡️.®™]🟦🟥️🟨️]a0/!.🚦️🏎️🏎️🏎️]a3]GOIN!/Fas7.🥡️.®™]🔳️⏹️]E6/earf.🌎️.®™/Lnd1.🏝️.®™/crsr.🗡️.®™]g10📌️/env0🥡️.®™]a0📌️/home.🥡️.®™]a0📌️/!.inst.🫕️.®™/+x/:/usr/local/sbin:/usr/local/bin:/usr/sbin:/usr/bin:/sbin:/bin:/usr/games:/usr/local/games:/snap/bin:/snap/bin:/home/no/.local/bin:/home/no/.lmstudio/bin:/home/no/.lmstudio/bin:/home/no/.lmstudio/bin" PKG_CONFIG="/home/no/Desktop/github/riscv_emulator-seulgi-v1/buildroot/output/host/bin/pkg-config" PKG_CONFIG_SYSROOT_DIR="/" PKG_CONFIG_ALLOW_SYSTEM_CFLAGS=1 PKG_CONFIG_ALLOW_SYSTEM_LIBS=1 PKG_CONFIG_LIBDIR="/home/no/Desktop/github/riscv_emulator-seulgi-v1/buildroot/output/host/lib/pkgconfig:/home/no/Desktop/github/riscv_emulator-seulgi-v1/buildroot/output/host/share/pkgconfig" /usr/bin/make -j1  -C /home/no/Desktop/github/riscv_emulator-seulgi-v1/buildroot/output/build/host-libzlib-1.3.2 LDCONFIG=true install
make[2]: warning: -j1 forced in submake: resetting jobserver mode.
rm -f /home/no/Desktop/github/riscv_emulator-seulgi-v1/buildroot/output/host/lib/libz.a
cp libz.a /home/no/Desktop/github/riscv_emulator-seulgi-v1/buildroot/output/host/lib
chmod 644 /home/no/Desktop/github/riscv_emulator-seulgi-v1/buildroot/output/host/lib/libz.a
cp libz.so.1.3.2 /home/no/Desktop/github/riscv_emulator-seulgi-v1/buildroot/output/host/lib
chmod 755 /home/no/Desktop/github/riscv_emulator-seulgi-v1/buildroot/output/host/lib/libz.so.1.3.2
rm -f /home/no/Desktop/github/riscv_emulator-seulgi-v1/buildroot/output/host/share/man/man3/zlib.3
cp zlib.3 /home/no/Desktop/github/riscv_emulator-seulgi-v1/buildroot/output/host/share/man/man3
chmod 644 /home/no/Desktop/github/riscv_emulator-seulgi-v1/buildroot/output/host/share/man/man3/zlib.3
rm -f /home/no/Desktop/github/riscv_emulator-seulgi-v1/buildroot/output/host/lib/pkgconfig/zlib.pc
cp zlib.pc /home/no/Desktop/github/riscv_emulator-seulgi-v1/buildroot/output/host/lib/pkgconfig
chmod 644 /home/no/Desktop/github/riscv_emulator-seulgi-v1/buildroot/output/host/lib/pkgconfig/zlib.pc
rm -f /home/no/Desktop/github/riscv_emulator-seulgi-v1/buildroot/output/host/include/zlib.h /home/no/Desktop/github/riscv_emulator-seulgi-v1/buildroot/output/host/include/zconf.h
cp zlib.h zconf.h /home/no/Desktop/github/riscv_emulator-seulgi-v1/buildroot/output/host/include
chmod 644 /home/no/Desktop/github/riscv_emulator-seulgi-v1/buildroot/output/host/include/zlib.h /home/no/Desktop/github/riscv_emulator-seulgi-v1/buildroot/output/host/include/zconf.h
>>> host-zlib  Extracting
>>> host-zlib  Patching
>>> host-zlib  Configuring
>>> host-zlib  Building
>>> host-zlib  Installing to host directory
>>> host-util-linux 2.41.5 Downloading
wget -nd -t 3 --connect-timeout=10 -O '/home/no/Desktop/github/riscv_emulator-seulgi-v1/buildroot/output/build/.util-linux-2.41.5.tar.xz.JbXYRS/output' 'https://cdn.kernel.org/pub/linux/utils/util-linux/v2.41/util-linux-2.41.5.tar.xz' 
--2026-09-15 11:07:34--  https://cdn.kernel.org/pub/linux/utils/util-linux/v2.41/util-linux-2.41.5.tar.xz
Resolving cdn.kernel.org (cdn.kernel.org)... 2a04:4e42::432, 2a04:4e42:200::432, 2a04:4e42:400::432, ...
Connecting to cdn.kernel.org (cdn.kernel.org)|2a04:4e42::432|:443... connected.
HTTP request sent, awaiting response... 200 OK
Length: 9474992 (9.0M) [application/x-xz]
Saving to: ‘/home/no/Desktop/github/riscv_emulator-seulgi-v1/buildroot/output/build/.util-linux-2.41.5.tar.xz.JbXYRS/output’

     0K .......... .......... .......... .......... ..........  0% 3.27M 3s
    50K .......... .......... .......... .......... ..........  1% 2.98M 3s
   100K .......... .......... .......... .......... ..........  1% 15.5M 2s
   150K .......... .......... .......... .......... ..........  2% 12.6M 2s
   200K .......... .......... .......... .......... ..........  2% 19.2M 1s
   250K .......... .......... .......... .......... ..........  3% 5.97M 1s
   300K .......... .......... .......... .......... ..........  3% 27.8M 1s
   350K .......... .......... .......... .......... ..........  4% 55.2M 1s
   400K .......... .......... .......... .......... ..........  4% 23.2M 1s
   450K .......... .......... .......... .......... ..........  5% 11.0M 1s
   500K .......... .......... .......... .......... ..........  5% 52.5M 1s
   550K .......... .......... .......... .......... ..........  6% 71.7M 1s
   600K .......... .......... .......... .......... ..........  7% 27.1M 1s
   650K .......... .......... .......... .......... ..........  7% 6.35M 1s
   700K .......... .......... .......... .......... ..........  8% 54.5M 1s
   750K .......... .......... .......... .......... ..........  8% 72.4M 1s
   800K .......... .......... .......... .......... ..........  9% 75.1M 1s
   850K .......... .......... .......... .......... ..........  9% 29.5M 1s
   900K .......... .......... .......... .......... .......... 10% 8.81M 1s
   950K .......... .......... .......... .......... .......... 10% 34.3M 1s
  1000K .......... .......... .......... .......... .......... 11% 38.5M 1s
  1050K .......... .......... .......... .......... .......... 11% 28.5M 1s
  1100K .......... .......... .......... .......... .......... 12% 60.6M 1s
  1150K .......... .......... .......... .......... .......... 12% 51.8M 1s
  1200K .......... .......... .......... .......... .......... 13% 55.1M 1s
  1250K .......... .......... .......... .......... .......... 14% 72.3M 1s
  1300K .......... .......... .......... .......... .......... 14% 74.7M 1s
  1350K .......... .......... .......... .......... .......... 15% 34.7M 0s
  1400K .......... .......... .......... .......... .......... 15% 72.0M 0s
  1450K .......... .......... .......... .......... .......... 16% 47.1M 0s
  1500K .......... .......... .......... .......... .......... 16% 97.8M 0s
  1550K .......... .......... .......... .......... .......... 17% 47.2M 0s
  1600K .......... .......... .......... .......... .......... 17% 35.8M 0s
  1650K .......... .......... .......... .......... .......... 18% 66.2M 0s
  1700K .......... .......... .......... .......... .......... 18% 65.8M 0s
  1750K .......... .......... .......... .......... .......... 19% 70.9M 0s
  1800K .......... .......... .......... .......... .......... 19% 50.3M 0s
  1850K .......... .......... .......... .......... .......... 20% 90.6M 0s
  1900K .......... .......... .......... .......... .......... 21% 30.6M 0s
  1950K .......... .......... .......... .......... .......... 21% 66.9M 0s
  2000K .......... .......... .......... .......... .......... 22% 15.3M 0s
  2050K .......... .......... .......... .......... .......... 22% 28.1M 0s
  2100K .......... .......... .......... .......... .......... 23% 81.2M 0s
  2150K .......... .......... .......... .......... .......... 23% 4.27M 0s
  2200K .......... .......... .......... .......... .......... 24% 72.6M 0s
  2250K .......... .......... .......... .......... .......... 24% 37.1M 0s
  2300K .......... .......... .......... .......... .......... 25% 57.4M 0s
  2350K .......... .......... .......... .......... .......... 25% 61.2M 0s
  2400K .......... .......... .......... .......... .......... 26% 75.6M 0s
  2450K .......... .......... .......... .......... .......... 27% 32.0M 0s
  2500K .......... .......... .......... .......... .......... 27% 87.2M 0s
  2550K .......... .......... .......... .......... .......... 28% 56.2M 0s
  2600K .......... .......... .......... .......... .......... 28% 49.0M 0s
  2650K .......... .......... .......... .......... .......... 29% 48.4M 0s
  2700K .......... .......... .......... .......... .......... 29% 51.1M 0s
  2750K .......... .......... .......... .......... .......... 30% 65.6M 0s
  2800K .......... .......... .......... .......... .......... 30% 36.5M 0s
  2850K .......... .......... .......... .......... .......... 31% 72.8M 0s
  2900K .......... .......... .......... .......... .......... 31% 77.4M 0s
  2950K .......... .......... .......... .......... .......... 32% 64.5M 0s
  3000K .......... .......... .......... .......... .......... 32% 25.3M 0s
  3050K .......... .......... .......... .......... .......... 33% 47.4M 0s
  3100K .......... .......... .......... .......... .......... 34% 91.3M 0s
  3150K .......... .......... .......... .......... .......... 34%  115M 0s
  3200K .......... .......... .......... .......... .......... 35% 71.4M 0s
  3250K .......... .......... .......... .......... .......... 35% 53.9M 0s
  3300K .......... .......... .......... .......... .......... 36% 82.4M 0s
  3350K .......... .......... .......... .......... .......... 36% 33.2M 0s
  3400K .......... .......... .......... .......... .......... 37% 50.6M 0s
  3450K .......... .......... .......... .......... .......... 37% 47.7M 0s
  3500K .......... .......... .......... .......... .......... 38% 29.7M 0s
  3550K .......... .......... .......... .......... .......... 38% 70.4M 0s
  3600K .......... .......... .......... .......... .......... 39% 83.8M 0s
  3650K .......... .......... .......... .......... .......... 39% 51.0M 0s
  3700K .......... .......... .......... .......... .......... 40% 99.2M 0s
  3750K .......... .......... .......... .......... .......... 41% 52.0M 0s
  3800K .......... .......... .......... .......... .......... 41% 68.3M 0s
  3850K .......... .......... .......... .......... .......... 42%  106M 0s
  3900K .......... .......... .......... .......... .......... 42% 25.2M 0s
  3950K .......... .......... .......... .......... .......... 43% 70.1M 0s
  4000K .......... .......... .......... .......... .......... 43% 70.6M 0s
  4050K .......... .......... .......... .......... .......... 44% 55.0M 0s
  4100K .......... .......... .......... .......... .......... 44% 63.4M 0s
  4150K .......... .......... .......... .......... .......... 45% 70.4M 0s
  4200K .......... .......... .......... .......... .......... 45% 10.9M 0s
  4250K .......... .......... .......... .......... .......... 46% 98.3M 0s
  4300K .......... .......... .......... .......... .......... 47% 69.4M 0s
  4350K .......... .......... .......... .......... .......... 47% 71.1M 0s
  4400K .......... .......... .......... .......... .......... 48% 44.7M 0s
  4450K .......... .......... .......... .......... .......... 48% 67.4M 0s
  4500K .......... .......... .......... .......... .......... 49% 97.0M 0s
  4550K .......... .......... .......... .......... .......... 49% 11.3M 0s
  4600K .......... .......... .......... .......... .......... 50% 78.2M 0s
  4650K .......... .......... .......... .......... .......... 50% 56.5M 0s
  4700K .......... .......... .......... .......... .......... 51% 88.9M 0s
  4750K .......... .......... .......... .......... .......... 51% 67.1M 0s
  4800K .......... .......... .......... .......... .......... 52% 55.8M 0s
  4850K .......... .......... .......... .......... .......... 52% 67.2M 0s
  4900K .......... .......... .......... .......... .......... 53% 4.85M 0s
  4950K .......... .......... .......... .......... .......... 54% 81.7M 0s
  5000K .......... .......... .......... .......... .......... 54% 74.4M 0s
  5050K .......... .......... .......... .......... .......... 55% 68.9M 0s
  5100K .......... .......... .......... .......... .......... 55% 66.8M 0s
  5150K .......... .......... .......... .......... .......... 56% 34.3M 0s
  5200K .......... .......... .......... .......... .......... 56% 52.1M 0s
  5250K .......... .......... .......... .......... .......... 57% 67.6M 0s
  5300K .......... .......... .......... .......... .......... 57% 68.7M 0s
  5350K .......... .......... .......... .......... .......... 58% 51.7M 0s
  5400K .......... .......... .......... .......... .......... 58% 70.4M 0s
  5450K .......... .......... .......... .......... .......... 59%  118M 0s
  5500K .......... .......... .......... .......... .......... 59% 18.6M 0s
  5550K .......... .......... .......... .......... .......... 60% 77.0M 0s
  5600K .......... .......... .......... .......... .......... 61% 57.1M 0s
  5650K .......... .......... .......... .......... .......... 61% 75.3M 0s
  5700K .......... .......... .......... .......... .......... 62% 70.4M 0s
  5750K .......... .......... .......... .......... .......... 62% 65.6M 0s
  5800K .......... .......... .......... .......... .......... 63% 70.8M 0s
  5850K .......... .......... .......... .......... .......... 63% 32.1M 0s
  5900K .......... .......... .......... .......... .......... 64% 52.8M 0s
  5950K .......... .......... .......... .......... .......... 64% 49.6M 0s
  6000K .......... .......... .......... .......... .......... 65% 71.8M 0s
  6050K .......... .......... .......... .......... .......... 65% 73.4M 0s
  6100K .......... .......... .......... .......... .......... 66% 63.2M 0s
  6150K .......... .......... .......... .......... .......... 67% 80.2M 0s
  6200K .......... .......... .......... .......... .......... 67% 36.7M 0s
  6250K .......... .......... .......... .......... .......... 68% 75.1M 0s
  6300K .......... .......... .......... .......... .......... 68% 43.5M 0s
  6350K .......... .......... .......... .......... .......... 69% 70.1M 0s
  6400K .......... .......... .......... .......... .......... 69% 72.1M 0s
  6450K .......... .......... .......... .......... .......... 70% 77.4M 0s
  6500K .......... .......... .......... .......... .......... 70% 61.4M 0s
  6550K .......... .......... .......... .......... .......... 71% 50.5M 0s
  6600K .......... .......... .......... .......... .......... 71% 73.3M 0s
  6650K .......... .......... .......... .......... .......... 72% 55.9M 0s
  6700K .......... .......... .......... .......... .......... 72% 64.5M 0s
  6750K .......... .......... .......... .......... .......... 73% 54.5M 0s
  6800K .......... .......... .......... .......... .......... 74% 70.8M 0s
  6850K .......... .......... .......... .......... .......... 74% 84.2M 0s
  6900K .......... .......... .......... .......... .......... 75% 55.7M 0s
  6950K .......... .......... .......... .......... .......... 75% 59.7M 0s
  7000K .......... .......... .......... .......... .......... 76% 64.9M 0s
  7050K .......... .......... .......... .......... .......... 76% 53.2M 0s
  7100K .......... .......... .......... .......... .......... 77% 72.6M 0s
  7150K .......... .......... .......... .......... .......... 77% 80.8M 0s
  7200K .......... .......... .......... .......... .......... 78% 65.6M 0s
  7250K .......... .......... .......... .......... .......... 78% 20.6M 0s
  7300K .......... .......... .......... .......... .......... 79% 50.4M 0s
  7350K .......... .......... .......... .......... .......... 79% 73.6M 0s
  7400K .......... .......... .......... .......... .......... 80% 71.8M 0s
  7450K .......... .......... .......... .......... .......... 81% 76.1M 0s
  7500K .......... .......... .......... .......... .......... 81% 49.4M 0s
  7550K .......... .......... .......... .......... .......... 82% 83.2M 0s
  7600K .......... .......... .......... .......... .......... 82% 38.8M 0s
  7650K .......... .......... .......... .......... .......... 83% 53.5M 0s
  7700K .......... .......... .......... .......... .......... 83% 71.4M 0s
  7750K .......... .......... .......... .......... .......... 84% 76.7M 0s
  7800K .......... .......... .......... .......... .......... 84% 70.1M 0s
  7850K .......... .......... .......... .......... .......... 85% 73.6M 0s
  7900K .......... .......... .......... .......... .......... 85% 50.3M 0s
  7950K .......... .......... .......... .......... .......... 86% 56.7M 0s
  8000K .......... .......... .......... .......... .......... 86% 52.3M 0s
  8050K .......... .......... .......... .......... .......... 87% 72.6M 0s
  8100K .......... .......... .......... .......... .......... 88% 74.3M 0s
  8150K .......... .......... .......... .......... .......... 88% 72.0M 0s
  8200K .......... .......... .......... .......... .......... 89% 64.2M 0s
  8250K .......... .......... .......... .......... .......... 89% 72.5M 0s
  8300K .......... .......... .......... .......... .......... 90% 38.8M 0s
  8350K .......... .......... .......... .......... .......... 90% 62.0M 0s
  8400K .......... .......... .......... .......... .......... 91% 67.8M 0s
  8450K .......... .......... .......... .......... .......... 91% 68.6M 0s
  8500K .......... .......... .......... .......... .......... 92% 73.1M 0s
  8550K .......... .......... .......... .......... .......... 92% 48.1M 0s
  8600K .......... .......... .......... .......... .......... 93% 75.3M 0s
  8650K .......... .......... .......... .......... .......... 94% 7.73M 0s
  8700K .......... .......... .......... .......... .......... 94% 73.8M 0s
  8750K .......... .......... .......... .......... .......... 95% 51.4M 0s
  8800K .......... .......... .......... .......... .......... 95% 65.2M 0s
  8850K .......... .......... .......... .......... .......... 96% 79.0M 0s
  8900K .......... .......... .......... .......... .......... 96% 71.2M 0s
  8950K .......... .......... .......... .......... .......... 97% 2.75M 0s
  9000K .......... .......... .......... .......... .......... 97% 69.9M 0s
  9050K .......... .......... .......... .......... .......... 98% 11.7M 0s
  9100K .......... .......... .......... .......... .......... 98% 29.2M 0s
  9150K .......... .......... .......... .......... .......... 99% 69.3M 0s
  9200K .......... .......... .......... .......... .......... 99%  104M 0s
  9250K ..                                                    100% 5.44T=0.3s

2026-09-15 11:07:34 (32.6 MB/s) - ‘/home/no/Desktop/github/riscv_emulator-seulgi-v1/buildroot/output/build/.util-linux-2.41.5.tar.xz.JbXYRS/output’ saved [9474992/9474992]

util-linux-2.41.5.tar.xz: OK (sha256: f586e35d320ff537aab3ffeca37e9ecd482ccbe013590db4429a414d8aa6a728)
>>> host-util-linux 2.41.5 Extracting
xzcat /home/no/Desktop/github/riscv_emulator-seulgi-v1/buildroot/dl/util-linux/util-linux-2.41.5.tar.xz | /home/no/Desktop/github/riscv_emulator-seulgi-v1/buildroot/output/host/bin/tar --strip-components=1 -C /home/no/Desktop/github/riscv_emulator-seulgi-v1/buildroot/output/build/host-util-linux-2.41.5   -xf -
>>> host-util-linux 2.41.5 Patching

Applying 0001-include-mount-api-utils.h-fix-LSMT_ROOT-definition.patch using patch: 
patching file include/mount-api-utils.h

Applying 0002-autotools-optionally-add-libpthread-to-uuid.pc.patch using patch: 
patching file Makefile.am
patching file libuuid/uuid.pc.in

Applying 0003-loopdev-use-openat2-RESOLVE_NO_SYMLINKS-for-backing-.patch using patch: 
patching file lib/loopdev.c
>>> host-util-linux 2.41.5 Updating config.sub and config.guess
for file in config.guess config.sub; do for i in $(find /home/no/Desktop/github/riscv_emulator-seulgi-v1/buildroot/output/build/host-util-linux-2.41.5 -name $file); do cp support/gnuconfig/$file $i; done; done
>>> host-util-linux 2.41.5 Configuring
>>> host-util-linux 2.41.5 Autoreconfiguring
libtoolize: putting auxiliary files in AC_CONFIG_AUX_DIR, 'config'.
libtoolize: copying file 'config/ltmain.sh'
libtoolize: putting macros in AC_CONFIG_MACRO_DIRS, 'm4'.
libtoolize: copying file 'm4/libtool.m4'
libtoolize: copying file 'm4/ltoptions.m4'
libtoolize: copying file 'm4/ltsugar.m4'
libtoolize: copying file 'm4/ltversion.m4'
libtoolize: copying file 'm4/lt~obsolete.m4'
configure.ac:13: installing 'config/compile'
configure.ac:14: installing 'config/missing'
Makefile.am: installing 'config/depcomp'
>>> host-util-linux 2.41.5 Patching libtool
patching file /home/no/Desktop/github/riscv_emulator-seulgi-v1/buildroot/output/build/host-util-linux-2.41.5/config/ltmain.sh
Hunk #1 succeeded at 2999 (offset 312 lines).
Hunk #2 succeeded at 4680 (offset 403 lines).
Hunk #3 succeeded at 6987 (offset 433 lines).
Hunk #4 succeeded at 6997 (offset 433 lines).
Hunk #5 succeeded at 7297 (offset 440 lines).
Hunk #6 succeeded at 7602 (offset 453 lines).
Hunk #7 succeeded at 8609 (offset 497 lines).
Hunk #8 succeeded at 11146 (offset 436 lines).
(cd /home/no/Desktop/github/riscv_emulator-seulgi-v1/buildroot/output/build/host-util-linux-2.41.5/ && rm -rf config.cache; GIT_DIR=. PATH="/home/no/Desktop/github/riscv_emulator-seulgi-v1/buildroot/output/host/bin:/home/no/Desktop/github/riscv_emulator-seulgi-v1/buildroot/output/host/sbin:/home/no/.local/bin:/home/no/.local/bin:/home/no/bin:/media/no/b7ced73c-5231-4462-b98d-64e38fe2df9e/home/jbez/Desktop/!.📶️.SHARE]/!.🦾️].fullsharezip/💪🏾️].no-desk.sharezip/📲️📵️.GTFO.flxbx.📦️arcbit♏️/#.⛷️LOOSE-TANGENT]2wild]🎄️⛷️/🪆️.a0/📟️.a0/🎓️/🧼️/🥌️🗡️🛡️🧷️/🛡️.ARMOR.OF.WAR.NOW!]a1/🌐️🗺️🧫️.voxel_sphere_lab]a0/2.Mid.urf.PLAY]loglev]🪓️🤓️🪄️🪵️a0/🧪️]jul8.🏚️.®™]d10/jl69.🥡️.®™]🟦🟥️🟨️]a0/!.🚦️🏎️🏎️🏎️]a3]GOIN!/Fas7.🥡️.®™]🔳️⏹️]E6/earf.🌎️.®™/Lnd1.🏝️.®™/crsr.🗡️.®™]g10📌️/env0🥡️.®™]a0📌️/home.🥡️.®™]a0📌️/!.inst.🫕️.®™/+x/:/home/no/.grok/bin:/home/no/.opencode/bin:/home/no/.local/bin:/usr/local/bin:/usr/local/qt4/bin:/usr/local/qt4/bin:/home/no/.nvm/versions/node/v22.11.0/bin:/home/no/.local/bin:/home/no/.cargo/bin:/home/no/.local/bin:/home/no/bin:/media/no/b7ced73c-5231-4462-b98d-64e38fe2df9e/home/jbez/Desktop/!.📶️.SHARE]/!.🦾️].fullsharezip/💪🏾️].no-desk.sharezip/📲️📵️.GTFO.flxbx.📦️arcbit♏️/#.⛷️LOOSE-TANGENT]2wild]🎄️⛷️/🪆️.a0/📟️.a0/🎓️/🧼️/🥌️🗡️🛡️🧷️/🛡️.ARMOR.OF.WAR.NOW!]a1/🌐️🗺️🧫️.voxel_sphere_lab]a0/2.Mid.urf.PLAY]loglev]🪓️🤓️🪄️🪵️a0/🧪️]jul8.🏚️.®™]d10/jl69.🥡️.®™]🟦🟥️🟨️]a0/!.🚦️🏎️🏎️🏎️]a3]GOIN!/Fas7.🥡️.®™]🔳️⏹️]E6/earf.🌎️.®™/Lnd1.🏝️.®™/crsr.🗡️.®™]g10📌️/env0🥡️.®™]a0📌️/home.🥡️.®™]a0📌️/!.inst.🫕️.®™/+x/:/usr/local/sbin:/usr/local/bin:/usr/sbin:/usr/bin:/sbin:/bin:/usr/games:/usr/local/games:/snap/bin:/snap/bin:/home/no/.local/bin:/home/no/.lmstudio/bin:/home/no/.lmstudio/bin:/home/no/.lmstudio/bin" PKG_CONFIG="/home/no/Desktop/github/riscv_emulator-seulgi-v1/buildroot/output/host/bin/pkg-config" PKG_CONFIG_SYSROOT_DIR="/" PKG_CONFIG_ALLOW_SYSTEM_CFLAGS=1 PKG_CONFIG_ALLOW_SYSTEM_LIBS=1 PKG_CONFIG_LIBDIR="/home/no/Desktop/github/riscv_emulator-seulgi-v1/buildroot/output/host/lib/pkgconfig:/home/no/Desktop/github/riscv_emulator-seulgi-v1/buildroot/output/host/share/pkgconfig" AR="/usr/bin/ar" AS="/usr/bin/as" LD="/usr/bin/ld" NM="/usr/bin/nm" CC="/usr/bin/gcc" GCC="/usr/bin/gcc" CXX="/usr/bin/g++" CPP="/usr/bin/cpp" OBJCOPY="/usr/bin/objcopy" RANLIB="/usr/bin/ranlib" CPPFLAGS="-I/home/no/Desktop/github/riscv_emulator-seulgi-v1/buildroot/output/host/include" CFLAGS="-O2 -I/home/no/Desktop/github/riscv_emulator-seulgi-v1/buildroot/output/host/include" CXXFLAGS="-O2 -I/home/no/Desktop/github/riscv_emulator-seulgi-v1/buildroot/output/host/include" LDFLAGS="-L/home/no/Desktop/github/riscv_emulator-seulgi-v1/buildroot/output/host/lib -Wl,-rpath,/home/no/Desktop/github/riscv_emulator-seulgi-v1/buildroot/output/host/lib" INTLTOOL_PERL=/usr/bin/perl  CONFIG_SITE=/dev/null ./configure --prefix="/home/no/Desktop/github/riscv_emulator-seulgi-v1/buildroot/output/host" --sysconfdir="/home/no/Desktop/github/riscv_emulator-seulgi-v1/buildroot/output/host/etc" --localstatedir="/home/no/Desktop/github/riscv_emulator-seulgi-v1/buildroot/output/host/var" --enable-shared --disable-static --disable-gtk-doc --disable-gtk-doc-html --disable-doc --disable-docs --disable-documentation --disable-debug --with-xmlto=no --with-fop=no --disable-nls --disable-dependency-tracking  --disable-asciidoc --disable-poman --without-systemd --with-systemdsystemunitdir=no --without-python --enable-libblkid --enable-libmount --enable-libuuid --without-libmagic --without-ncurses --without-ncursesw --without-tinfo --disable-raw --disable-makeinstall-chown --disable-agetty --disable-chfn-chsh --disable-chmem --disable-ipcmk --disable-liblastlog2 --disable-login --disable-lsfd --disable-lslogins --disable-mesg --disable-more --disable-newgrp --disable-nologin --disable-nsenter --disable-pg --disable-rfkill --disable-runuser --disable-schedutils --disable-setpriv --disable-setterm --disable-su --disable-sulogin --disable-tunelp --disable-ul --disable-unshare --disable-uuidd --disable-vipw --disable-wall --disable-wdctl --disable-write --disable-zramctl )
configure: WARNING: unrecognized options: --disable-gtk-doc-html, --disable-doc, --disable-docs, --disable-documentation, --disable-debug, --with-xmlto, --with-fop
checking for gcc... /usr/bin/gcc
checking whether the C compiler works... yes
checking for C compiler default output file name... a.out
checking for suffix of executables... 
checking whether we are cross compiling... no
checking for suffix of object files... o
checking whether the compiler supports GNU C... yes
checking whether /usr/bin/gcc accepts -g... yes
checking for /usr/bin/gcc option to enable C23 features... unsupported
checking for /usr/bin/gcc option to enable C11 features... none needed
checking whether /usr/bin/gcc understands -c and -o together... yes
checking for stdio.h... yes
checking for stdlib.h... yes
checking for string.h... yes
checking for inttypes.h... yes
checking for stdint.h... yes
checking for strings.h... yes
checking for sys/stat.h... yes
checking for sys/types.h... yes
checking for unistd.h... yes
checking for wchar.h... yes
checking for minix/config.h... no
checking whether it is safe to define __EXTENSIONS__... yes
checking whether _XOPEN_SOURCE should be defined... no
checking for a BSD-compatible install... /usr/bin/install -c
checking whether build environment is sane... yes
checking for a race-free mkdir -p... /usr/bin/mkdir -p
checking for gawk... gawk
checking whether make sets $(MAKE)... yes
checking whether make supports the include directive... yes (GNU style)
checking whether make supports nested variables... yes
checking how to create a pax tar archive... gnutar
checking dependency style of /usr/bin/gcc... none
checking whether make supports nested variables... (cached) yes
checking the archiver (/usr/bin/ar) interface... ar
checking for gcc... (cached) /usr/bin/gcc
checking whether the compiler supports GNU C... (cached) yes
checking whether /usr/bin/gcc accepts -g... (cached) yes
checking for /usr/bin/gcc option to enable C23 features... (cached) unsupported
checking for /usr/bin/gcc option to enable C11 features... (cached) none needed
checking whether /usr/bin/gcc understands -c and -o together... (cached) yes
checking for bison... bison -y
checking for a sed that does not truncate output... /usr/bin/sed
checking for flex... /usr/bin/flex
checking for bison... /usr/bin/bison
checking build system type... x86_64-pc-linux-gnu
checking host system type... x86_64-pc-linux-gnu
checking for an ANSI C-conforming const... yes
checking for working volatile... yes
checking how to run the C preprocessor... /usr/bin/cpp
checking whether compiler handles -fno-common... yes
checking whether compiler handles -Wall... yes
checking whether compiler handles -Wextra... yes
checking whether compiler handles -Waddress-of-packed-member... yes
checking whether compiler handles -Wdiscarded-qualifiers... yes
checking whether compiler handles -Wembedded-directive... no
checking whether compiler handles -Wextra-semi... no
checking whether compiler handles -Wformat-security... yes
checking whether compiler handles -Wimplicit-function-declaration... yes
checking whether compiler handles -Wmissing-declarations... yes
checking whether compiler handles -Wmissing-parameter-type... yes
checking whether compiler handles -Wmissing-prototypes... yes
checking whether compiler handles -Wnested-externs... yes
checking whether compiler handles -Wno-missing-field-initializers... yes
checking whether compiler handles -Wold-style-definition... yes
checking whether compiler handles -Wpointer-arith... yes
checking whether compiler handles -Wredundant-decls... yes
checking whether compiler handles -Wsign-compare... yes
checking whether compiler handles -Wstrict-prototypes... yes
checking whether compiler handles -Wtype-limits... yes
checking whether compiler handles -Wuninitialized... yes
checking whether compiler handles -Wunused-but-set-parameter... yes
checking whether compiler handles -Wunused-but-set-variable... yes
checking whether compiler handles -Wunused-parameter... yes
checking whether compiler handles -Wunused-result... yes
checking whether compiler handles -Wunused-variable... yes
checking whether compiler handles -Wvla... yes
checking whether compiler handles -Walloca... yes
checking whether compiler handles -Werror=sequence-point... yes
checking whether compiler handles -Wno-clobbered... yes
checking whether compiler handles -Wno-cast-function-type... yes
checking whether the compiler supports GNU C++... yes
checking whether /usr/bin/g++ accepts -g... yes
checking dependency style of /usr/bin/g++... none
checking how to print strings... printf
checking for a sed that does not truncate output... (cached) /usr/bin/sed
checking for grep that handles long lines and -e... /usr/bin/grep
checking for egrep... /usr/bin/grep -E
checking for fgrep... /usr/bin/grep -F
checking for ld used by /usr/bin/gcc... /usr/bin/ld
checking if the linker (/usr/bin/ld) is GNU ld... yes
checking for BSD- or MS-compatible name lister (nm)... /usr/bin/nm
checking the name lister (/usr/bin/nm) interface... BSD nm
checking whether ln -s works... yes
checking the maximum length of command line arguments... 1572864
checking how to convert x86_64-pc-linux-gnu file names to x86_64-pc-linux-gnu format... func_convert_file_noop
checking how to convert x86_64-pc-linux-gnu file names to toolchain format... func_convert_file_noop
checking for /usr/bin/ld option to reload object files... -r
checking for file... file
checking for objdump... objdump
checking how to recognize dependent libraries... pass_all
checking for dlltool... no
checking how to associate runtime and link libraries... printf %s\n
checking for ranlib... /usr/bin/ranlib
checking for archiver @FILE support... @
checking for strip... strip
checking command to parse /usr/bin/nm output from /usr/bin/gcc object... ok
checking for sysroot... no
checking for a working dd... /usr/bin/dd
checking how to truncate binary pipes... /usr/bin/dd bs=4096 count=1
checking for mt... mt
checking if mt is a manifest tool... no
checking for dlfcn.h... yes
checking for objdir... .libs
checking if /usr/bin/gcc supports -fno-rtti -fno-exceptions... no
checking for /usr/bin/gcc option to produce PIC... -fPIC -DPIC
checking if /usr/bin/gcc PIC flag -fPIC -DPIC works... yes
checking if /usr/bin/gcc static flag -static works... yes
checking if /usr/bin/gcc supports -c -o file.o... yes
checking if /usr/bin/gcc supports -c -o file.o... (cached) yes
checking whether the /usr/bin/gcc linker (/usr/bin/ld -m elf_x86_64) supports shared libraries... yes
checking whether -lc should be explicitly linked in... no
checking dynamic linker characteristics... GNU/Linux ld.so
checking how to hardcode library paths into programs... immediate
checking whether stripping libraries is possible... yes
checking if libtool supports shared libraries... yes
checking whether to build shared libraries... yes
checking whether to build static libraries... no
checking how to run the C++ preprocessor... /usr/bin/g++ -E
checking for ld used by /usr/bin/g++... /usr/bin/ld -m elf_x86_64
checking if the linker (/usr/bin/ld -m elf_x86_64) is GNU ld... yes
checking whether the /usr/bin/g++ linker (/usr/bin/ld -m elf_x86_64) supports shared libraries... yes
checking for /usr/bin/g++ option to produce PIC... -fPIC -DPIC
checking if /usr/bin/g++ PIC flag -fPIC -DPIC works... yes
checking if /usr/bin/g++ static flag -static works... yes
checking if /usr/bin/g++ supports -c -o file.o... yes
checking if /usr/bin/g++ supports -c -o file.o... (cached) yes
checking whether the /usr/bin/g++ linker (/usr/bin/ld -m elf_x86_64) supports shared libraries... yes
checking dynamic linker characteristics... (cached) GNU/Linux ld.so
checking how to hardcode library paths into programs... immediate
checking linker version script flag... --version-script
checking if version scripts can use complex wildcards... yes
checking pkg-config is at least version 0.9.0... yes
checking whether to build gtk-doc documentation... no
checking for gtkdoc-check... no
checking for xsltproc... no
checking for /usr/bin/gcc option to support large files... none needed
checking for /usr/bin/gcc option for timestamps after 2038... none needed
checking whether to enable assertions... yes
checking whether struct tm is in sys/time.h or time.h... time.h
checking for /usr/bin/gcc options to detect undeclared functions... none needed
checking for /usr/bin/gcc options to ignore future-version functions... none needed
checking for struct tm.tm_zone... yes
checking for /usr/bin/gcc option for timestamps after 2038... (cached) none needed
checking whether NLS is requested... no
checking for msgfmt... /usr/bin/msgfmt
checking for gmsgfmt... /usr/bin/msgfmt
checking for xgettext... /usr/bin/xgettext
checking for msgmerge... /usr/bin/msgmerge
checking for ld used by /usr/bin/gcc... /usr/bin/ld -m elf_x86_64
checking if the linker (/usr/bin/ld -m elf_x86_64) is GNU ld... yes
checking for shared library run path origin... done
checking for egrep -e... (cached) /usr/bin/grep -E
checking for CFPreferencesCopyAppValue... no
checking for CFLocaleCopyCurrent... no
checking whether to use NLS... no
checking for linux/compiler.h... no
checking for linux/blkpg.h... yes
checking for linux/major.h... yes
checking for asm/io.h... no
checking for byteswap.h... yes
checking for endian.h... yes
checking for err.h... yes
checking for errno.h... yes
checking for fcntl.h... yes
checking for getopt.h... yes
checking for inttypes.h... (cached) yes
checking for lastlog.h... yes
checking for libutil.h... no
checking for linux/audit.h... yes
checking for linux/bpf.h... yes
checking for linux/blkzoned.h... yes
checking for linux/btrfs.h... yes
checking for linux/capability.h... yes
checking for linux/cdrom.h... yes
checking for linux/falloc.h... yes
checking for linux/fd.h... yes
checking for linux/fiemap.h... yes
checking for linux/landlock.h... yes
checking for linux/kcmp.h... yes
checking for linux/net_namespace.h... yes
checking for linux/nsfs.h... yes
checking for linux/openat2.h... yes
checking for linux/pr.h... yes
checking for linux/raw.h... no
checking for linux/seccomp.h... yes
checking for linux/securebits.h... yes
checking for linux/tiocl.h... yes
checking for linux/version.h... yes
checking for linux/watchdog.h... yes
checking for linux/if_alg.h... yes
checking for locale.h... yes
checking for mntent.h... yes
checking for mqueue.h... yes
checking for net/if_dl.h... no
checking for net/if.h... yes
checking for netinet/in.h... yes
checking for paths.h... yes
checking for pty.h... yes
checking for security/pam_appl.h... no
checking for security/pam_modules.h... no
checking for semaphore.h... yes
checking for shadow.h... yes
checking for stdint.h... (cached) yes
checking for stdio_ext.h... yes
checking for stdlib.h... (cached) yes
checking for sys/disk.h... no
checking for sys/disklabel.h... no
checking for sys/endian.h... no
checking for sys/file.h... yes
checking for sys/ioccom.h... no
checking for sys/ioctl.h... yes
checking for sys/io.h... yes
checking for sys/mkdev.h... no
checking for sys/mman.h... yes
checking for sys/mount.h... yes
checking for sys/param.h... yes
checking for sys/pidfd.h... no
checking for sys/prctl.h... yes
checking for sys/resource.h... yes
checking for sys/sendfile.h... yes
checking for sys/signalfd.h... yes
checking for sys/socket.h... yes
checking for sys/sockio.h... no
checking for sys/stat.h... (cached) yes
checking for sys/statfs.h... yes
checking for sys/swap.h... yes
checking for sys/syscall.h... yes
checking for sys/sysmacros.h... yes
checking for sys/time.h... yes
checking for sys/timex.h... yes
checking for sys/ttydefaults.h... yes
checking for sys/types.h... (cached) yes
checking for sys/ucred.h... no
checking for sys/un.h... yes
checking for sys/vfs.h... yes
checking for sys/xattr.h... yes
checking for unistd.h... (cached) yes
checking for utmp.h... yes
checking for utmpx.h... yes
checking for linux/fs.h... no
checking for linux/mount.h... yes
checking for linux/gsmmux.h... yes
checking for security/pam_misc.h... no
checking whether BLK_ZONE_REP_CAPACITY is declared... yes
checking whether PR_REP_CAPACITY is declared... no
checking for security/openpam.h... no
checking for langinfo.h... yes
checking whether langinfo.h defines ALTMON_x constants... yes
checking whether langinfo.h defines _NL_ABALTMON_x constants... yes
checking for struct mount_attr... yes
checking for enum fsconfig_command... yes
checking for struct termios.c_line... yes
checking for struct stat.st_mtim.tv_nsec... yes
checking for struct statx... yes
checking for struct statx.stx_mnt_id... yes
checking whether _NL_TIME_WEEK_1STDAY is declared... yes
checking whether environ is declared... yes
checking whether strsignal is declared... yes
checking whether BPF_OBJ_NAME_LEN is declared... yes
checking whether BPF_TAG_SIZE is declared... yes
checking whether TIOCGLCKTRMIOS is declared... yes
checking whether SOCK_CLOEXEC is declared... yes
checking whether SOCK_NONBLOCK is declared... yes
checking whether SO_PASSCRED is declared... yes
checking whether VMADDR_CID_LOCAL is declared... yes
checking for cachestat... no
checking for clearenv... yes
checking for close_range... yes
checking for eaccess... yes
checking for err... yes
checking for errx... yes
checking for explicit_bzero... yes
checking for __fpending... yes
checking for __fpurge... yes
checking for fpurge... no
checking for fnmatch... yes
checking for fsconfig... no
checking for fsmount... no
checking for fsopen... no
checking for fspick... no
checking for fsync... yes
checking for getdomainname... yes
checking for getdtablesize... yes
checking for getexecname... no
checking for getmntinfo... no
checking for getrandom... yes
checking for getrlimit... yes
checking for getsgnam... yes
checking for getttynam... yes
checking for inotify_init... yes
checking for jrand48... yes
checking for landlock_create_ruleset... no
checking for landlock_add_rule... no
checking for landlock_restrict_self... no
checking for lchown... yes
checking for lgetxattr... yes
checking for llistxattr... yes
checking for llseek... no
checking for newlocale... yes
checking for mempcpy... yes
checking for mkostemp... yes
checking for move_mount... no
checking for mount_setattr... no
checking for nanosleep... yes
checking for ntp_gettime... yes
checking for open_tree... no
checking for personality... yes
checking for pidfd_getfd... no
checking for pidfd_open... no
checking for pidfd_send_signal... no
checking for posix_fadvise... yes
checking for prctl... yes
checking for qsort_r... yes
checking for reallocarray... yes
checking for renameat2... yes
checking for rpmatch... yes
checking for scandirat... yes
checking for sched_setattr... no
checking for sched_setscheduler... yes
checking for __secure_getenv... no
checking for secure_getenv... yes
checking for sendfile... yes
checking for setprogname... no
checking for setresgid... yes
checking for setresuid... yes
checking for sigqueue... yes
checking for srandom... yes
checking for statx... yes
checking for strnchr... no
checking for strndup... yes
checking for strnlen... yes
checking for strtod_l... yes
checking for sysconf... yes
checking for sysinfo... yes
checking for timegm... yes
checking for usleep... yes
checking for uselocale... yes
checking for utimensat... yes
checking for vwarnx... yes
checking for warn... yes
checking for warnx... yes
checking for declarations of fseeko and ftello... yes
checking for futimens... yes
checking for getusershell... yes
checking for inotify_init1... yes
checking for ioperm... yes
checking for iopl... yes
checking for openat... yes
checking for fstatat... yes
checking for unlinkat... yes
checking for open_memstream... yes
checking for reboot... yes
checking for updwtmpx... yes
checking for updwtmpx... (cached) yes
checking for syscall setns... SYS_setns
checking for syscall pidfd_getfd... SYS_pidfd_getfd
checking for syscall pidfd_open... SYS_pidfd_open
checking for syscall pidfd_send_signal... SYS_pidfd_send_signal
checking for syscall close_range... SYS_close_range
checking for syscall fsconfig... SYS_fsconfig
checking for syscall fsmount... SYS_fsmount
checking for syscall fsopen... SYS_fsopen
checking for syscall fspick... SYS_fspick
checking for syscall mount_setattr... SYS_mount_setattr
checking for syscall move_mount... SYS_move_mount
checking for syscall open_tree... SYS_open_tree
checking for syscall statmount... no
configure: WARNING: Unable to detect syscall statmount.
checking for syscall listmount... no
configure: WARNING: Unable to detect syscall listmount.
checking for isnan... yes
checking for clock_gettime... yes
checking for timer_create... yes
checking for pthread_atfork in -lpthread... yes
checking for rtas_get_sysparm in -lrtas... no
checking for struct sockaddr.sa_len... no
checking for library containing socket... none required
checking for dirfd... yes
checking for mq_open in -lrt... yes
checking whether program_invocation_short_name is defined... yes
checking whether __progname is defined... yes
checking whether IOC_OPAL_GET_STATUS is declared... no
configure: re-use already generated man-pages.
checking whether the target supports thread-local storage... yes
checking for openpty in -lutil... yes
checking for union semun... no
checking for loff_t... yes
checking wchar_t support... yes
checking for cpu_set_t... yes
checking for sighandler_t... yes
checking for sigset_t... no
checking whether CPU_ALLOC is declared... yes
checking for crypt.h... yes
checking for udev_new in -ludev... no
checking for readline in -lreadline... no
configure: WARNING: liblastlog2 disabled; not building pam_lastlog2
configure: WARNING: ncursesw, ncurses or slang library not found; not building cfdisk
checking for syscall fallocate... SYS_fallocate
checking for valid fallocate() function... yes
checking for valid posix_fallocate() function... yes
checking for valid unshare() function... yes
checking for valid setns() function... yes
checking for capng_apply in -lcap-ng... no
checking for crc32 in -lz... yes
checking for syscall swapon... SYS_swapon
checking for syscall swapoff... SYS_swapoff
checking for swapon... yes
checking for swapoff... yes
checking for syscall pidfd_open... (cached) SYS_pidfd_open
checking for valid audit arch... yes
checking for syscall prlimit64... SYS_prlimit64
checking for valid prlimit() function... yes
checking for syscall pivot_root... SYS_pivot_root
checking for shm_open... yes
checking for sem_close... yes
configure: WARNING: ncursesw, ncurses or slang library not found; not building irqtop
checking for syscall renameat2... SYS_renameat2
checking building for glibc... yes
checking for libuser >= 0.58... no
checking for libeconf... no
configure: WARNING: libpython not found; not building pylibmount
checking that generated files are newer than configure... done
configure: creating ./config.status
config.status: creating Makefile
config.status: creating libblkid/docs/Makefile
config.status: creating libblkid/docs/version.xml
config.status: creating libblkid/src/blkid.h
config.status: creating libfdisk/docs/Makefile
config.status: creating libfdisk/docs/version.xml
config.status: creating libfdisk/src/libfdisk.h
config.status: creating libmount/docs/Makefile
config.status: creating libmount/docs/version.xml
config.status: creating libmount/src/libmount.h
config.status: creating libsmartcols/docs/Makefile
config.status: creating libsmartcols/docs/version.xml
config.status: creating libsmartcols/src/libsmartcols.h
config.status: creating po/Makefile.in
config.status: creating config.h
config.status: executing depfiles commands
config.status: executing libtool commands
config.status: executing po-directories commands
config.status: creating po/POTFILES
config.status: setting ALL_LINGUAS in configure.in is obsolete
config.status: creating po/Makefile
configure: WARNING: unrecognized options: --disable-gtk-doc-html, --disable-doc, --disable-docs, --disable-documentation, --disable-debug, --with-xmlto, --with-fop

        util-linux  2.41.5

        prefix:                    /home/no/Desktop/github/riscv_emulator-seulgi-v1/buildroot/output/host
        exec prefix:               ${prefix}

        bindir:                    ${exec_prefix}/bin
        sbindir:                   ${exec_prefix}/sbin
        libdir:                    ${exec_prefix}/lib
        usrbin_execdir:            ${exec_prefix}/bin
        usrsbin_execdir:           ${exec_prefix}/sbin
        usrlib_execdir:            ${exec_prefix}/lib

        localstatedir:             /home/no/Desktop/github/riscv_emulator-seulgi-v1/buildroot/output/host/var
        runstatedir:               ${localstatedir}/run
        includedir:                ${prefix}/include
        sysconfdir:                /home/no/Desktop/github/riscv_emulator-seulgi-v1/buildroot/output/host/etc
        sysconfstaticdir:          ${prefix}/lib

        vendordir:                 

        Python:                    
        Python version:            
        Python libs:               

        Bash completions:          ${datarootdir}/bash-completion/completions
        Systemd support:           no
        Systemd unitdir:           no
        tmpfilesdir:               
        libeconf support:          no
        Btrfs support:             yes
        lastlog2 support:          no
        Wide-char support:         yes
        libcryptsetup support:     

        Manual pages:              no
        Manual pages translated:   no

        compiler:                  /usr/bin/gcc / /usr/bin/g++
        suid cflags:               
        ldflags:                   -L/home/no/Desktop/github/riscv_emulator-seulgi-v1/buildroot/output/host/lib -Wl,-rpath,/home/no/Desktop/github/riscv_emulator-seulgi-v1/buildroot/output/host/lib
        suid ldflags:              
        ASAN enabled:              no
        Fuzzing enabled:           no
        Coverage enabled           no

        cflags:                    -O2 -I/home/no/Desktop/github/riscv_emulator-seulgi-v1/buildroot/output/host/include

        warnings:

 -fno-common -Wall -Wextra -Waddress-of-packed-member -Wdiscarded-qualifiers -Wformat-security -Wimplicit-function-declaration -Wmissing-declarations -Wmissing-parameter-type -Wmissing-prototypes -Wnested-externs -Wno-missing-field-initializers -Wold-style-definition -Wpointer-arith -Wredundant-decls -Wsign-compare -Wstrict-prototypes -Wtype-limits -Wuninitialized -Wunused-but-set-parameter -Wunused-but-set-variable -Wunused-parameter -Wunused-result -Wunused-variable -Wvla -Walloca -Werror=sequence-point

 Type 'make' or 'make <utilname>' to compile.

>>> host-util-linux 2.41.5 Building
GIT_DIR=. PATH="/home/no/Desktop/github/riscv_emulator-seulgi-v1/buildroot/output/host/bin:/home/no/Desktop/github/riscv_emulator-seulgi-v1/buildroot/output/host/sbin:/home/no/.local/bin:/home/no/.local/bin:/home/no/bin:/media/no/b7ced73c-5231-4462-b98d-64e38fe2df9e/home/jbez/Desktop/!.📶️.SHARE]/!.🦾️].fullsharezip/💪🏾️].no-desk.sharezip/📲️📵️.GTFO.flxbx.📦️arcbit♏️/#.⛷️LOOSE-TANGENT]2wild]🎄️⛷️/🪆️.a0/📟️.a0/🎓️/🧼️/🥌️🗡️🛡️🧷️/🛡️.ARMOR.OF.WAR.NOW!]a1/🌐️🗺️🧫️.voxel_sphere_lab]a0/2.Mid.urf.PLAY]loglev]🪓️🤓️🪄️🪵️a0/🧪️]jul8.🏚️.®™]d10/jl69.🥡️.®™]🟦🟥️🟨️]a0/!.🚦️🏎️🏎️🏎️]a3]GOIN!/Fas7.🥡️.®™]🔳️⏹️]E6/earf.🌎️.®™/Lnd1.🏝️.®™/crsr.🗡️.®™]g10📌️/env0🥡️.®™]a0📌️/home.🥡️.®™]a0📌️/!.inst.🫕️.®™/+x/:/home/no/.grok/bin:/home/no/.opencode/bin:/home/no/.local/bin:/usr/local/bin:/usr/local/qt4/bin:/usr/local/qt4/bin:/home/no/.nvm/versions/node/v22.11.0/bin:/home/no/.local/bin:/home/no/.cargo/bin:/home/no/.local/bin:/home/no/bin:/media/no/b7ced73c-5231-4462-b98d-64e38fe2df9e/home/jbez/Desktop/!.📶️.SHARE]/!.🦾️].fullsharezip/💪🏾️].no-desk.sharezip/📲️📵️.GTFO.flxbx.📦️arcbit♏️/#.⛷️LOOSE-TANGENT]2wild]🎄️⛷️/🪆️.a0/📟️.a0/🎓️/🧼️/🥌️🗡️🛡️🧷️/🛡️.ARMOR.OF.WAR.NOW!]a1/🌐️🗺️🧫️.voxel_sphere_lab]a0/2.Mid.urf.PLAY]loglev]🪓️🤓️🪄️🪵️a0/🧪️]jul8.🏚️.®™]d10/jl69.🥡️.®™]🟦🟥️🟨️]a0/!.🚦️🏎️🏎️🏎️]a3]GOIN!/Fas7.🥡️.®™]🔳️⏹️]E6/earf.🌎️.®™/Lnd1.🏝️.®™/crsr.🗡️.®™]g10📌️/env0🥡️.®™]a0📌️/home.🥡️.®™]a0📌️/!.inst.🫕️.®™/+x/:/usr/local/sbin:/usr/local/bin:/usr/sbin:/usr/bin:/sbin:/bin:/usr/games:/usr/local/games:/snap/bin:/snap/bin:/home/no/.local/bin:/home/no/.lmstudio/bin:/home/no/.lmstudio/bin:/home/no/.lmstudio/bin" PKG_CONFIG="/home/no/Desktop/github/riscv_emulator-seulgi-v1/buildroot/output/host/bin/pkg-config" PKG_CONFIG_SYSROOT_DIR="/" PKG_CONFIG_ALLOW_SYSTEM_CFLAGS=1 PKG_CONFIG_ALLOW_SYSTEM_LIBS=1 PKG_CONFIG_LIBDIR="/home/no/Desktop/github/riscv_emulator-seulgi-v1/buildroot/output/host/lib/pkgconfig:/home/no/Desktop/github/riscv_emulator-seulgi-v1/buildroot/output/host/share/pkgconfig"  /usr/bin/make   -C /home/no/Desktop/github/riscv_emulator-seulgi-v1/buildroot/output/build/host-util-linux-2.41.5/
/usr/bin/make  all-recursive
Making all in po
make[4]: Nothing to be done for 'all'.
  CC       sys-utils/umount-umount.o
  CC       sys-utils/mountpoint-mountpoint.o
  CC       misc-utils/findmnt-findmnt.o
  CC       misc-utils/findmnt-findmnt-verify.o
  CC       misc-utils/kill.o
  CC       sys-utils/fstrim-fstrim.o
  CC       sys-utils/ctrlaltdel.o
  CC       misc-utils/pipesz-pipesz.o
  CC       sys-utils/fsfreeze.o
  CC       sys-utils/blkdiscard-blkdiscard.o
  CC       lib/blkdiscard-monotonic.o
  CC       sys-utils/blkzone.o
  CC       sys-utils/blkpr.o
  CC       sys-utils/losetup-losetup.o
  CC       sys-utils/swapon-swapon.o
  CC       sys-utils/swapon-swapon-common.o
  CC       lib/swapon-swapprober.o
  CC       sys-utils/swapoff-swapoff.o
  CC       sys-utils/swapoff-swapon-common.o
  CC       lib/swapoff-swapprober.o
  CC       sys-utils/chcpu.o
  CC       sys-utils/pivot_root.o
  CC       sys-utils/switch_root.o
  CC       sys-utils/hwclock-hwclock.o
  CC       sys-utils/hwclock-hwclock-parse-date.o
  CC       sys-utils/hwclock-hwclock-cmos.o
  CC       sys-utils/hwclock-hwclock-rtc.o
  CC       lib/hwclock-monotonic.o
  CC       misc-utils/blkid-blkid.o
  CC       lib/blkid-ismounted.o
  CC       misc-utils/findfs-findfs.o
  CC       misc-utils/wipefs-wipefs.o
  CC       lib/ismounted.o
  CC       disk-utils/mkfs.minix.o
  CC       disk-utils/mkfs.o
  CC       disk-utils/mkfs.bfs.o
  CC       disk-utils/mkswap-mkswap.o
  CC       lib/mkswap-ismounted.o
  CC       lib/libuuid_la-randutils.lo
  CC       lib/libuuid_la-md5.lo
  CC       lib/libuuid_la-sha1.lo
  CC       disk-utils/swaplabel-swaplabel.o
  CC       lib/swaplabel-swapprober.o
  CC       disk-utils/fsck-fsck.o
  CC       lib/fsck-monotonic.o
  CC       disk-utils/fsck.cramfs.o
  CC       disk-utils/cramfs_common.o
  CC       disk-utils/mkfs.cramfs.o
  CC       disk-utils/blockdev.o
  CC       disk-utils/fdisk-fdisk.o
  CC       disk-utils/fdisk-fdisk-menu.o
  CC       disk-utils/fdisk-fdisk-list.o
  CC       lib/fdisk-pager.o
  CC       disk-utils/sfdisk-sfdisk.o
  CC       disk-utils/sfdisk-fdisk-list.o
  CC       lib/script-pty-session.o
  CC       lib/script-monotonic.o
  CC       term-utils/scriptreplay.o
  CC       term-utils/script-playutils.o
  CC       term-utils/scriptlive.o
  CC       lib/pty-session.o
  CC       lib/monotonic.o
  CC       sys-utils/lsmem-lsmem.o
  CC       sys-utils/flock.o
  CC       lib/timer.o
  CC       sys-utils/choom.o
  CC       sys-utils/ipcrm.o
  CC       sys-utils/ipcutils.o
  CC       sys-utils/ipcs.o
  CC       sys-utils/lsirq-lsirq.o
  CC       sys-utils/lsirq-irq-common.o
  CC       sys-utils/lsipc-lsipc.o
  CC       sys-utils/lsipc-ipcutils.o
  CC       sys-utils/renice.o
  CC       sys-utils/setpgid.o
  CC       sys-utils/setsid.o
  CC       sys-utils/setarch.o
  CC       sys-utils/eject-eject.o
  CC       lib/eject-monotonic.o
  CC       sys-utils/prlimit-prlimit.o
  CC       sys-utils/lsns-lsns.o
  CC       sys-utils/lscpu-lscpu.o
  CC       sys-utils/lscpu-lscpu-cputype.o
  CC       sys-utils/lscpu-lscpu-cpu.o
  CC       sys-utils/lscpu-lscpu-topology.o
  CC       sys-utils/lscpu-lscpu-virt.o
  CC       sys-utils/lscpu-lscpu-arm.o
  CC       sys-utils/lscpu-lscpu-dmi.o
  CC       sys-utils/fallocate.o
  CC       misc-utils/cal-cal.o
  CC       misc-utils/logger-logger.o
  CC       lib/logger-strutils.o
  CC       lib/logger-strv.o
  CC       misc-utils/look.o
  CC       misc-utils/mcookie.o
  CC       lib/md5.o
  CC       misc-utils/namei.o
  CC       lib/strutils.o
  CC       lib/idcache.o
  CC       misc-utils/whereis.o
  CC       misc-utils/lslocks-lslocks.o
  CC       misc-utils/uuidgen-uuidgen.o
  CC       misc-utils/uuidparse-uuidparse.o
  CC       misc-utils/rename.o
  CC       misc-utils/getopt.o
  CC       misc-utils/exch-exch.o
  CC       misc-utils/fincore-fincore.o
  CC       misc-utils/hardlink-hardlink.o
  CC       lib/hardlink-monotonic.o
  CC       lib/hardlink-fileeq.o
  CC       misc-utils/fadvise-fadvise.o
  CC       misc-utils/waitpid-waitpid.o
  GEN      syscalls.h
  GEN      errnos.h
  CC       misc-utils/lsclocks-lsclocks.o
  CC       disk-utils/isosize.o
  CC       sys-utils/readprofile.o
  CC       sys-utils/ldattach.o
  CC       sys-utils/rtcwake.o
  CC       disk-utils/partx-partx.o
  CC       disk-utils/addpart.o
  CC       disk-utils/delpart.o
  CC       disk-utils/resizepart.o
  GEN      libuuid/uuid.pc
  GEN      libblkid/blkid.pc
  GEN      libmount/mount.pc
  GEN      libsmartcols/smartcols.pc
  CC       sys-utils/dmesg-dmesg.o
  CC       lib/dmesg-monotonic.o
  CC       lib/dmesg-pager.o
  GEN      libfdisk/fdisk.pc
  CC       lib/libcommon_la-blkdev.lo
  CC       lib/libcommon_la-buffer.lo
  CC       lib/libcommon_la-canonicalize.lo
  CC       lib/libcommon_la-color-names.lo
  CC       lib/libcommon_la-crc32.lo
  CC       lib/libcommon_la-crc32c.lo
  CC       lib/libcommon_la-crc64.lo
  CC       lib/libcommon_la-c_strtod.lo
  CC       lib/libcommon_la-encode.lo
  CC       lib/libcommon_la-env.lo
  CC       lib/libcommon_la-fileutils.lo
  CC       lib/libcommon_la-idcache.lo
  CC       lib/libcommon_la-jsonwrt.lo
  CC       lib/libcommon_la-mangle.lo
  CC       lib/libcommon_la-match.lo
  CC       lib/libcommon_la-mbsalign.lo
  CC       lib/libcommon_la-mbsedit.lo
  CC       lib/libcommon_la-md5.lo
  CC       lib/libcommon_la-pwdutils.lo
  CC       lib/libcommon_la-randutils.lo
  CC       lib/libcommon_la-sha1.lo
  CC       lib/libcommon_la-sha256.lo
  CC       lib/libcommon_la-signames.lo
  CC       lib/libcommon_la-strutils.lo
  CC       lib/libcommon_la-strv.lo
  CC       lib/libcommon_la-timeutils.lo
  CC       lib/libcommon_la-ttyutils.lo
  CC       lib/libcommon_la-xxhash.lo
  CC       lib/libcommon_la-linux_version.lo
  CC       lib/libcommon_la-loopdev.lo
  CC       lib/libcommon_la-cpuset.lo
  CC       lib/libcommon_la-path.lo
  CC       lib/libcommon_la-sysfs.lo
  CC       lib/libcommon_la-procfs.lo
  CC       lib/libtcolors_la-colors.lo
  CC       lib/libtcolors_la-color-names.lo
  CC       sys-utils/mount-mount.o
  CC       lib/libmount_la-monotonic.lo
  CC       libmount/src/la-cache.lo
  CC       libmount/src/la-fs.lo
  CC       libmount/src/la-fs_statmount.lo
  CC       libmount/src/la-init.lo
  CC       libmount/src/la-iter.lo
  CC       libmount/src/la-lock.lo
  CC       libmount/src/la-optmap.lo
  CC       libmount/src/la-optlist.lo
  CC       libmount/src/la-optstr.lo
  CC       libmount/src/la-tab.lo
  CC       libmount/src/la-tab_diff.lo
  CC       libmount/src/la-tab_listmount.lo
  CC       libmount/src/la-tab_parse.lo
  CC       libmount/src/la-tab_update.lo
  CC       libmount/src/la-test.lo
  CC       libmount/src/la-utils.lo
  CC       libmount/src/la-version.lo
  CC       libmount/src/la-context.lo
  CC       libmount/src/la-context_mount.lo
  CC       libmount/src/la-context_umount.lo
  CC       libmount/src/la-hooks.lo
  CC       libmount/src/la-hook_mount.lo
  CC       libmount/src/la-hook_mount_legacy.lo
  CC       libmount/src/la-hook_mkdir.lo
  CC       libmount/src/la-hook_selinux.lo
  CC       libmount/src/la-hook_subdir.lo
  CC       libmount/src/la-hook_owner.lo
  CC       libmount/src/la-hook_idmap.lo
  CC       libmount/src/la-hook_loopdev.lo
  CC       libmount/src/la-hook_veritydev.lo
  CC       libmount/src/la-monitor.lo
  CC       libmount/src/la-btrfs.lo
  CC       libblkid/src/la-init.lo
  CC       libblkid/src/la-cache.lo
  CC       libblkid/src/la-config.lo
  CC       libblkid/src/la-dev.lo
  CC       libblkid/src/la-devname.lo
  CC       libblkid/src/la-devno.lo
  CC       libblkid/src/la-encode.lo
  CC       libblkid/src/la-evaluate.lo
  CC       libblkid/src/la-getsize.lo
  CC       libblkid/src/la-probe.lo
  CC       libblkid/src/la-read.lo
  CC       libblkid/src/la-resolve.lo
  CC       libblkid/src/la-save.lo
  CC       libblkid/src/la-tag.lo
  CC       libblkid/src/la-verify.lo
  CC       libblkid/src/la-version.lo
  CC       libblkid/src/partitions/la-aix.lo
  CC       libblkid/src/partitions/la-atari.lo
  CC       libblkid/src/partitions/la-bsd.lo
  CC       libblkid/src/partitions/la-dos.lo
  CC       libblkid/src/partitions/la-gpt.lo
  CC       libblkid/src/partitions/la-mac.lo
  CC       libblkid/src/partitions/la-minix.lo
  CC       libblkid/src/partitions/la-partitions.lo
  CC       libblkid/src/partitions/la-sgi.lo
  CC       libblkid/src/partitions/la-solaris_x86.lo
  CC       libblkid/src/partitions/la-sun.lo
  CC       libblkid/src/partitions/la-ultrix.lo
  CC       libblkid/src/partitions/la-unixware.lo
  CC       libblkid/src/superblocks/la-adaptec_raid.lo
  CC       libblkid/src/superblocks/la-apfs.lo
  CC       libblkid/src/superblocks/la-bcache.lo
  CC       libblkid/src/superblocks/la-befs.lo
  CC       libblkid/src/superblocks/la-bitlocker.lo
  CC       libblkid/src/superblocks/la-bfs.lo
  CC       libblkid/src/superblocks/la-bluestore.lo
  CC       libblkid/src/superblocks/la-btrfs.lo
  CC       libblkid/src/superblocks/la-cs_fvault2.lo
  CC       libblkid/src/superblocks/la-cramfs.lo
  CC       libblkid/src/superblocks/la-ddf_raid.lo
  CC       libblkid/src/superblocks/la-drbd.lo
  CC       libblkid/src/superblocks/la-drbdproxy_datalog.lo
  CC       libblkid/src/superblocks/la-drbdmanage.lo
  CC       libblkid/src/superblocks/la-exfat.lo
  CC       libblkid/src/superblocks/la-exfs.lo
  CC       libblkid/src/superblocks/la-ext.lo
  CC       libblkid/src/superblocks/la-f2fs.lo
  CC       libblkid/src/superblocks/la-gfs.lo
  CC       libblkid/src/superblocks/la-hfs.lo
  CC       libblkid/src/superblocks/la-highpoint_raid.lo
  CC       libblkid/src/superblocks/la-hpfs.lo
  CC       libblkid/src/superblocks/la-iso9660.lo
  CC       libblkid/src/superblocks/la-isw_raid.lo
  CC       libblkid/src/superblocks/la-jfs.lo
  CC       libblkid/src/superblocks/la-jmicron_raid.lo
  CC       libblkid/src/superblocks/la-linux_raid.lo
  CC       libblkid/src/superblocks/la-lsi_raid.lo
  CC       libblkid/src/superblocks/la-luks.lo
  CC       libblkid/src/superblocks/la-lvm.lo
  CC       libblkid/src/superblocks/la-minix.lo
  CC       libblkid/src/superblocks/la-mpool.lo
  CC       libblkid/src/superblocks/la-netware.lo
  CC       libblkid/src/superblocks/la-nilfs.lo
  CC       libblkid/src/superblocks/la-ntfs.lo
  CC       libblkid/src/superblocks/la-refs.lo
  CC       libblkid/src/superblocks/la-nvidia_raid.lo
  CC       libblkid/src/superblocks/la-ocfs.lo
  CC       libblkid/src/superblocks/la-promise_raid.lo
  CC       libblkid/src/superblocks/la-reiserfs.lo
  CC       libblkid/src/superblocks/la-romfs.lo
  CC       libblkid/src/superblocks/la-silicon_raid.lo
  CC       libblkid/src/superblocks/la-squashfs.lo
  CC       libblkid/src/superblocks/la-stratis.lo
  CC       libblkid/src/superblocks/la-superblocks.lo
  CC       libblkid/src/superblocks/la-swap.lo
  CC       libblkid/src/superblocks/la-sysv.lo
  CC       libblkid/src/superblocks/la-ubi.lo
  CC       libblkid/src/superblocks/la-ubifs.lo
  CC       libblkid/src/superblocks/la-udf.lo
  CC       libblkid/src/superblocks/la-ufs.lo
  CC       libblkid/src/superblocks/la-vdo.lo
  CC       libblkid/src/superblocks/la-vfat.lo
  CC       libblkid/src/superblocks/la-via_raid.lo
  CC       libblkid/src/superblocks/la-vmfs.lo
  CC       libblkid/src/superblocks/la-vxfs.lo
  CC       libblkid/src/superblocks/la-xfs.lo
  CC       libblkid/src/superblocks/la-zfs.lo
  CC       libblkid/src/superblocks/la-zonefs.lo
  CC       libblkid/src/superblocks/la-erofs.lo
  CC       libblkid/src/topology/la-topology.lo
  CC       libblkid/src/topology/la-dm.lo
  CC       libblkid/src/topology/la-evms.lo
  CC       libblkid/src/topology/la-ioctl.lo
  CC       libblkid/src/topology/la-lvm.lo
  CC       libblkid/src/topology/la-md.lo
  CC       libblkid/src/topology/la-sysfs.lo
  CC       misc-utils/lsblk-lsblk.o
  CC       misc-utils/lsblk-lsblk-mnt.o
  CC       misc-utils/lsblk-lsblk-properties.o
  CC       misc-utils/lsblk-lsblk-devtree.o
  CC       libsmartcols/src/la-iter.lo
  CC       libsmartcols/src/la-symbols.lo
  CC       libsmartcols/src/la-cell.lo
  CC       libsmartcols/src/la-column.lo
  CC       libsmartcols/src/la-line.lo
  CC       libsmartcols/src/la-table.lo
  CC       libsmartcols/src/la-print.lo
  CC       libsmartcols/src/la-print-api.lo
  CC       libsmartcols/src/la-version.lo
  CC       libsmartcols/src/la-calculate.lo
  CC       libsmartcols/src/la-grouping.lo
  CC       libsmartcols/src/la-walk.lo
  CC       libsmartcols/src/la-init.lo
  CC       libsmartcols/src/la-filter-parser.lo
  CC       libsmartcols/src/la-filter-scanner.lo
  CC       libsmartcols/src/la-filter.lo
  CC       libsmartcols/src/la-filter-param.lo
  CC       libsmartcols/src/la-filter-expr.lo
  CCLD     fsfreeze
  CCLD     switch_root
  CCLD     pivot_root
  CC       disk-utils/fsck.minix.o
  CC       libuuid/src/la-clear.lo
  CCLD     mkfs
  CC       libuuid/src/la-compare.lo
  CC       libuuid/src/la-copy.lo
  CC       libuuid/src/la-gen_uuid.lo
  CC       libuuid/src/la-isnull.lo
  CC       libuuid/src/la-pack.lo
  CC       libuuid/src/la-parse.lo
  CC       libuuid/src/la-unpack.lo
  CC       libuuid/src/la-unparse.lo
  CC       libuuid/src/la-uuid_time.lo
  CC       libuuid/src/la-predefined.lo
  CC       libfdisk/src/la-init.lo
  CC       libfdisk/src/la-field.lo
  CC       libfdisk/src/la-item.lo
  CC       libfdisk/src/la-test.lo
  CC       libfdisk/src/la-ask.lo
  CC       libfdisk/src/la-alignment.lo
  CC       libfdisk/src/la-label.lo
  CC       libfdisk/src/la-utils.lo
  CC       libfdisk/src/la-context.lo
  CC       libfdisk/src/la-parttype.lo
  CC       libfdisk/src/la-partition.lo
  CC       libfdisk/src/la-table.lo
  CC       libfdisk/src/la-iter.lo
  CC       libfdisk/src/la-script.lo
  CC       libfdisk/src/la-version.lo
  CC       libfdisk/src/la-wipe.lo
  CC       libfdisk/src/la-sun.lo
  CC       libfdisk/src/la-sgi.lo
  CC       libfdisk/src/la-dos.lo
  CC       libfdisk/src/la-bsd.lo
  CC       libfdisk/src/la-gpt.lo
  CC       text-utils/bits.o
  CC       text-utils/col.o
  CC       text-utils/colcrt.o
  CC       text-utils/colrm.o
  CC       text-utils/column-column.o
  CC       text-utils/hexdump-conv.o
  CC       text-utils/hexdump-display.o
  CC       text-utils/hexdump.o
  CC       text-utils/hexdump-parse.o
  CC       text-utils/rev.o
  CC       term-utils/script-script.o
  CC       login-utils/last.o
  CC       login-utils/utmpdump.o
  CCLD     renice
  CCLD     setpgid
  CCLD     setsid
  CCLD     look
  CCLD     namei
  CC       misc-utils/enosys-enosys.o
  CCLD     libcommon.la
  CCLD     libtcolors.la
  CCLD     libuuid.la
  CCLD     colcrt
  CCLD     rev
  CCLD     libblkid.la
  CCLD     dmesg
  CCLD     libsmartcols.la
  CCLD     kill
  CCLD     pipesz
  CCLD     ctrlaltdel
  CCLD     blkzone
  CCLD     blkpr
  CCLD     chcpu
  CCLD     hwclock
  CCLD     fsck.minix
  CCLD     mkfs.minix
  CCLD     mkfs.bfs
  CCLD     fsck.cramfs
  CCLD     mkfs.cramfs
  CCLD     blockdev
  CCLD     libfdisk.la
  CCLD     bits
  CCLD     col
  CCLD     colrm
  CCLD     column
  CCLD     hexdump
  CCLD     script
  CCLD     scriptreplay
  CCLD     scriptlive
  CCLD     last
  CCLD     lsmem
  CCLD     utmpdump
  CCLD     flock
  CCLD     choom
  CCLD     ipcrm
  CCLD     ipcs
  CCLD     lsirq
  CCLD     lsipc
  CCLD     setarch
  CCLD     prlimit
  CCLD     lscpu
  CCLD     fallocate
  CCLD     cal
  CCLD     logger
  CCLD     mcookie
  CCLD     whereis
  CCLD     uuidgen
  CCLD     uuidparse
  CCLD     rename
  CCLD     getopt
  CCLD     exch
  CCLD     fincore
  CCLD     hardlink
  CCLD     fadvise
  CCLD     waitpid
  CCLD     enosys
  CCLD     lsclocks
  CCLD     isosize
  CCLD     readprofile
  CCLD     ldattach
  CCLD     rtcwake
  CCLD     partx
  CCLD     addpart
  CCLD     delpart
  CCLD     resizepart
  CCLD     libmount.la
  CCLD     blkdiscard
  CCLD     losetup
  CCLD     blkid
  CCLD     findfs
  CCLD     wipefs
  CCLD     mkswap
  CCLD     swaplabel
  CCLD     fdisk
  CCLD     sfdisk
  CCLD     eject
  CCLD     lsns
  CCLD     lslocks
  CCLD     mount
  CCLD     umount
  CCLD     mountpoint
  CCLD     lsblk
  CCLD     findmnt
  CCLD     fstrim
  CCLD     swapon
  CCLD     swapoff
  CCLD     fsck
>>> host-util-linux 2.41.5 Installing to host directory
GIT_DIR=. PATH="/home/no/Desktop/github/riscv_emulator-seulgi-v1/buildroot/output/host/bin:/home/no/Desktop/github/riscv_emulator-seulgi-v1/buildroot/output/host/sbin:/home/no/.local/bin:/home/no/.local/bin:/home/no/bin:/media/no/b7ced73c-5231-4462-b98d-64e38fe2df9e/home/jbez/Desktop/!.📶️.SHARE]/!.🦾️].fullsharezip/💪🏾️].no-desk.sharezip/📲️📵️.GTFO.flxbx.📦️arcbit♏️/#.⛷️LOOSE-TANGENT]2wild]🎄️⛷️/🪆️.a0/📟️.a0/🎓️/🧼️/🥌️🗡️🛡️🧷️/🛡️.ARMOR.OF.WAR.NOW!]a1/🌐️🗺️🧫️.voxel_sphere_lab]a0/2.Mid.urf.PLAY]loglev]🪓️🤓️🪄️🪵️a0/🧪️]jul8.🏚️.®™]d10/jl69.🥡️.®™]🟦🟥️🟨️]a0/!.🚦️🏎️🏎️🏎️]a3]GOIN!/Fas7.🥡️.®™]🔳️⏹️]E6/earf.🌎️.®™/Lnd1.🏝️.®™/crsr.🗡️.®™]g10📌️/env0🥡️.®™]a0📌️/home.🥡️.®™]a0📌️/!.inst.🫕️.®™/+x/:/home/no/.grok/bin:/home/no/.opencode/bin:/home/no/.local/bin:/usr/local/bin:/usr/local/qt4/bin:/usr/local/qt4/bin:/home/no/.nvm/versions/node/v22.11.0/bin:/home/no/.local/bin:/home/no/.cargo/bin:/home/no/.local/bin:/home/no/bin:/media/no/b7ced73c-5231-4462-b98d-64e38fe2df9e/home/jbez/Desktop/!.📶️.SHARE]/!.🦾️].fullsharezip/💪🏾️].no-desk.sharezip/📲️📵️.GTFO.flxbx.📦️arcbit♏️/#.⛷️LOOSE-TANGENT]2wild]🎄️⛷️/🪆️.a0/📟️.a0/🎓️/🧼️/🥌️🗡️🛡️🧷️/🛡️.ARMOR.OF.WAR.NOW!]a1/🌐️🗺️🧫️.voxel_sphere_lab]a0/2.Mid.urf.PLAY]loglev]🪓️🤓️🪄️🪵️a0/🧪️]jul8.🏚️.®™]d10/jl69.🥡️.®™]🟦🟥️🟨️]a0/!.🚦️🏎️🏎️🏎️]a3]GOIN!/Fas7.🥡️.®™]🔳️⏹️]E6/earf.🌎️.®™/Lnd1.🏝️.®™/crsr.🗡️.®™]g10📌️/env0🥡️.®™]a0📌️/home.🥡️.®™]a0📌️/!.inst.🫕️.®™/+x/:/usr/local/sbin:/usr/local/bin:/usr/sbin:/usr/bin:/sbin:/bin:/usr/games:/usr/local/games:/snap/bin:/snap/bin:/home/no/.local/bin:/home/no/.lmstudio/bin:/home/no/.lmstudio/bin:/home/no/.lmstudio/bin" PKG_CONFIG="/home/no/Desktop/github/riscv_emulator-seulgi-v1/buildroot/output/host/bin/pkg-config" PKG_CONFIG_SYSROOT_DIR="/" PKG_CONFIG_ALLOW_SYSTEM_CFLAGS=1 PKG_CONFIG_ALLOW_SYSTEM_LIBS=1 PKG_CONFIG_LIBDIR="/home/no/Desktop/github/riscv_emulator-seulgi-v1/buildroot/output/host/lib/pkgconfig:/home/no/Desktop/github/riscv_emulator-seulgi-v1/buildroot/output/host/share/pkgconfig"  /usr/bin/make  install -C /home/no/Desktop/github/riscv_emulator-seulgi-v1/buildroot/output/build/host-util-linux-2.41.5/
/usr/bin/make  install-recursive
Making install in po
if test "util-linux" = "gettext-tools"; then \
  /usr/bin/mkdir -p /home/no/Desktop/github/riscv_emulator-seulgi-v1/buildroot/output/host/share/gettext/po; \
  for file in Makefile.in.in remove-potcdate.sin quot.sed boldquot.sed en@quot.header en@boldquot.header insert-header.sin Rules-quot   Makevars.template; do \
    /usr/bin/install -c -m 644 ./$file \
		    /home/no/Desktop/github/riscv_emulator-seulgi-v1/buildroot/output/host/share/gettext/po/$file; \
  done; \
  for file in Makevars; do \
    rm -f /home/no/Desktop/github/riscv_emulator-seulgi-v1/buildroot/output/host/share/gettext/po/$file; \
  done; \
else \
  : ; \
fi
 /usr/bin/mkdir -p '/home/no/Desktop/github/riscv_emulator-seulgi-v1/buildroot/output/host/share/bash-completion/completions'
 /usr/bin/mkdir -p '/home/no/Desktop/github/riscv_emulator-seulgi-v1/buildroot/output/host/share/doc/util-linux'
 /usr/bin/mkdir -p '/home/no/Desktop/github/riscv_emulator-seulgi-v1/buildroot/output/host/share/man/man1'
 /usr/bin/mkdir -p '/home/no/Desktop/github/riscv_emulator-seulgi-v1/buildroot/output/host/share/man/man3'
 /usr/bin/install -c -m 644 misc-utils/getopt-example.bash misc-utils/getopt-example.tcsh '/home/no/Desktop/github/riscv_emulator-seulgi-v1/buildroot/output/host/share/doc/util-linux'
 /usr/bin/install -c -m 644 bash-completion/blkid bash-completion/cal bash-completion/choom bash-completion/col bash-completion/colcrt bash-completion/colrm bash-completion/column bash-completion/exch bash-completion/fincore bash-completion/findfs bash-completion/findmnt bash-completion/flock bash-completion/getopt bash-completion/hexdump bash-completion/ipcrm bash-completion/ipcs bash-completion/isosize bash-completion/logger bash-completion/look bash-completion/lsipc bash-completion/lsirq bash-completion/lsns bash-completion/mcookie bash-completion/mkfs bash-completion/mkswap bash-completion/namei bash-completion/prlimit bash-completion/readprofile bash-completion/renice bash-completion/rev bash-completion/script bash-completion/scriptreplay bash-completion/scriptlive bash-completion/setpgid bash-completion/setsid bash-completion/whereis bash-completion/wipefs bash-completion/fsck bash-completion/mkfs.bfs bash-completion/bits '/home/no/Desktop/github/riscv_emulator-seulgi-v1/buildroot/output/host/share/bash-completion/completions'
 /usr/bin/mkdir -p '/home/no/Desktop/github/riscv_emulator-seulgi-v1/buildroot/output/host/share/man/man5'
 /usr/bin/mkdir -p '/home/no/Desktop/github/riscv_emulator-seulgi-v1/buildroot/output/host/share/man/man8'
 /usr/bin/mkdir -p '/home/no/Desktop/github/riscv_emulator-seulgi-v1/buildroot/output/host/include/blkid'
 /usr/bin/mkdir -p '/home/no/Desktop/github/riscv_emulator-seulgi-v1/buildroot/output/host/include/libfdisk'
 /usr/bin/install -c -m 644 text-utils/bits.1 text-utils/col.1 text-utils/colcrt.1 text-utils/colrm.1 text-utils/column.1 text-utils/hexdump.1 text-utils/rev.1 term-utils/script.1 term-utils/scriptreplay.1 term-utils/scriptlive.1 login-utils/last.1 login-utils/utmpdump.1 sys-utils/lsmem.1 sys-utils/flock.1 sys-utils/choom.1 sys-utils/ipcrm.1 sys-utils/ipcs.1 sys-utils/lsirq.1 sys-utils/lsipc.1 sys-utils/renice.1 sys-utils/setpgid.1 sys-utils/setsid.1 sys-utils/dmesg.1 sys-utils/eject.1 sys-utils/prlimit.1 sys-utils/lscpu.1 sys-utils/mountpoint.1 sys-utils/fallocate.1 misc-utils/cal.1 misc-utils/logger.1 misc-utils/look.1 misc-utils/mcookie.1 misc-utils/namei.1 misc-utils/whereis.1 misc-utils/uuidgen.1 misc-utils/uuidparse.1 misc-utils/kill.1 misc-utils/rename.1 misc-utils/getopt.1 misc-utils/exch.1 '/home/no/Desktop/github/riscv_emulator-seulgi-v1/buildroot/output/host/share/man/man1'
 /usr/bin/mkdir -p '/home/no/Desktop/github/riscv_emulator-seulgi-v1/buildroot/output/host/include/libmount'
 /usr/bin/install -c -m 644 libuuid/man/uuid.3 libuuid/man/uuid_clear.3 libuuid/man/uuid_compare.3 libuuid/man/uuid_copy.3 libuuid/man/uuid_generate.3 libuuid/man/uuid_is_null.3 libuuid/man/uuid_parse.3 libuuid/man/uuid_time.3 libuuid/man/uuid_unparse.3 libblkid/libblkid.3 libuuid/man/uuid_generate_random.3 libuuid/man/uuid_generate_time.3 libuuid/man/uuid_generate_time_safe.3 '/home/no/Desktop/github/riscv_emulator-seulgi-v1/buildroot/output/host/share/man/man3'
 /usr/bin/install -c -m 644 lib/terminal-colors.d.5 libsmartcols/scols-filter.5 sys-utils/fstab.5 sys-utils/adjtime_config.5 '/home/no/Desktop/github/riscv_emulator-seulgi-v1/buildroot/output/host/share/man/man5'
 /usr/bin/install -c -m 644 bash-completion/fsck.minix bash-completion/mkfs.minix bash-completion/fsck.cramfs bash-completion/mkfs.cramfs bash-completion/addpart bash-completion/delpart bash-completion/resizepart bash-completion/partx bash-completion/swaplabel bash-completion/blockdev bash-completion/fdisk bash-completion/sfdisk bash-completion/last bash-completion/utmpdump bash-completion/uuidgen bash-completion/uuidparse bash-completion/lsblk bash-completion/lslocks bash-completion/rename bash-completion/chcpu bash-completion/eject bash-completion/fallocate bash-completion/hwclock bash-completion/lscpu bash-completion/lsmem bash-completion/losetup bash-completion/mount bash-completion/umount bash-completion/mountpoint bash-completion/pivot_root bash-completion/swapon bash-completion/swapoff bash-completion/blkdiscard bash-completion/blkpr bash-completion/blkzone bash-completion/ctrlaltdel bash-completion/dmesg bash-completion/fsfreeze bash-completion/fstrim bash-completion/ldattach '/home/no/Desktop/github/riscv_emulator-seulgi-v1/buildroot/output/host/share/bash-completion/completions'
 /usr/bin/install -c -m 644 misc-utils/fincore.1 misc-utils/hardlink.1 misc-utils/pipesz.1 misc-utils/fadvise.1 misc-utils/waitpid.1 misc-utils/enosys.1 misc-utils/lsclocks.1 login-utils/lastb.1 '/home/no/Desktop/github/riscv_emulator-seulgi-v1/buildroot/output/host/share/man/man1'
 /usr/bin/install -c -m 644 libfdisk/src/libfdisk.h '/home/no/Desktop/github/riscv_emulator-seulgi-v1/buildroot/output/host/include/libfdisk'
 /usr/bin/install -c -m 644 libblkid/src/blkid.h '/home/no/Desktop/github/riscv_emulator-seulgi-v1/buildroot/output/host/include/blkid'
 /usr/bin/mkdir -p '/home/no/Desktop/github/riscv_emulator-seulgi-v1/buildroot/output/host/include/libsmartcols'
 /usr/bin/mkdir -p '/home/no/Desktop/github/riscv_emulator-seulgi-v1/buildroot/output/host/lib/pkgconfig'
 /usr/bin/install -c -m 644 libsmartcols/src/libsmartcols.h '/home/no/Desktop/github/riscv_emulator-seulgi-v1/buildroot/output/host/include/libsmartcols'
 /usr/bin/install -c -m 644 libmount/src/libmount.h '/home/no/Desktop/github/riscv_emulator-seulgi-v1/buildroot/output/host/include/libmount'
 /usr/bin/install -c -m 644 bash-completion/rtcwake bash-completion/setarch bash-completion/hardlink bash-completion/pipesz bash-completion/fadvise bash-completion/waitpid bash-completion/enosys bash-completion/lsclocks '/home/no/Desktop/github/riscv_emulator-seulgi-v1/buildroot/output/host/share/bash-completion/completions'
 /usr/bin/install -c -m 644 libuuid/uuid.pc libblkid/blkid.pc libmount/mount.pc libsmartcols/smartcols.pc libfdisk/fdisk.pc '/home/no/Desktop/github/riscv_emulator-seulgi-v1/buildroot/output/host/lib/pkgconfig'
 /usr/bin/install -c -m 644 sys-utils/readprofile.8 sys-utils/fstrim.8 sys-utils/ctrlaltdel.8 sys-utils/fsfreeze.8 sys-utils/blkdiscard.8 sys-utils/blkzone.8 sys-utils/blkpr.8 sys-utils/ldattach.8 sys-utils/rtcwake.8 sys-utils/setarch.8 sys-utils/losetup.8 sys-utils/lsns.8 sys-utils/mount.8 sys-utils/umount.8 sys-utils/swapon.8 sys-utils/chcpu.8 sys-utils/pivot_root.8 sys-utils/switch_root.8 sys-utils/hwclock.8 misc-utils/lslocks.8 misc-utils/lsblk.8 misc-utils/blkid.8 misc-utils/findfs.8 misc-utils/wipefs.8 misc-utils/findmnt.8 disk-utils/fsck.minix.8 disk-utils/mkfs.minix.8 disk-utils/mkfs.8 disk-utils/isosize.8 disk-utils/mkfs.bfs.8 disk-utils/mkswap.8 disk-utils/swaplabel.8 disk-utils/fsck.8 disk-utils/fsck.cramfs.8 disk-utils/mkfs.cramfs.8 disk-utils/blockdev.8 disk-utils/fdisk.8 disk-utils/sfdisk.8 disk-utils/addpart.8 disk-utils/delpart.8 '/home/no/Desktop/github/riscv_emulator-seulgi-v1/buildroot/output/host/share/man/man8'
 /usr/bin/mkdir -p '/home/no/Desktop/github/riscv_emulator-seulgi-v1/buildroot/output/host/include/uuid'
 /usr/bin/mkdir -p '/home/no/Desktop/github/riscv_emulator-seulgi-v1/buildroot/output/host/bin'
 /usr/bin/mkdir -p '/home/no/Desktop/github/riscv_emulator-seulgi-v1/buildroot/output/host/sbin'
 /usr/bin/mkdir -p '/home/no/Desktop/github/riscv_emulator-seulgi-v1/buildroot/output/host/lib'
 /usr/bin/mkdir -p '/home/no/Desktop/github/riscv_emulator-seulgi-v1/buildroot/output/host/bin'
 /usr/bin/install -c -m 644 disk-utils/resizepart.8 disk-utils/partx.8 sys-utils/swapoff.8 '/home/no/Desktop/github/riscv_emulator-seulgi-v1/buildroot/output/host/share/man/man8'
 /bin/bash ./libtool   --mode=install /usr/bin/install -c   libuuid.la libblkid.la libmount.la libsmartcols.la libfdisk.la '/home/no/Desktop/github/riscv_emulator-seulgi-v1/buildroot/output/host/lib'
 /usr/bin/mkdir -p '/home/no/Desktop/github/riscv_emulator-seulgi-v1/buildroot/output/host/sbin'
 /usr/bin/install -c -m 644 libuuid/src/uuid.h '/home/no/Desktop/github/riscv_emulator-seulgi-v1/buildroot/output/host/include/uuid'
/usr/bin/make  install-data-hook
  /bin/bash ./libtool   --mode=install /usr/bin/install -c dmesg mount umount mountpoint lsblk findmnt kill pipesz '/home/no/Desktop/github/riscv_emulator-seulgi-v1/buildroot/output/host/bin'
  /bin/bash ./libtool   --mode=install /usr/bin/install -c fstrim ctrlaltdel fsfreeze blkdiscard blkzone blkpr losetup swapon swapoff chcpu pivot_root switch_root hwclock blkid findfs wipefs fsck.minix mkfs.minix mkfs mkfs.bfs mkswap swaplabel fsck fsck.cramfs mkfs.cramfs blockdev fdisk sfdisk '/home/no/Desktop/github/riscv_emulator-seulgi-v1/buildroot/output/host/sbin'
  /bin/bash ./libtool   --mode=install /usr/bin/install -c readprofile ldattach rtcwake partx addpart delpart resizepart '/home/no/Desktop/github/riscv_emulator-seulgi-v1/buildroot/output/host/sbin'
  /bin/bash ./libtool   --mode=install /usr/bin/install -c bits col colcrt colrm column hexdump rev script scriptreplay scriptlive last utmpdump lsmem flock choom ipcrm ipcs lsirq lsipc renice setpgid setsid setarch eject prlimit lsns lscpu fallocate cal logger look mcookie namei whereis lslocks uuidgen uuidparse rename getopt exch fincore hardlink fadvise waitpid enosys lsclocks isosize '/home/no/Desktop/github/riscv_emulator-seulgi-v1/buildroot/output/host/bin'
ln -sf last /home/no/Desktop/github/riscv_emulator-seulgi-v1/buildroot/output/host/share/bash-completion/completions/lastb
libtool: install: /usr/bin/install -c .libs/libuuid.so.1.3.0 /home/no/Desktop/github/riscv_emulator-seulgi-v1/buildroot/output/host/lib/libuuid.so.1.3.0
libtool: install: (cd /home/no/Desktop/github/riscv_emulator-seulgi-v1/buildroot/output/host/lib && { ln -s -f libuuid.so.1.3.0 libuuid.so.1 || { rm -f libuuid.so.1 && ln -s libuuid.so.1.3.0 libuuid.so.1; }; })
libtool: install: /usr/bin/install -c dmesg /home/no/Desktop/github/riscv_emulator-seulgi-v1/buildroot/output/host/bin/dmesg
libtool: install: (cd /home/no/Desktop/github/riscv_emulator-seulgi-v1/buildroot/output/host/lib && { ln -s -f libuuid.so.1.3.0 libuuid.so || { rm -f libuuid.so && ln -s libuuid.so.1.3.0 libuuid.so; }; })
libtool: install: /usr/bin/install -c readprofile /home/no/Desktop/github/riscv_emulator-seulgi-v1/buildroot/output/host/sbin/readprofile
libtool: install: /usr/bin/install -c fstrim /home/no/Desktop/github/riscv_emulator-seulgi-v1/buildroot/output/host/sbin/fstrim
libtool: install: /usr/bin/install -c mount /home/no/Desktop/github/riscv_emulator-seulgi-v1/buildroot/output/host/bin/mount
libtool: install: /usr/bin/install -c .libs/libuuid.lai /home/no/Desktop/github/riscv_emulator-seulgi-v1/buildroot/output/host/lib/libuuid.la
libtool: install: /usr/bin/install -c bits /home/no/Desktop/github/riscv_emulator-seulgi-v1/buildroot/output/host/bin/bits
libtool: install: /usr/bin/install -c ldattach /home/no/Desktop/github/riscv_emulator-seulgi-v1/buildroot/output/host/sbin/ldattach
libtool: install: /usr/bin/install -c ctrlaltdel /home/no/Desktop/github/riscv_emulator-seulgi-v1/buildroot/output/host/sbin/ctrlaltdel
libtool: install: /usr/bin/install -c umount /home/no/Desktop/github/riscv_emulator-seulgi-v1/buildroot/output/host/bin/umount
libtool: install: /usr/bin/install -c .libs/libblkid.so.1.1.0 /home/no/Desktop/github/riscv_emulator-seulgi-v1/buildroot/output/host/lib/libblkid.so.1.1.0
libtool: install: /usr/bin/install -c col /home/no/Desktop/github/riscv_emulator-seulgi-v1/buildroot/output/host/bin/col
libtool: install: /usr/bin/install -c rtcwake /home/no/Desktop/github/riscv_emulator-seulgi-v1/buildroot/output/host/sbin/rtcwake
libtool: install: (cd /home/no/Desktop/github/riscv_emulator-seulgi-v1/buildroot/output/host/lib && { ln -s -f libblkid.so.1.1.0 libblkid.so.1 || { rm -f libblkid.so.1 && ln -s libblkid.so.1.1.0 libblkid.so.1; }; })
libtool: install: /usr/bin/install -c mountpoint /home/no/Desktop/github/riscv_emulator-seulgi-v1/buildroot/output/host/bin/mountpoint
libtool: install: /usr/bin/install -c fsfreeze /home/no/Desktop/github/riscv_emulator-seulgi-v1/buildroot/output/host/sbin/fsfreeze
libtool: install: /usr/bin/install -c colcrt /home/no/Desktop/github/riscv_emulator-seulgi-v1/buildroot/output/host/bin/colcrt
libtool: install: (cd /home/no/Desktop/github/riscv_emulator-seulgi-v1/buildroot/output/host/lib && { ln -s -f libblkid.so.1.1.0 libblkid.so || { rm -f libblkid.so && ln -s libblkid.so.1.1.0 libblkid.so; }; })
libtool: install: /usr/bin/install -c partx /home/no/Desktop/github/riscv_emulator-seulgi-v1/buildroot/output/host/sbin/partx
libtool: install: /usr/bin/install -c lsblk /home/no/Desktop/github/riscv_emulator-seulgi-v1/buildroot/output/host/bin/lsblk
libtool: install: /usr/bin/install -c blkdiscard /home/no/Desktop/github/riscv_emulator-seulgi-v1/buildroot/output/host/sbin/blkdiscard
libtool: install: /usr/bin/install -c .libs/libblkid.lai /home/no/Desktop/github/riscv_emulator-seulgi-v1/buildroot/output/host/lib/libblkid.la
libtool: install: /usr/bin/install -c colrm /home/no/Desktop/github/riscv_emulator-seulgi-v1/buildroot/output/host/bin/colrm
libtool: install: /usr/bin/install -c .libs/libmount.so.1.1.0 /home/no/Desktop/github/riscv_emulator-seulgi-v1/buildroot/output/host/lib/libmount.so.1.1.0
libtool: install: /usr/bin/install -c blkzone /home/no/Desktop/github/riscv_emulator-seulgi-v1/buildroot/output/host/sbin/blkzone
libtool: install: /usr/bin/install -c addpart /home/no/Desktop/github/riscv_emulator-seulgi-v1/buildroot/output/host/sbin/addpart
libtool: install: /usr/bin/install -c findmnt /home/no/Desktop/github/riscv_emulator-seulgi-v1/buildroot/output/host/bin/findmnt
libtool: install: /usr/bin/install -c column /home/no/Desktop/github/riscv_emulator-seulgi-v1/buildroot/output/host/bin/column
libtool: install: (cd /home/no/Desktop/github/riscv_emulator-seulgi-v1/buildroot/output/host/lib && { ln -s -f libmount.so.1.1.0 libmount.so.1 || { rm -f libmount.so.1 && ln -s libmount.so.1.1.0 libmount.so.1; }; })
libtool: install: /usr/bin/install -c blkpr /home/no/Desktop/github/riscv_emulator-seulgi-v1/buildroot/output/host/sbin/blkpr
libtool: install: /usr/bin/install -c delpart /home/no/Desktop/github/riscv_emulator-seulgi-v1/buildroot/output/host/sbin/delpart
libtool: install: /usr/bin/install -c kill /home/no/Desktop/github/riscv_emulator-seulgi-v1/buildroot/output/host/bin/kill
libtool: install: (cd /home/no/Desktop/github/riscv_emulator-seulgi-v1/buildroot/output/host/lib && { ln -s -f libmount.so.1.1.0 libmount.so || { rm -f libmount.so && ln -s libmount.so.1.1.0 libmount.so; }; })
libtool: install: /usr/bin/install -c losetup /home/no/Desktop/github/riscv_emulator-seulgi-v1/buildroot/output/host/sbin/losetup
libtool: install: /usr/bin/install -c hexdump /home/no/Desktop/github/riscv_emulator-seulgi-v1/buildroot/output/host/bin/hexdump
libtool: install: /usr/bin/install -c .libs/libmount.lai /home/no/Desktop/github/riscv_emulator-seulgi-v1/buildroot/output/host/lib/libmount.la
libtool: install: /usr/bin/install -c resizepart /home/no/Desktop/github/riscv_emulator-seulgi-v1/buildroot/output/host/sbin/resizepart
libtool: install: /usr/bin/install -c pipesz /home/no/Desktop/github/riscv_emulator-seulgi-v1/buildroot/output/host/bin/pipesz
libtool: install: /usr/bin/install -c .libs/libsmartcols.so.1.1.0 /home/no/Desktop/github/riscv_emulator-seulgi-v1/buildroot/output/host/lib/libsmartcols.so.1.1.0
libtool: install: /usr/bin/install -c swapon /home/no/Desktop/github/riscv_emulator-seulgi-v1/buildroot/output/host/sbin/swapon
libtool: install: /usr/bin/install -c rev /home/no/Desktop/github/riscv_emulator-seulgi-v1/buildroot/output/host/bin/rev
libtool: install: (cd /home/no/Desktop/github/riscv_emulator-seulgi-v1/buildroot/output/host/lib && { ln -s -f libsmartcols.so.1.1.0 libsmartcols.so.1 || { rm -f libsmartcols.so.1 && ln -s libsmartcols.so.1.1.0 libsmartcols.so.1; }; })
libtool: install: /usr/bin/install -c swapoff /home/no/Desktop/github/riscv_emulator-seulgi-v1/buildroot/output/host/sbin/swapoff
libtool: install: (cd /home/no/Desktop/github/riscv_emulator-seulgi-v1/buildroot/output/host/lib && { ln -s -f libsmartcols.so.1.1.0 libsmartcols.so || { rm -f libsmartcols.so && ln -s libsmartcols.so.1.1.0 libsmartcols.so; }; })
libtool: install: /usr/bin/install -c script /home/no/Desktop/github/riscv_emulator-seulgi-v1/buildroot/output/host/bin/script
libtool: install: /usr/bin/install -c chcpu /home/no/Desktop/github/riscv_emulator-seulgi-v1/buildroot/output/host/sbin/chcpu
libtool: install: /usr/bin/install -c scriptreplay /home/no/Desktop/github/riscv_emulator-seulgi-v1/buildroot/output/host/bin/scriptreplay
libtool: install: /usr/bin/install -c .libs/libsmartcols.lai /home/no/Desktop/github/riscv_emulator-seulgi-v1/buildroot/output/host/lib/libsmartcols.la
libtool: install: /usr/bin/install -c .libs/libfdisk.so.1.1.0 /home/no/Desktop/github/riscv_emulator-seulgi-v1/buildroot/output/host/lib/libfdisk.so.1.1.0
libtool: install: /usr/bin/install -c pivot_root /home/no/Desktop/github/riscv_emulator-seulgi-v1/buildroot/output/host/sbin/pivot_root
libtool: install: /usr/bin/install -c scriptlive /home/no/Desktop/github/riscv_emulator-seulgi-v1/buildroot/output/host/bin/scriptlive
libtool: install: (cd /home/no/Desktop/github/riscv_emulator-seulgi-v1/buildroot/output/host/lib && { ln -s -f libfdisk.so.1.1.0 libfdisk.so.1 || { rm -f libfdisk.so.1 && ln -s libfdisk.so.1.1.0 libfdisk.so.1; }; })
libtool: install: /usr/bin/install -c switch_root /home/no/Desktop/github/riscv_emulator-seulgi-v1/buildroot/output/host/sbin/switch_root
libtool: install: /usr/bin/install -c last /home/no/Desktop/github/riscv_emulator-seulgi-v1/buildroot/output/host/bin/last
libtool: install: (cd /home/no/Desktop/github/riscv_emulator-seulgi-v1/buildroot/output/host/lib && { ln -s -f libfdisk.so.1.1.0 libfdisk.so || { rm -f libfdisk.so && ln -s libfdisk.so.1.1.0 libfdisk.so; }; })
libtool: install: /usr/bin/install -c hwclock /home/no/Desktop/github/riscv_emulator-seulgi-v1/buildroot/output/host/sbin/hwclock
libtool: install: /usr/bin/install -c .libs/libfdisk.lai /home/no/Desktop/github/riscv_emulator-seulgi-v1/buildroot/output/host/lib/libfdisk.la
libtool: install: /usr/bin/install -c utmpdump /home/no/Desktop/github/riscv_emulator-seulgi-v1/buildroot/output/host/bin/utmpdump
libtool: install: /usr/bin/install -c blkid /home/no/Desktop/github/riscv_emulator-seulgi-v1/buildroot/output/host/sbin/blkid
libtool: install: /usr/bin/install -c lsmem /home/no/Desktop/github/riscv_emulator-seulgi-v1/buildroot/output/host/bin/lsmem
libtool: install: /usr/bin/install -c findfs /home/no/Desktop/github/riscv_emulator-seulgi-v1/buildroot/output/host/sbin/findfs
libtool: install: /usr/bin/install -c flock /home/no/Desktop/github/riscv_emulator-seulgi-v1/buildroot/output/host/bin/flock
libtool: install: /usr/bin/install -c wipefs /home/no/Desktop/github/riscv_emulator-seulgi-v1/buildroot/output/host/sbin/wipefs
libtool: install: /usr/bin/install -c choom /home/no/Desktop/github/riscv_emulator-seulgi-v1/buildroot/output/host/bin/choom
libtool: install: /usr/bin/install -c fsck.minix /home/no/Desktop/github/riscv_emulator-seulgi-v1/buildroot/output/host/sbin/fsck.minix
libtool: install: /usr/bin/install -c ipcrm /home/no/Desktop/github/riscv_emulator-seulgi-v1/buildroot/output/host/bin/ipcrm
libtool: finish: PATH="/home/no/Desktop/github/riscv_emulator-seulgi-v1/buildroot/output/host/bin:/home/no/Desktop/github/riscv_emulator-seulgi-v1/buildroot/output/host/sbin:/home/no/.local/bin:/home/no/.local/bin:/home/no/bin:/media/no/b7ced73c-5231-4462-b98d-64e38fe2df9e/home/jbez/Desktop/!.📶️.SHARE]/!.🦾️].fullsharezip/💪🏾️].no-desk.sharezip/📲️📵️.GTFO.flxbx.📦️arcbit♏️/#.⛷️LOOSE-TANGENT]2wild]🎄️⛷️/🪆️.a0/📟️.a0/🎓️/🧼️/🥌️🗡️🛡️🧷️/🛡️.ARMOR.OF.WAR.NOW!]a1/🌐️🗺️🧫️.voxel_sphere_lab]a0/2.Mid.urf.PLAY]loglev]🪓️🤓️🪄️🪵️a0/🧪️]jul8.🏚️.®™]d10/jl69.🥡️.®™]🟦🟥️🟨️]a0/!.🚦️🏎️🏎️🏎️]a3]GOIN!/Fas7.🥡️.®™]🔳️⏹️]E6/earf.🌎️.®™/Lnd1.🏝️.®™/crsr.🗡️.®™]g10📌️/env0🥡️.®™]a0📌️/home.🥡️.®™]a0📌️/!.inst.🫕️.®™/+x/:/home/no/.grok/bin:/home/no/.opencode/bin:/home/no/.local/bin:/usr/local/bin:/usr/local/qt4/bin:/usr/local/qt4/bin:/home/no/.nvm/versions/node/v22.11.0/bin:/home/no/.local/bin:/home/no/.cargo/bin:/home/no/.local/bin:/home/no/bin:/media/no/b7ced73c-5231-4462-b98d-64e38fe2df9e/home/jbez/Desktop/!.📶️.SHARE]/!.🦾️].fullsharezip/💪🏾️].no-desk.sharezip/📲️📵️.GTFO.flxbx.📦️arcbit♏️/#.⛷️LOOSE-TANGENT]2wild]🎄️⛷️/🪆️.a0/📟️.a0/🎓️/🧼️/🥌️🗡️🛡️🧷️/🛡️.ARMOR.OF.WAR.NOW!]a1/🌐️🗺️🧫️.voxel_sphere_lab]a0/2.Mid.urf.PLAY]loglev]🪓️🤓️🪄️🪵️a0/🧪️]jul8.🏚️.®™]d10/jl69.🥡️.®™]🟦🟥️🟨️]a0/!.🚦️🏎️🏎️🏎️]a3]GOIN!/Fas7.🥡️.®™]🔳️⏹️]E6/earf.🌎️.®™/Lnd1.🏝️.®™/crsr.🗡️.®™]g10📌️/env0🥡️.®™]a0📌️/home.🥡️.®™]a0📌️/!.inst.🫕️.®™/+x/:/usr/local/sbin:/usr/local/bin:/usr/sbin:/usr/bin:/sbin:/bin:/usr/games:/usr/local/games:/snap/bin:/snap/bin:/home/no/.local/bin:/home/no/.lmstudio/bin:/home/no/.lmstudio/bin:/home/no/.lmstudio/bin:/sbin" ldconfig -n /home/no/Desktop/github/riscv_emulator-seulgi-v1/buildroot/output/host/lib
libtool: install: /usr/bin/install -c mkfs.minix /home/no/Desktop/github/riscv_emulator-seulgi-v1/buildroot/output/host/sbin/mkfs.minix
----------------------------------------------------------------------
Libraries have been installed in:
   /home/no/Desktop/github/riscv_emulator-seulgi-v1/buildroot/output/host/lib

If you ever happen to want to link against installed libraries
in a given directory, LIBDIR, you must either use libtool, and
specify the full pathname of the library, or use the '-LLIBDIR'
flag during linking and do at least one of the following:
   - add LIBDIR to the 'LD_LIBRARY_PATH' environment variable
     during execution
   - add LIBDIR to the 'LD_RUN_PATH' environment variable
     during linking
   - use the '-Wl,-rpath -Wl,LIBDIR' linker flag
   - have your system administrator add LIBDIR to '/etc/ld.so.conf'

See any operating system documentation about shared libraries for
more information, such as the ld(1) and ld.so(8) manual pages.
----------------------------------------------------------------------
libtool: install: /usr/bin/install -c ipcs /home/no/Desktop/github/riscv_emulator-seulgi-v1/buildroot/output/host/bin/ipcs
libtool: install: /usr/bin/install -c mkfs /home/no/Desktop/github/riscv_emulator-seulgi-v1/buildroot/output/host/sbin/mkfs
libtool: install: /usr/bin/install -c lsirq /home/no/Desktop/github/riscv_emulator-seulgi-v1/buildroot/output/host/bin/lsirq
libtool: install: /usr/bin/install -c mkfs.bfs /home/no/Desktop/github/riscv_emulator-seulgi-v1/buildroot/output/host/sbin/mkfs.bfs
libtool: install: /usr/bin/install -c lsipc /home/no/Desktop/github/riscv_emulator-seulgi-v1/buildroot/output/host/bin/lsipc
libtool: install: /usr/bin/install -c mkswap /home/no/Desktop/github/riscv_emulator-seulgi-v1/buildroot/output/host/sbin/mkswap
libtool: install: /usr/bin/install -c renice /home/no/Desktop/github/riscv_emulator-seulgi-v1/buildroot/output/host/bin/renice
libtool: install: /usr/bin/install -c swaplabel /home/no/Desktop/github/riscv_emulator-seulgi-v1/buildroot/output/host/sbin/swaplabel
libtool: install: /usr/bin/install -c setpgid /home/no/Desktop/github/riscv_emulator-seulgi-v1/buildroot/output/host/bin/setpgid
libtool: install: /usr/bin/install -c fsck /home/no/Desktop/github/riscv_emulator-seulgi-v1/buildroot/output/host/sbin/fsck
libtool: install: /usr/bin/install -c setsid /home/no/Desktop/github/riscv_emulator-seulgi-v1/buildroot/output/host/bin/setsid
libtool: install: /usr/bin/install -c fsck.cramfs /home/no/Desktop/github/riscv_emulator-seulgi-v1/buildroot/output/host/sbin/fsck.cramfs
libtool: install: /usr/bin/install -c setarch /home/no/Desktop/github/riscv_emulator-seulgi-v1/buildroot/output/host/bin/setarch
libtool: install: /usr/bin/install -c mkfs.cramfs /home/no/Desktop/github/riscv_emulator-seulgi-v1/buildroot/output/host/sbin/mkfs.cramfs
libtool: install: /usr/bin/install -c eject /home/no/Desktop/github/riscv_emulator-seulgi-v1/buildroot/output/host/bin/eject
libtool: install: /usr/bin/install -c blockdev /home/no/Desktop/github/riscv_emulator-seulgi-v1/buildroot/output/host/sbin/blockdev
libtool: install: /usr/bin/install -c prlimit /home/no/Desktop/github/riscv_emulator-seulgi-v1/buildroot/output/host/bin/prlimit
libtool: install: /usr/bin/install -c fdisk /home/no/Desktop/github/riscv_emulator-seulgi-v1/buildroot/output/host/sbin/fdisk
libtool: install: /usr/bin/install -c lsns /home/no/Desktop/github/riscv_emulator-seulgi-v1/buildroot/output/host/bin/lsns
libtool: install: /usr/bin/install -c sfdisk /home/no/Desktop/github/riscv_emulator-seulgi-v1/buildroot/output/host/sbin/sfdisk
libtool: install: /usr/bin/install -c lscpu /home/no/Desktop/github/riscv_emulator-seulgi-v1/buildroot/output/host/bin/lscpu
libtool: install: /usr/bin/install -c fallocate /home/no/Desktop/github/riscv_emulator-seulgi-v1/buildroot/output/host/bin/fallocate
libtool: install: /usr/bin/install -c cal /home/no/Desktop/github/riscv_emulator-seulgi-v1/buildroot/output/host/bin/cal
libtool: install: /usr/bin/install -c logger /home/no/Desktop/github/riscv_emulator-seulgi-v1/buildroot/output/host/bin/logger
libtool: install: /usr/bin/install -c look /home/no/Desktop/github/riscv_emulator-seulgi-v1/buildroot/output/host/bin/look
libtool: install: /usr/bin/install -c mcookie /home/no/Desktop/github/riscv_emulator-seulgi-v1/buildroot/output/host/bin/mcookie
libtool: install: /usr/bin/install -c namei /home/no/Desktop/github/riscv_emulator-seulgi-v1/buildroot/output/host/bin/namei
libtool: install: /usr/bin/install -c whereis /home/no/Desktop/github/riscv_emulator-seulgi-v1/buildroot/output/host/bin/whereis
libtool: install: /usr/bin/install -c lslocks /home/no/Desktop/github/riscv_emulator-seulgi-v1/buildroot/output/host/bin/lslocks
libtool: install: /usr/bin/install -c uuidgen /home/no/Desktop/github/riscv_emulator-seulgi-v1/buildroot/output/host/bin/uuidgen
libtool: install: /usr/bin/install -c uuidparse /home/no/Desktop/github/riscv_emulator-seulgi-v1/buildroot/output/host/bin/uuidparse
libtool: install: /usr/bin/install -c rename /home/no/Desktop/github/riscv_emulator-seulgi-v1/buildroot/output/host/bin/rename
libtool: install: /usr/bin/install -c getopt /home/no/Desktop/github/riscv_emulator-seulgi-v1/buildroot/output/host/bin/getopt
libtool: install: /usr/bin/install -c exch /home/no/Desktop/github/riscv_emulator-seulgi-v1/buildroot/output/host/bin/exch
libtool: install: /usr/bin/install -c fincore /home/no/Desktop/github/riscv_emulator-seulgi-v1/buildroot/output/host/bin/fincore
libtool: install: /usr/bin/install -c hardlink /home/no/Desktop/github/riscv_emulator-seulgi-v1/buildroot/output/host/bin/hardlink
libtool: install: /usr/bin/install -c fadvise /home/no/Desktop/github/riscv_emulator-seulgi-v1/buildroot/output/host/bin/fadvise
libtool: install: /usr/bin/install -c waitpid /home/no/Desktop/github/riscv_emulator-seulgi-v1/buildroot/output/host/bin/waitpid
libtool: install: /usr/bin/install -c enosys /home/no/Desktop/github/riscv_emulator-seulgi-v1/buildroot/output/host/bin/enosys
libtool: install: /usr/bin/install -c lsclocks /home/no/Desktop/github/riscv_emulator-seulgi-v1/buildroot/output/host/bin/lsclocks
libtool: install: /usr/bin/install -c isosize /home/no/Desktop/github/riscv_emulator-seulgi-v1/buildroot/output/host/bin/isosize
/usr/bin/make  install-exec-hook
if test "/home/no/Desktop/github/riscv_emulator-seulgi-v1/buildroot/output/host/lib" != "/home/no/Desktop/github/riscv_emulator-seulgi-v1/buildroot/output/host/lib" -a -f "/home/no/Desktop/github/riscv_emulator-seulgi-v1/buildroot/output/host/lib/libuuid.so"; then \
	/usr/bin/mkdir -p /home/no/Desktop/github/riscv_emulator-seulgi-v1/buildroot/output/host/lib; \
	mv /home/no/Desktop/github/riscv_emulator-seulgi-v1/buildroot/output/host/lib/libuuid.so.* /home/no/Desktop/github/riscv_emulator-seulgi-v1/buildroot/output/host/lib; \
	so_img_name=$(readlink /home/no/Desktop/github/riscv_emulator-seulgi-v1/buildroot/output/host/lib/libuuid.so); \
	so_img_rel_target=$(echo /home/no/Desktop/github/riscv_emulator-seulgi-v1/buildroot/output/host/lib | sed 's,\(^/\|\)[^/][^/]*,..,g'); \
	(cd /home/no/Desktop/github/riscv_emulator-seulgi-v1/buildroot/output/host/lib && \
		rm -f libuuid.so && \
		ln -s $so_img_rel_target/home/no/Desktop/github/riscv_emulator-seulgi-v1/buildroot/output/host/lib/$so_img_name libuuid.so); \
fi
if test "/home/no/Desktop/github/riscv_emulator-seulgi-v1/buildroot/output/host/lib" != "/home/no/Desktop/github/riscv_emulator-seulgi-v1/buildroot/output/host/lib" -a -f "/home/no/Desktop/github/riscv_emulator-seulgi-v1/buildroot/output/host/lib/libblkid.so"; then \
	/usr/bin/mkdir -p /home/no/Desktop/github/riscv_emulator-seulgi-v1/buildroot/output/host/lib; \
	mv /home/no/Desktop/github/riscv_emulator-seulgi-v1/buildroot/output/host/lib/libblkid.so.* /home/no/Desktop/github/riscv_emulator-seulgi-v1/buildroot/output/host/lib; \
	so_img_name=$(readlink /home/no/Desktop/github/riscv_emulator-seulgi-v1/buildroot/output/host/lib/libblkid.so); \
	so_img_rel_target=$(echo /home/no/Desktop/github/riscv_emulator-seulgi-v1/buildroot/output/host/lib | sed 's,\(^/\|\)[^/][^/]*,..,g'); \
	(cd /home/no/Desktop/github/riscv_emulator-seulgi-v1/buildroot/output/host/lib && \
		rm -f libblkid.so && \
		ln -s $so_img_rel_target/home/no/Desktop/github/riscv_emulator-seulgi-v1/buildroot/output/host/lib/$so_img_name libblkid.so); \
fi
if test "/home/no/Desktop/github/riscv_emulator-seulgi-v1/buildroot/output/host/lib" != "/home/no/Desktop/github/riscv_emulator-seulgi-v1/buildroot/output/host/lib" -a -f "/home/no/Desktop/github/riscv_emulator-seulgi-v1/buildroot/output/host/lib/libmount.so"; then \
	/usr/bin/mkdir -p /home/no/Desktop/github/riscv_emulator-seulgi-v1/buildroot/output/host/lib; \
	mv /home/no/Desktop/github/riscv_emulator-seulgi-v1/buildroot/output/host/lib/libmount.so.* /home/no/Desktop/github/riscv_emulator-seulgi-v1/buildroot/output/host/lib; \
	so_img_name=$(readlink /home/no/Desktop/github/riscv_emulator-seulgi-v1/buildroot/output/host/lib/libmount.so); \
	so_img_rel_target=$(echo /home/no/Desktop/github/riscv_emulator-seulgi-v1/buildroot/output/host/lib | sed 's,\(^/\|\)[^/][^/]*,..,g'); \
	(cd /home/no/Desktop/github/riscv_emulator-seulgi-v1/buildroot/output/host/lib && \
		rm -f libmount.so && \
		ln -s $so_img_rel_target/home/no/Desktop/github/riscv_emulator-seulgi-v1/buildroot/output/host/lib/$so_img_name libmount.so); \
fi
if test "/home/no/Desktop/github/riscv_emulator-seulgi-v1/buildroot/output/host/lib" != "/home/no/Desktop/github/riscv_emulator-seulgi-v1/buildroot/output/host/lib" -a -f "/home/no/Desktop/github/riscv_emulator-seulgi-v1/buildroot/output/host/lib/libsmartcols.so"; then \
	/usr/bin/mkdir -p /home/no/Desktop/github/riscv_emulator-seulgi-v1/buildroot/output/host/lib; \
	mv /home/no/Desktop/github/riscv_emulator-seulgi-v1/buildroot/output/host/lib/libsmartcols.so.* /home/no/Desktop/github/riscv_emulator-seulgi-v1/buildroot/output/host/lib; \
	so_img_name=$(readlink /home/no/Desktop/github/riscv_emulator-seulgi-v1/buildroot/output/host/lib/libsmartcols.so); \
	so_img_rel_target=$(echo /home/no/Desktop/github/riscv_emulator-seulgi-v1/buildroot/output/host/lib | sed 's,\(^/\|\)[^/][^/]*,..,g'); \
	(cd /home/no/Desktop/github/riscv_emulator-seulgi-v1/buildroot/output/host/lib && \
		rm -f libsmartcols.so && \
		ln -s $so_img_rel_target/home/no/Desktop/github/riscv_emulator-seulgi-v1/buildroot/output/host/lib/$so_img_name libsmartcols.so); \
fi
if test "/home/no/Desktop/github/riscv_emulator-seulgi-v1/buildroot/output/host/lib" != "/home/no/Desktop/github/riscv_emulator-seulgi-v1/buildroot/output/host/lib" -a -f "/home/no/Desktop/github/riscv_emulator-seulgi-v1/buildroot/output/host/lib/libfdisk.so"; then \
	/usr/bin/mkdir -p /home/no/Desktop/github/riscv_emulator-seulgi-v1/buildroot/output/host/lib; \
	mv /home/no/Desktop/github/riscv_emulator-seulgi-v1/buildroot/output/host/lib/libfdisk.so.* /home/no/Desktop/github/riscv_emulator-seulgi-v1/buildroot/output/host/lib; \
	so_img_name=$(readlink /home/no/Desktop/github/riscv_emulator-seulgi-v1/buildroot/output/host/lib/libfdisk.so); \
	so_img_rel_target=$(echo /home/no/Desktop/github/riscv_emulator-seulgi-v1/buildroot/output/host/lib | sed 's,\(^/\|\)[^/][^/]*,..,g'); \
	(cd /home/no/Desktop/github/riscv_emulator-seulgi-v1/buildroot/output/host/lib && \
		rm -f libfdisk.so && \
		ln -s $so_img_rel_target/home/no/Desktop/github/riscv_emulator-seulgi-v1/buildroot/output/host/lib/$so_img_name libfdisk.so); \
fi
cd /home/no/Desktop/github/riscv_emulator-seulgi-v1/buildroot/output/host/bin && ln -sf last lastb
for I in uname26 linux32 linux64   i386 x86_64     ; do \
	cd /home/no/Desktop/github/riscv_emulator-seulgi-v1/buildroot/output/host/bin && ln -sf setarch $I ; \
done
chmod 4755 /home/no/Desktop/github/riscv_emulator-seulgi-v1/buildroot/output/host/bin/mount
chmod 4755 /home/no/Desktop/github/riscv_emulator-seulgi-v1/buildroot/output/host/bin/umount
>>> host-e2fsprogs 1.47.4 Downloading
wget -nd -t 3 --connect-timeout=10 -O '/home/no/Desktop/github/riscv_emulator-seulgi-v1/buildroot/output/build/.e2fsprogs-1.47.4.tar.xz.3gRbUX/output' 'https://cdn.kernel.org/pub/linux/kernel/people/tytso/e2fsprogs/v1.47.4/e2fsprogs-1.47.4.tar.xz' 
--2026-09-15 11:13:55--  https://cdn.kernel.org/pub/linux/kernel/people/tytso/e2fsprogs/v1.47.4/e2fsprogs-1.47.4.tar.xz
Resolving cdn.kernel.org (cdn.kernel.org)... 2a04:4e42:200::432, 2a04:4e42:400::432, 2a04:4e42:600::432, ...
Connecting to cdn.kernel.org (cdn.kernel.org)|2a04:4e42:200::432|:443... connected.
HTTP request sent, awaiting response... 200 OK
Length: 7337236 (7.0M) [application/x-xz]
Saving to: ‘/home/no/Desktop/github/riscv_emulator-seulgi-v1/buildroot/output/build/.e2fsprogs-1.47.4.tar.xz.3gRbUX/output’

     0K .......... .......... .......... .......... ..........  0% 2.40M 3s
    50K .......... .......... .......... .......... ..........  1% 2.39M 3s
   100K .......... .......... .......... .......... ..........  2% 27.0M 2s
   150K .......... .......... .......... .......... ..........  2% 5.32M 2s
   200K .......... .......... .......... .......... ..........  3% 6.95M 2s
   250K .......... .......... .......... .......... ..........  4% 9.07M 1s
   300K .......... .......... .......... .......... ..........  4% 2.40M 2s
   350K .......... .......... .......... .......... ..........  5% 17.7M 1s
   400K .......... .......... .......... .......... ..........  6% 22.3M 1s
   450K .......... .......... .......... .......... ..........  6% 31.6M 1s
   500K .......... .......... .......... .......... ..........  7% 40.9M 1s
   550K .......... .......... .......... .......... ..........  8% 22.3M 1s
   600K .......... .......... .......... .......... ..........  9% 29.8M 1s
   650K .......... .......... .......... .......... ..........  9% 2.58M 1s
   700K .......... .......... .......... .......... .......... 10% 13.6M 1s
   750K .......... .......... .......... .......... .......... 11%  118M 1s
   800K .......... .......... .......... .......... .......... 11%  142M 1s
   850K .......... .......... .......... .......... .......... 12%  150M 1s
   900K .......... .......... .......... .......... .......... 13% 56.2M 1s
   950K .......... .......... .......... .......... .......... 13% 18.6M 1s
  1000K .......... .......... .......... .......... .......... 14% 33.9M 1s
  1050K .......... .......... .......... .......... .......... 15% 61.7M 1s
  1100K .......... .......... .......... .......... .......... 16%  139M 1s
  1150K .......... .......... .......... .......... .......... 16% 3.66M 1s
  1200K .......... .......... .......... .......... .......... 17% 30.7M 1s
  1250K .......... .......... .......... .......... .......... 18% 27.6M 1s
  1300K .......... .......... .......... .......... .......... 18%  229M 1s
  1350K .......... .......... .......... .......... .......... 19% 53.6M 1s
  1400K .......... .......... .......... .......... .......... 20% 54.3M 1s
  1450K .......... .......... .......... .......... .......... 20% 54.1M 1s
  1500K .......... .......... .......... .......... .......... 21% 34.5M 1s
  1550K .......... .......... .......... .......... .......... 22% 33.5M 1s
  1600K .......... .......... .......... .......... .......... 23% 57.8M 0s
  1650K .......... .......... .......... .......... .......... 23% 56.5M 0s
  1700K .......... .......... .......... .......... .......... 24% 52.9M 0s
  1750K .......... .......... .......... .......... .......... 25% 2.66M 1s
  1800K .......... .......... .......... .......... .......... 25% 51.7M 0s
  1850K .......... .......... .......... .......... .......... 26% 67.0M 0s
  1900K .......... .......... .......... .......... .......... 27% 7.01M 0s
  1950K .......... .......... .......... .......... .......... 27% 36.0M 0s
  2000K .......... .......... .......... .......... .......... 28% 39.3M 0s
  2050K .......... .......... .......... .......... .......... 29% 28.8M 0s
  2100K .......... .......... .......... .......... .......... 30%  151M 0s
  2150K .......... .......... .......... .......... .......... 30% 9.01M 0s
  2200K .......... .......... .......... .......... .......... 31% 52.1M 0s
  2250K .......... .......... .......... .......... .......... 32% 39.4M 0s
  2300K .......... .......... .......... .......... .......... 32% 37.5M 0s
  2350K .......... .......... .......... .......... .......... 33% 67.4M 0s
  2400K .......... .......... .......... .......... .......... 34% 8.44M 0s
  2450K .......... .......... .......... .......... .......... 34% 42.3M 0s
  2500K .......... .......... .......... .......... .......... 35% 52.5M 0s
  2550K .......... .......... .......... .......... .......... 36% 19.9M 0s
  2600K .......... .......... .......... .......... .......... 36%  151M 0s
  2650K .......... .......... .......... .......... .......... 37% 7.16M 0s
  2700K .......... .......... .......... .......... .......... 38% 60.1M 0s
  2750K .......... .......... .......... .......... .......... 39% 21.3M 0s
  2800K .......... .......... .......... .......... .......... 39% 60.7M 0s
  2850K .......... .......... .......... .......... .......... 40% 69.7M 0s
  2900K .......... .......... .......... .......... .......... 41% 2.78M 0s
  2950K .......... .......... .......... .......... .......... 41% 55.5M 0s
  3000K .......... .......... .......... .......... .......... 42% 51.3M 0s
  3050K .......... .......... .......... .......... .......... 43% 51.5M 0s
  3100K .......... .......... .......... .......... .......... 43% 51.7M 0s
  3150K .......... .......... .......... .......... .......... 44% 34.8M 0s
  3200K .......... .......... .......... .......... .......... 45% 17.2M 0s
  3250K .......... .......... .......... .......... .......... 46% 35.4M 0s
  3300K .......... .......... .......... .......... .......... 46%  150M 0s
  3350K .......... .......... .......... .......... .......... 47% 57.9M 0s
  3400K .......... .......... .......... .......... .......... 48% 46.0M 0s
  3450K .......... .......... .......... .......... .......... 48% 41.6M 0s
  3500K .......... .......... .......... .......... .......... 49% 53.4M 0s
  3550K .......... .......... .......... .......... .......... 50% 37.4M 0s
  3600K .......... .......... .......... .......... .......... 50% 53.7M 0s
  3650K .......... .......... .......... .......... .......... 51% 48.6M 0s
  3700K .......... .......... .......... .......... .......... 52% 3.15M 0s
  3750K .......... .......... .......... .......... .......... 53% 53.5M 0s
  3800K .......... .......... .......... .......... .......... 53% 51.3M 0s
  3850K .......... .......... .......... .......... .......... 54% 53.5M 0s
  3900K .......... .......... .......... .......... .......... 55% 52.5M 0s
  3950K .......... .......... .......... .......... .......... 55% 2.08M 0s
  4000K .......... .......... .......... .......... .......... 56%  166M 0s
  4050K .......... .......... .......... .......... .......... 57%  214M 0s
  4100K .......... .......... .......... .......... .......... 57%  227M 0s
  4150K .......... .......... .......... .......... .......... 58%  153M 0s
  4200K .......... .......... .......... .......... .......... 59%  199M 0s
  4250K .......... .......... .......... .......... .......... 60%  172M 0s
  4300K .......... .......... .......... .......... .......... 60%  188M 0s
  4350K .......... .......... .......... .......... .......... 61% 8.60M 0s
  4400K .......... .......... .......... .......... .......... 62% 54.2M 0s
  4450K .......... .......... .......... .......... .......... 62% 50.4M 0s
  4500K .......... .......... .......... .......... .......... 63% 49.9M 0s
  4550K .......... .......... .......... .......... .......... 64% 46.6M 0s
  4600K .......... .......... .......... .......... .......... 64% 25.0M 0s
  4650K .......... .......... .......... .......... .......... 65% 50.8M 0s
  4700K .......... .......... .......... .......... .......... 66% 50.5M 0s
  4750K .......... .......... .......... .......... .......... 66% 27.8M 0s
  4800K .......... .......... .......... .......... .......... 67% 21.4M 0s
  4850K .......... .......... .......... .......... .......... 68% 6.33M 0s
  4900K .......... .......... .......... .......... .......... 69% 69.3M 0s
  4950K .......... .......... .......... .......... .......... 69% 44.7M 0s
  5000K .......... .......... .......... .......... .......... 70% 54.7M 0s
  5050K .......... .......... .......... .......... .......... 71% 52.2M 0s
  5100K .......... .......... .......... .......... .......... 71% 7.02M 0s
  5150K .......... .......... .......... .......... .......... 72% 13.5M 0s
  5200K .......... .......... .......... .......... .......... 73% 45.2M 0s
  5250K .......... .......... .......... .......... .......... 73%  137M 0s
  5300K .......... .......... .......... .......... .......... 74%  136M 0s
  5350K .......... .......... .......... .......... .......... 75% 7.87M 0s
  5400K .......... .......... .......... .......... .......... 76% 31.5M 0s
  5450K .......... .......... .......... .......... .......... 76% 47.6M 0s
  5500K .......... .......... .......... .......... .......... 77% 9.33M 0s
  5550K .......... .......... .......... .......... .......... 78%  117M 0s
  5600K .......... .......... .......... .......... .......... 78%  227M 0s
  5650K .......... .......... .......... .......... .......... 79%  159M 0s
  5700K .......... .......... .......... .......... .......... 80%  164M 0s
  5750K .......... .......... .......... .......... .......... 80% 9.73M 0s
  5800K .......... .......... .......... .......... .......... 81% 55.9M 0s
  5850K .......... .......... .......... .......... .......... 82% 7.50M 0s
  5900K .......... .......... .......... .......... .......... 83% 55.2M 0s
  5950K .......... .......... .......... .......... .......... 83% 5.78M 0s
  6000K .......... .......... .......... .......... .......... 84% 52.7M 0s
  6050K .......... .......... .......... .......... .......... 85% 52.7M 0s
  6100K .......... .......... .......... .......... .......... 85% 52.6M 0s
  6150K .......... .......... .......... .......... .......... 86% 55.6M 0s
  6200K .......... .......... .......... .......... .......... 87% 34.5M 0s
  6250K .......... .......... .......... .......... .......... 87% 50.9M 0s
  6300K .......... .......... .......... .......... .......... 88% 16.3M 0s
  6350K .......... .......... .......... .......... .......... 89% 48.1M 0s
  6400K .......... .......... .......... .......... .......... 90% 71.5M 0s
  6450K .......... .......... .......... .......... .......... 90% 44.1M 0s
  6500K .......... .......... .......... .......... .......... 91% 64.4M 0s
  6550K .......... .......... .......... .......... .......... 92% 19.9M 0s
  6600K .......... .......... .......... .......... .......... 92% 20.3M 0s
  6650K .......... .......... .......... .......... .......... 93% 53.6M 0s
  6700K .......... .......... .......... .......... .......... 94% 62.1M 0s
  6750K .......... .......... .......... .......... .......... 94%  162M 0s
  6800K .......... .......... .......... .......... .......... 95% 51.8M 0s
  6850K .......... .......... .......... .......... .......... 96% 51.1M 0s
  6900K .......... .......... .......... .......... .......... 96% 61.4M 0s
  6950K .......... .......... .......... .......... .......... 97% 29.4M 0s
  7000K .......... .......... .......... .......... .......... 98%  103M 0s
  7050K .......... .......... .......... .......... .......... 99% 55.4M 0s
  7100K .......... .......... .......... .......... .......... 99% 37.2M 0s
  7150K .......... .....                                      100%  144M=0.4s

2026-09-15 11:13:56 (17.6 MB/s) - ‘/home/no/Desktop/github/riscv_emulator-seulgi-v1/buildroot/output/build/.e2fsprogs-1.47.4.tar.xz.3gRbUX/output’ saved [7337236/7337236]

e2fsprogs-1.47.4.tar.xz: OK (sha256: fd5bf388cbdbe006a3d3b318d983b2948382440acc85a87f1e7d108653e8db0b)
>>> host-e2fsprogs 1.47.4 Extracting
xzcat /home/no/Desktop/github/riscv_emulator-seulgi-v1/buildroot/dl/e2fsprogs/e2fsprogs-1.47.4.tar.xz | /home/no/Desktop/github/riscv_emulator-seulgi-v1/buildroot/output/host/bin/tar --strip-components=1 -C /home/no/Desktop/github/riscv_emulator-seulgi-v1/buildroot/output/build/host-e2fsprogs-1.47.4   -xf -
>>> host-e2fsprogs 1.47.4 Patching
>>> host-e2fsprogs 1.47.4 Updating config.sub and config.guess
for file in config.guess config.sub; do for i in $(find /home/no/Desktop/github/riscv_emulator-seulgi-v1/buildroot/output/build/host-e2fsprogs-1.47.4 -name $file); do cp support/gnuconfig/$file $i; done; done
>>> host-e2fsprogs 1.47.4 Patching libtool
patching file /home/no/Desktop/github/riscv_emulator-seulgi-v1/buildroot/output/build/host-e2fsprogs-1.47.4/config/ltmain.sh
Hunk #1 succeeded at 2786 (offset 99 lines).
Hunk #2 succeeded at 4376 (offset 99 lines).
Hunk #3 succeeded at 6671 (offset 117 lines).
Hunk #4 succeeded at 6681 (offset 117 lines).
Hunk #5 succeeded at 6974 (offset 117 lines).
Hunk #6 succeeded at 7266 (offset 117 lines).
Hunk #7 succeeded at 8239 (offset 127 lines).
Hunk #8 succeeded at 10871 (offset 161 lines).
>>> host-e2fsprogs 1.47.4 Configuring
(cd /home/no/Desktop/github/riscv_emulator-seulgi-v1/buildroot/output/build/host-e2fsprogs-1.47.4/ && rm -rf config.cache; GIT_DIR=. PATH="/home/no/Desktop/github/riscv_emulator-seulgi-v1/buildroot/output/host/bin:/home/no/Desktop/github/riscv_emulator-seulgi-v1/buildroot/output/host/sbin:/home/no/.local/bin:/home/no/.local/bin:/home/no/bin:/media/no/b7ced73c-5231-4462-b98d-64e38fe2df9e/home/jbez/Desktop/!.📶️.SHARE]/!.🦾️].fullsharezip/💪🏾️].no-desk.sharezip/📲️📵️.GTFO.flxbx.📦️arcbit♏️/#.⛷️LOOSE-TANGENT]2wild]🎄️⛷️/🪆️.a0/📟️.a0/🎓️/🧼️/🥌️🗡️🛡️🧷️/🛡️.ARMOR.OF.WAR.NOW!]a1/🌐️🗺️🧫️.voxel_sphere_lab]a0/2.Mid.urf.PLAY]loglev]🪓️🤓️🪄️🪵️a0/🧪️]jul8.🏚️.®™]d10/jl69.🥡️.®™]🟦🟥️🟨️]a0/!.🚦️🏎️🏎️🏎️]a3]GOIN!/Fas7.🥡️.®™]🔳️⏹️]E6/earf.🌎️.®™/Lnd1.🏝️.®™/crsr.🗡️.®™]g10📌️/env0🥡️.®™]a0📌️/home.🥡️.®™]a0📌️/!.inst.🫕️.®™/+x/:/home/no/.grok/bin:/home/no/.opencode/bin:/home/no/.local/bin:/usr/local/bin:/usr/local/qt4/bin:/usr/local/qt4/bin:/home/no/.nvm/versions/node/v22.11.0/bin:/home/no/.local/bin:/home/no/.cargo/bin:/home/no/.local/bin:/home/no/bin:/media/no/b7ced73c-5231-4462-b98d-64e38fe2df9e/home/jbez/Desktop/!.📶️.SHARE]/!.🦾️].fullsharezip/💪🏾️].no-desk.sharezip/📲️📵️.GTFO.flxbx.📦️arcbit♏️/#.⛷️LOOSE-TANGENT]2wild]🎄️⛷️/🪆️.a0/📟️.a0/🎓️/🧼️/🥌️🗡️🛡️🧷️/🛡️.ARMOR.OF.WAR.NOW!]a1/🌐️🗺️🧫️.voxel_sphere_lab]a0/2.Mid.urf.PLAY]loglev]🪓️🤓️🪄️🪵️a0/🧪️]jul8.🏚️.®™]d10/jl69.🥡️.®™]🟦🟥️🟨️]a0/!.🚦️🏎️🏎️🏎️]a3]GOIN!/Fas7.🥡️.®™]🔳️⏹️]E6/earf.🌎️.®™/Lnd1.🏝️.®™/crsr.🗡️.®™]g10📌️/env0🥡️.®™]a0📌️/home.🥡️.®™]a0📌️/!.inst.🫕️.®™/+x/:/usr/local/sbin:/usr/local/bin:/usr/sbin:/usr/bin:/sbin:/bin:/usr/games:/usr/local/games:/snap/bin:/snap/bin:/home/no/.local/bin:/home/no/.lmstudio/bin:/home/no/.lmstudio/bin:/home/no/.lmstudio/bin" PKG_CONFIG="/home/no/Desktop/github/riscv_emulator-seulgi-v1/buildroot/output/host/bin/pkg-config" PKG_CONFIG_SYSROOT_DIR="/" PKG_CONFIG_ALLOW_SYSTEM_CFLAGS=1 PKG_CONFIG_ALLOW_SYSTEM_LIBS=1 PKG_CONFIG_LIBDIR="/home/no/Desktop/github/riscv_emulator-seulgi-v1/buildroot/output/host/lib/pkgconfig:/home/no/Desktop/github/riscv_emulator-seulgi-v1/buildroot/output/host/share/pkgconfig" AR="/usr/bin/ar" AS="/usr/bin/as" LD="/usr/bin/ld" NM="/usr/bin/nm" CC="/usr/bin/gcc" GCC="/usr/bin/gcc" CXX="/usr/bin/g++" CPP="/usr/bin/cpp" OBJCOPY="/usr/bin/objcopy" RANLIB="/usr/bin/ranlib" CPPFLAGS="-I/home/no/Desktop/github/riscv_emulator-seulgi-v1/buildroot/output/host/include" CFLAGS="-O2 -I/home/no/Desktop/github/riscv_emulator-seulgi-v1/buildroot/output/host/include" CXXFLAGS="-O2 -I/home/no/Desktop/github/riscv_emulator-seulgi-v1/buildroot/output/host/include" LDFLAGS="-L/home/no/Desktop/github/riscv_emulator-seulgi-v1/buildroot/output/host/lib -Wl,-rpath,/home/no/Desktop/github/riscv_emulator-seulgi-v1/buildroot/output/host/lib" INTLTOOL_PERL=/usr/bin/perl ac_cv_path_LDCONFIG=true CONFIG_SITE=/dev/null ./configure --prefix="/home/no/Desktop/github/riscv_emulator-seulgi-v1/buildroot/output/host" --sysconfdir="/home/no/Desktop/github/riscv_emulator-seulgi-v1/buildroot/output/host/etc" --localstatedir="/home/no/Desktop/github/riscv_emulator-seulgi-v1/buildroot/output/host/var" --enable-shared --disable-static --disable-gtk-doc --disable-gtk-doc-html --disable-doc --disable-docs --disable-documentation --disable-debug --with-xmlto=no --with-fop=no --disable-nls --disable-dependency-tracking  --disable-defrag --disable-e2initrd-helper --disable-fuse2fs --disable-fsck --disable-libblkid --disable-libuuid --disable-testio-debug --enable-symlink-install --enable-elf-shlibs --with-crond-dir=no --with-udev-rules-dir=no --with-systemd-unit-dir=no )
configure: WARNING: unrecognized options: --enable-shared, --disable-static, --disable-gtk-doc, --disable-gtk-doc-html, --disable-doc, --disable-docs, --disable-documentation, --disable-debug, --with-xmlto, --with-fop, --disable-dependency-tracking
checking for gcc... /usr/bin/gcc
checking whether the C compiler works... yes
checking for C compiler default output file name... a.out
checking for suffix of executables... 
checking whether we are cross compiling... no
checking for suffix of object files... o
checking whether the compiler supports GNU C... yes
checking whether /usr/bin/gcc accepts -g... yes
checking for /usr/bin/gcc option to enable C11 features... none needed
checking for stdio.h... yes
checking for stdlib.h... yes
checking for string.h... yes
checking for inttypes.h... yes
checking for stdint.h... yes
checking for strings.h... yes
checking for sys/stat.h... yes
checking for sys/types.h... yes
checking for unistd.h... yes
checking for wchar.h... yes
checking for minix/config.h... no
checking whether it is safe to define __EXTENSIONS__... yes
checking whether _XOPEN_SOURCE should be defined... no
Generating configuration file for e2fsprogs version 1.47.4
Package version 1.47.4 release 
Release date is March, 2025
checking build system type... x86_64-pc-linux-gnu
checking host system type... x86_64-pc-linux-gnu
checking for dlopen in -ldl... yes
checking for gcc... (cached) /usr/bin/gcc
checking whether the compiler supports GNU C... (cached) yes
checking whether /usr/bin/gcc accepts -g... (cached) yes
checking for /usr/bin/gcc option to enable C11 features... (cached) none needed
checking how to run the C preprocessor... /usr/bin/cpp
checking for additional special compiler flags... (none)
Disabling maintainer mode by default
Enabling symlinks for install
Disabling relative symlinks for install by default
Disabling symlinks for build by default
Disabling verbose make commands
Enabling ELF shared libraries
Disabling BSD shared libraries by default
Disabling profiling libraries by default
Disabling journal debugging by default
Disabling blkid debugging by default
Disabling testio debugging
Disabling ext4 developer features by default
checking pkg-config is at least version 0.9.0... yes
checking for uuid_generate in -luuid... yes
Disabling private uuid library
checking pkg-config is at least version 0.9.0... yes
checking for blkid_get_cache in -lblkid... yes
Disabling private blkid library
Enabling use of backtrace by default
Enabling debugfs support by default
Enabling e2image support by default
Enabling e2resize support by default
Disabling e4defrag support
Not building fsck wrapper
Not building e2initrd helper
Try using thread local support by default
checking for thread local storage (TLS) class... _Thread_local
Try testing for pthread support by default
checking for a sed that does not truncate output... /usr/bin/sed
checking for egrep -e... /usr/bin/grep -E
checking whether /usr/bin/gcc is Clang... no
checking whether pthreads work with "-pthread" and "-lpthread"... yes
checking for joinable pthread attribute... PTHREAD_CREATE_JOINABLE
checking whether more special flags are required for pthreads... no
checking for PTHREAD_PRIO_INHERIT... yes
Disabling uuidd by default
Enabling mmp support by default
Enabling tdb support by default
Enabling bitmap statistics support by default
Disabling additional bitmap statistics by default
checking whether make sets $(MAKE)... yes
checking for a BSD-compatible install... /usr/bin/install -c
checking for a race-free mkdir -p... /usr/bin/mkdir -p
checking whether NLS is requested... no
checking for msgfmt... /usr/bin/msgfmt
checking for gmsgfmt... /usr/bin/msgfmt
checking for xgettext... /usr/bin/xgettext
checking for msgmerge... /usr/bin/msgmerge
checking for ld... /usr/bin/ld
checking if the linker (/usr/bin/ld) is GNU ld... yes
checking for shared library run path origin... done
checking 32-bit host C ABI... no
checking for ELF binary format... yes
checking for the common suffixes of directories in the library search path... lib,lib,lib64
checking for CFPreferencesCopyAppValue... no
checking for CFLocaleCopyPreferredLanguages... no
checking whether to use NLS... no
checking whether make sets $(MAKE)... (cached) yes
checking for gawk... gawk
checking for GNU make... make
checking for ln... /usr/bin/ln
checking whether ln -s works... yes
checking for mv... /usr/bin/mv
checking for cp... /usr/bin/cp
checking for rm... /usr/bin/rm
checking for chmod... /usr/bin/chmod
checking for gawk... (cached) gawk
checking for grep that handles long lines and -e... /usr/bin/grep
checking for egrep... /usr/bin/grep -E
checking for sed... (cached) /usr/bin/sed
checking for perl... /usr/bin/perl
checking for ldconfig... (cached) true
checking for ar... /usr/bin/ar
checking for ranlib... /usr/bin/ranlib
checking for strip... strip
checking for makeinfo... no
checking for dirent.h... yes
checking for errno.h... yes
checking for execinfo.h... yes
checking for getopt.h... yes
checking for malloc.h... yes
checking for mntent.h... yes
checking for paths.h... yes
checking for pthread.h... yes
checking for semaphore.h... yes
checking for setjmp.h... yes
checking for signal.h... yes
checking for stdarg.h... yes
checking for stdint.h... (cached) yes
checking for stdlib.h... (cached) yes
checking for termios.h... yes
checking for termio.h... yes
checking for unistd.h... (cached) yes
checking for utime.h... yes
checking for attr/xattr.h... no
checking for linux/falloc.h... yes
checking for linux/fd.h... yes
checking for linux/fsmap.h... yes
checking for linux/fsverity.h... yes
checking for linux/major.h... yes
checking for linux/loop.h... yes
checking for linux/types.h... yes
checking for net/if_dl.h... no
checking for netinet/in.h... yes
checking for sys/acl.h... no
checking for sys/disklabel.h... no
checking for sys/disk.h... no
checking for sys/file.h... yes
checking for sys/ioctl.h... yes
checking for sys/key.h... no
checking for sys/mkdev.h... no
checking for sys/mman.h... yes
checking for sys/mount.h... yes
checking for sys/prctl.h... yes
checking for sys/random.h... yes
checking for sys/resource.h... yes
checking for sys/select.h... yes
checking for sys/socket.h... yes
checking for sys/sockio.h... no
checking for sys/stat.h... (cached) yes
checking for sys/syscall.h... yes
checking for sys/sysmacros.h... yes
checking for sys/time.h... yes
checking for sys/types.h... (cached) yes
checking for sys/un.h... yes
checking for sys/wait.h... yes
checking for sys/xattr.h... yes
checking for a dd(1) program that supports iflag=fullblock... dd
checking for net/if.h... yes
checking for vprintf... yes
checking for struct dirent.d_reclen... yes
checking for struct stat.st_atim... yes
checking for ssize_t... yes
checking for /usr/bin/gcc options needed to detect all undeclared functions... none needed
checking whether llseek is declared... no
checking whether lseek64 is declared... yes
checking whether fsmap_sizeof is declared... no
checking for -I/home/no/Desktop/github/riscv_emulator-seulgi-v1/buildroot/output/host/include option for large files... none needed
checking size of short... 2
checking size of int... 4
checking size of long... 8
checking size of long long... 8
checking size of off_t... 8
checking size of time_t... 8
checking size of void *... 8
checking whether byte ordering is bigendian... no
checking for __uNN types... using <asm/types.h>
checking for inttypes.h... (cached) yes
checking for intptr_t... yes
checking whether struct stat has a st_flags field... no
checking for struct sockaddr.sa_len... no
checking for blkid_probe_get_topology in -lblkid... yes
checking for blkid_topology_get_dax in -lblkid... yes
checking for blkid_probe_enable_partitions in -lblkid... yes
checking for __secure_getenv... no
checking for add_key... no
checking for backtrace... yes
checking for chflags... no
checking for dlopen... (cached) yes
checking for fadvise64... no
checking for fallocate... yes
checking for fallocate64... yes
checking for fchown... yes
checking for fcntl... yes
checking for fdatasync... yes
checking for fstat64... yes
checking for fsync... yes
checking for ftruncate64... yes
checking for futimes... yes
checking for getcwd... yes
checking for getdtablesize... yes
checking for getentropy... yes
checking for gethostname... yes
checking for getmntinfo... no
checking for getpwuid_r... yes
checking for getrandom... yes
checking for getrlimit... yes
checking for getrusage... yes
checking for jrand48... yes
checking for keyctl... no
checking for llistxattr... yes
checking for llseek... no
checking for lseek64... yes
checking for mallinfo... yes
checking for mallinfo2... yes
checking for mbstowcs... yes
checking for memalign... yes
checking for mempcpy... yes
checking for mmap... yes
checking for msync... yes
checking for nanosleep... yes
checking for open64... yes
checking for pathconf... yes
checking for posix_fadvise... yes
checking for posix_fadvise64... yes
checking for posix_memalign... yes
checking for prctl... yes
checking for pread... yes
checking for pwrite... yes
checking for pread64... yes
checking for pwrite64... yes
checking for qsort_r... yes
checking for secure_getenv... yes
checking for setmntent... yes
checking for setresgid... yes
checking for setresuid... yes
checking for snprintf... yes
checking for srandom... yes
checking for stpcpy... yes
checking for strcasecmp... yes
checking for strdup... yes
checking for strnlen... yes
checking for strptime... yes
checking for strtoull... yes
checking for sync_file_range... yes
checking for sysconf... yes
checking for usleep... yes
checking for utime... yes
checking for utimes... yes
checking for valloc... yes
checking for socket in -lsocket... no
checking for magic_file in -lmagic... no
Try testing for libarchive support (with dlopen) by default
checking for libarchive... no
checking for archive_read_new in -larchive... no
checking for clock_gettime in -lrt... yes
Disabling fuse2fs
checking for optreset... no
GL_THREADS_API:
checking for sem_init... yes
checking whether qsort_r is GNU version... yes
checking whether qsort_r is BSD version... no
checking for unified diff option... -u
checking for mount 'nosuid' option... yes
checking for mount 'nodev' option... yes
Setting root_sysconfdir to /home/no/Desktop/github/riscv_emulator-seulgi-v1/buildroot/output/host/etc
checking whether we can link with -static... yes
checking for FS_IOC_READ_VERITY_METADATA ioctl... yes
configure: creating ./config.status
config.status: creating MCONFIG
config.status: creating Makefile
config.status: creating util/Makefile
config.status: creating util/subst.conf
config.status: creating util/gen-tarball
config.status: creating util/install-symlink
config.status: creating lib/et/Makefile
config.status: creating lib/ss/Makefile
config.status: creating lib/e2p/Makefile
config.status: creating lib/ext2fs/Makefile
config.status: creating lib/ext2fs/ext2_types.h
config.status: creating lib/support/Makefile
config.status: creating lib/ss/ss.pc
config.status: creating lib/et/com_err.pc
config.status: creating lib/e2p/e2p.pc
config.status: creating lib/ext2fs/ext2fs.pc
config.status: creating misc/Makefile
config.status: creating ext2ed/Makefile
config.status: creating e2fsck/Makefile
config.status: creating debugfs/Makefile
config.status: creating tests/Makefile
config.status: creating tests/progs/Makefile
config.status: creating tests/fuzz/Makefile
config.status: creating resize/Makefile
config.status: creating doc/Makefile
config.status: creating po/Makefile.in
config.status: creating scrub/Makefile
config.status: creating lib/config.h
config.status: executing po-directories commands
config.status: creating po/POTFILES
config.status: creating po/Makefile
configure: WARNING: unrecognized options: --enable-shared, --disable-static, --disable-gtk-doc, --disable-gtk-doc-html, --disable-doc, --disable-docs, --disable-documentation, --disable-debug, --with-xmlto, --with-fop, --disable-dependency-tracking
>>> host-e2fsprogs 1.47.4 Building
GIT_DIR=. PATH="/home/no/Desktop/github/riscv_emulator-seulgi-v1/buildroot/output/host/bin:/home/no/Desktop/github/riscv_emulator-seulgi-v1/buildroot/output/host/sbin:/home/no/.local/bin:/home/no/.local/bin:/home/no/bin:/media/no/b7ced73c-5231-4462-b98d-64e38fe2df9e/home/jbez/Desktop/!.📶️.SHARE]/!.🦾️].fullsharezip/💪🏾️].no-desk.sharezip/📲️📵️.GTFO.flxbx.📦️arcbit♏️/#.⛷️LOOSE-TANGENT]2wild]🎄️⛷️/🪆️.a0/📟️.a0/🎓️/🧼️/🥌️🗡️🛡️🧷️/🛡️.ARMOR.OF.WAR.NOW!]a1/🌐️🗺️🧫️.voxel_sphere_lab]a0/2.Mid.urf.PLAY]loglev]🪓️🤓️🪄️🪵️a0/🧪️]jul8.🏚️.®™]d10/jl69.🥡️.®™]🟦🟥️🟨️]a0/!.🚦️🏎️🏎️🏎️]a3]GOIN!/Fas7.🥡️.®™]🔳️⏹️]E6/earf.🌎️.®™/Lnd1.🏝️.®™/crsr.🗡️.®™]g10📌️/env0🥡️.®™]a0📌️/home.🥡️.®™]a0📌️/!.inst.🫕️.®™/+x/:/home/no/.grok/bin:/home/no/.opencode/bin:/home/no/.local/bin:/usr/local/bin:/usr/local/qt4/bin:/usr/local/qt4/bin:/home/no/.nvm/versions/node/v22.11.0/bin:/home/no/.local/bin:/home/no/.cargo/bin:/home/no/.local/bin:/home/no/bin:/media/no/b7ced73c-5231-4462-b98d-64e38fe2df9e/home/jbez/Desktop/!.📶️.SHARE]/!.🦾️].fullsharezip/💪🏾️].no-desk.sharezip/📲️📵️.GTFO.flxbx.📦️arcbit♏️/#.⛷️LOOSE-TANGENT]2wild]🎄️⛷️/🪆️.a0/📟️.a0/🎓️/🧼️/🥌️🗡️🛡️🧷️/🛡️.ARMOR.OF.WAR.NOW!]a1/🌐️🗺️🧫️.voxel_sphere_lab]a0/2.Mid.urf.PLAY]loglev]🪓️🤓️🪄️🪵️a0/🧪️]jul8.🏚️.®™]d10/jl69.🥡️.®™]🟦🟥️🟨️]a0/!.🚦️🏎️🏎️🏎️]a3]GOIN!/Fas7.🥡️.®™]🔳️⏹️]E6/earf.🌎️.®™/Lnd1.🏝️.®™/crsr.🗡️.®™]g10📌️/env0🥡️.®™]a0📌️/home.🥡️.®™]a0📌️/!.inst.🫕️.®™/+x/:/usr/local/sbin:/usr/local/bin:/usr/sbin:/usr/bin:/sbin:/bin:/usr/games:/usr/local/games:/snap/bin:/snap/bin:/home/no/.local/bin:/home/no/.lmstudio/bin:/home/no/.lmstudio/bin:/home/no/.lmstudio/bin" PKG_CONFIG="/home/no/Desktop/github/riscv_emulator-seulgi-v1/buildroot/output/host/bin/pkg-config" PKG_CONFIG_SYSROOT_DIR="/" PKG_CONFIG_ALLOW_SYSTEM_CFLAGS=1 PKG_CONFIG_ALLOW_SYSTEM_LIBS=1 PKG_CONFIG_LIBDIR="/home/no/Desktop/github/riscv_emulator-seulgi-v1/buildroot/output/host/lib/pkgconfig:/home/no/Desktop/github/riscv_emulator-seulgi-v1/buildroot/output/host/share/pkgconfig"  /usr/bin/make   -C /home/no/Desktop/github/riscv_emulator-seulgi-v1/buildroot/output/build/host-e2fsprogs-1.47.4/
cd ./util ; /usr/bin/make subst
cd ./util ; /usr/bin/make symlinks
	CREATE dirpaths.h
	CC symlinks.c
	CC subst.c
	LD symlinks
	LD subst
make[3]: 'util/subst.conf' is up to date.
make[3]: 'lib/config.h' is up to date.
	SUBST lib/dirpaths.h
cd .; CONFIG_FILES=./lib/ext2fs/ext2_types.h ./config.status
config.status: creating ./lib/ext2fs/ext2_types.h
config.status: creating lib/config.h
config.status: lib/config.h is unchanged
config.status: executing po-directories commands
cd .; CONFIG_FILES=./lib/blkid/blkid_types.h ./config.status
config.status: creating ./lib/blkid/blkid_types.h
config.status: creating lib/config.h
config.status: lib/config.h is unchanged
config.status: executing po-directories commands
cd .; CONFIG_FILES=./lib/uuid/uuid_types.h ./config.status
config.status: creating ./lib/uuid/uuid_types.h
config.status: creating lib/config.h
config.status: lib/config.h is unchanged
config.status: executing po-directories commands
	SUBST compile_et
	SUBST ext2_err.et
	COMPILE_ET ext2_err.et
	COMPILE_ET prof_err.et
/usr/bin/make libs
make[4]: 'util/subst.conf' is up to date.
make[4]: 'lib/config.h' is up to date.
make[4]: 'lib/dirpaths.h' is up to date.
make[4]: 'lib/ext2fs/ext2_types.h' is up to date.
make[4]: 'lib/blkid/blkid_types.h' is up to date.
make[4]: 'lib/uuid/uuid_types.h' is up to date.
make[4]: 'compile_et' is up to date.
make[4]: 'ext2_err.h' is up to date.
make[4]: 'prof_err.h' is up to date.
making all in lib/et
	MKDIR elfshared
	CC error_message.c
	CC et_name.c
	CC init_et.c
	CC com_err.c
	CC com_right.c
	GEN_LIB libcom_err.a
	GEN_ELF_SOLIB libcom_err.so.2.1
making all in lib/ss
	SUBST mk_cmds
	COMPILE_ET ss_err.et
	MK_CMDS std_rqs.c
	COMPILE_ET ss_err.et
	MKDIR elfshared
	CC std_rqs.c
	CC invocation.c
	CC help.c
	CC execute_cmd.c
	CC listen.c
	CC parse.c
	CC error.c
	CC prompt.c
	CC request_tbl.c
	CC list_rqs.c
	CC pager.c
	CC requests.c
	CC data.c
	CC get_readline.c
	CC ss_err.c
	GEN_LIB libss.a
	GEN_ELF_SOLIB libss.so.2.0
making all in lib/e2p
	MKDIR elfshared
	CC feature.c
	CC fgetflags.c
	CC fsetflags.c
	CC fgetversion.c
	CC fsetversion.c
	CC getflags.c
	CC getversion.c
	CC hashstr.c
	CC iod.c
	CC ls.c
	CC ljs.c
	CC mntopts.c
	CC parse_num.c
	CC pe.c
	CC pf.c
	CC ps.c
	CC setflags.c
	CC setversion.c
	CC uuid.c
	CC ostype.c
	CC percent.c
	CC crypto_mode.c
	CC fgetproject.c
	CC fsetproject.c
	CC encoding.c
	CC errcode.c
	GEN_LIB libe2p.a
	GEN_ELF_SOLIB libe2p.so.2.3
making all in lib/support
	CC cstring.c
	CC mkquota.c
	CC plausible.c
	CC profile.c
	CC parse_qtype.c
	CC print_fs_flags.c
	CC profile_helpers.c
	CC prof_err.c
	CC quotaio.c
	CC quotaio_v2.c
	CC quotaio_tree.c
	CC dict.c
	CC devname.c
	GEN_LIB libsupport.a
making all in lib/ext2fs
	CC gen_crc32ctable
	MKDIR elfshared
	CC bb_compat.c
	CC inode_io.c
	CC write_bb_file.c
	CC dupfs.c
	CC imager.c
	CC ext2_err.c
	CC alloc.c
	CC alloc_sb.c
	CC alloc_stats.c
	CC alloc_tables.c
	CC atexit.c
	CC badblocks.c
	CC bb_inode.c
	CC bitmaps.c
	CC bitops.c
	CC blkmap64_ba.c
	CC blkmap64_rb.c
	CC blknum.c
	CC block.c
	CC bmap.c
	CC check_desc.c
	CC closefs.c
	CC crc16.c
	GEN32CTABLE crc32c_table.h
	CC csum.c
	CC dblist.c
	CC dblist_dir.c
	CC dirblock.c
	CC dirhash.c
	CC dir_iterate.c
	CC expanddir.c
	CC ext_attr.c
	CC extent.c
	CC fallocate.c
	CC fileio.c
	CC finddev.c
	CC flushb.c
	CC freefs.c
	CC gen_bitmap.c
	CC gen_bitmap64.c
	CC get_num_dirs.c
	CC get_pathname.c
	CC getenv.c
	CC getsize.c
	CC getsectsize.c
	CC hashmap.c
	CC i_block.c
	CC icount.c
	CC ind_block.c
	CC initialize.c
	CC inline.c
	CC inline_data.c
	CC inode.c
	CC io_manager.c
	CC ismounted.c
	CC link.c
	CC llseek.c
	CC lookup.c
	CC mkdir.c
	CC mkjournal.c
	CC mmp.c
	CC namei.c
	CC native.c
	CC newdir.c
	CC nls_utf8.c
	CC openfs.c
	CC orphan.c
	CC progress.c
	CC punch.c
	CC qcow2.c
	CC read_bb.c
	CC read_bb_file.c
	CC res_gdt.c
	CC rw_bitmaps.c
	CC sha512.c
	CC swapfs.c
	CC symlink.c
	CC tdb.c
	CC undo_io.c
	CC unix_io.c
	CC sparse_io.c
	CC unlink.c
	CC valid_blk.c
	CC version.c
	CC rbtree.c
	CC crc32c.c
	GEN_LIB libext2fs.a
	GEN_ELF_SOLIB libext2fs.so.2.4
/usr/bin/make progs
make[4]: 'util/subst.conf' is up to date.
make[4]: 'lib/config.h' is up to date.
make[4]: 'lib/dirpaths.h' is up to date.
make[4]: 'lib/ext2fs/ext2_types.h' is up to date.
make[4]: 'lib/blkid/blkid_types.h' is up to date.
make[4]: 'lib/uuid/uuid_types.h' is up to date.
make[4]: 'compile_et' is up to date.
make[4]: 'ext2_err.h' is up to date.
make[4]: 'prof_err.h' is up to date.
making all in lib/et
make[4]: Nothing to be done for 'all'.
making all in lib/ss
make[4]: Nothing to be done for 'all'.
making all in lib/e2p
make[4]: Nothing to be done for 'all'.
making all in lib/support
make[4]: Nothing to be done for 'all'.
making all in lib/ext2fs
make[4]: Nothing to be done for 'all'.
making all in e2fsck
	CC unix.c
	CC e2fsck.c
	CC super.c
	CC pass1.c
	CC pass1b.c
	CC pass2.c
	CC pass3.c
	CC pass4.c
	CC pass5.c
	CC journal.c
	CC badblocks.c
	CC util.c
	CC dirinfo.c
	CC dx_dirinfo.c
	CC ehandler.c
	CC problem.c
	CC message.c
	CC quota.c
	CC recovery.c
	CC region.c
	CC revoke.c
	CC ea_refcount.c
	CC rehash.c
	CC logfile.c
	CC sigcatcher.c
	CC readahead.c
	CC extents.c
	CC encrypted_files.c
	SUBST e2fsck.8
	SUBST e2fsck.conf.5
	LD e2fsck
making all in debugfs
	MK_CMDS debug_cmds.c
	CC debugfs.c
	CC util.c
	CC ncheck.c
	CC icheck.c
	CC ls.c
	CC lsdel.c
	CC dump.c
	CC set_fields.c
	CC logdump.c
	CC htree.c
	CC unused.c
	CC e2freefrag.o
	CC filefrag.c
	MK_CMDS extent_cmds.c
	CC extent_inode.c
	CC zap.c
	CC create_inode.o
	CC create_inode_libarchive.o
	CC quota.c
	CC xattrs.c
	CC journal.c
	CC revoke.o
	CC recovery.o
	CC do_journal.c
	CC do_orphan.c
	SUBST debugfs.8
	CC debug_cmds.c
	CC extent_cmds.c
	LD debugfs
making all in misc
	CC mke2fs.c
	CC util.c
if test -f ./mke2fs.conf.custom.in ; then \
	cp ./mke2fs.conf.custom.in mke2fs.conf; \
else \
	cp ./mke2fs.conf.in mke2fs.conf; \
fi
	CC mk_hugefiles.c
	CC create_inode.c
	CC create_inode_libarchive.c
	CC badblocks.c
	CC tune2fs.c
	CC ../debugfs/journal.c
	CC ../e2fsck/recovery.c
	CC ../e2fsck/revoke.c
	CC dumpe2fs.c
	CC logsave.c
	CC e2image.c
	CC e2undo.c
	CC chattr.c
	CC lsattr.c
	CC mklost+found.c
lsattr.c: In function ‘lsattr_dir_proc’:
lsattr.c:158:35: warning: ‘%s’ directive output between 0 and 1073741824 bytes may cause result to exceed ‘INT_MAX’ [-Wformat-overflow=]
  158 |                 sprintf (path, "%s%s", dir_name, de->d_name);
      |                                   ^~
In file included from /usr/include/stdio.h:894,
                 from lsattr.c:35:
/usr/include/x86_64-linux-gnu/bits/stdio2.h:38:10: note: ‘__builtin___sprintf_chk’ output between 2 and 2147483649 bytes into a destination of size 2147483650
   38 |   return __builtin___sprintf_chk (__s, __USE_FORTIFY_LEVEL - 1,
      |          ^~~~~~~~~~~~~~~~~~~~~~~~~~~~~~~~~~~~~~~~~~~~~~~~~~~~~~
   39 |                                   __glibc_objsize (__s), __fmt,
      |                                   ~~~~~~~~~~~~~~~~~~~~~~~~~~~~~
   40 |                                   __va_arg_pack ());
      |                                   ~~~~~~~~~~~~~~~~~
lsattr.c:160:36: warning: ‘%s’ directive output between 0 and 1073741824 bytes may cause result to exceed ‘INT_MAX’ [-Wformat-overflow=]
  160 |                 sprintf (path, "%s/%s", dir_name, de->d_name);
      |                                    ^~
In file included from /usr/include/stdio.h:894,
                 from lsattr.c:35:
/usr/include/x86_64-linux-gnu/bits/stdio2.h:38:10: note: ‘__builtin___sprintf_chk’ output between 2 and 2147483650 bytes into a destination of size 2147483650
   38 |   return __builtin___sprintf_chk (__s, __USE_FORTIFY_LEVEL - 1,
      |          ^~~~~~~~~~~~~~~~~~~~~~~~~~~~~~~~~~~~~~~~~~~~~~~~~~~~~~
   39 |                                   __glibc_objsize (__s), __fmt,
      |                                   ~~~~~~~~~~~~~~~~~~~~~~~~~~~~~
   40 |                                   __va_arg_pack ());
      |                                   ~~~~~~~~~~~~~~~~~
	CC filefrag.c
	CC e2freefrag.c
	CC e4crypt.c
	SUBST tune2fs.8
	SUBST mklost+found.8
	SUBST mke2fs.8
	SUBST dumpe2fs.8
	SUBST badblocks.8
	SUBST e2label.8
	SUBST e2image.8
	SUBST logsave.8
	SUBST filefrag.8
	SUBST e2freefrag.8
	SUBST e2undo.8
	SUBST e4crypt.8
	SUBST e2mmpstatus.8
	SUBST chattr.1
	SUBST lsattr.1
	SUBST mke2fs.conf.5
	SUBST ext4.5
	CC e2fuzz.c
	PROFILE_TO_C mke2fs.conf
	LD badblocks
	LD dumpe2fs
	LD logsave
	LD e2undo
	LD chattr
	LD lsattr
	LD mklost+found
	LD e2freefrag
	CC default_profile.c
	LD filefrag
	LD e2fuzz
	LD e4crypt
	LD e2image
	LD tune2fs
	LD mke2fs
making all in resize
	CC extent.c
	CC resize2fs.c
	CC main.c
	CC online.c
	CC resource_track.c
	CC sim_progress.c
	CC test_extent.c
	SUBST resize2fs.8
	LD test_extent
	LD resize2fs
making all in tests/progs
	CC test_icount.c
	MK_CMDS test_icount_cmds.c
	CC crcsum.c
	CC test_icount_cmds.c
	LD crcsum
	LD test_icount
making all in tests/fuzz
make[4]: Nothing to be done for 'all'.
making all in po
make[4]: Nothing to be done for 'all'.
making all in scrub
	SUBST e2scrub
	SUBST e2scrub_all
	SUBST e2scrub.8
	SUBST e2scrub_all.8
	SUBST e2scrub.conf
/usr/bin/make docs
	MAKEINFO libext2fs.info
Makeinfo is missing. Info documentation will not be built. ./libext2fs.texinfo
>>> host-e2fsprogs 1.47.4 Installing to host directory
GIT_DIR=. PATH="/home/no/Desktop/github/riscv_emulator-seulgi-v1/buildroot/output/host/bin:/home/no/Desktop/github/riscv_emulator-seulgi-v1/buildroot/output/host/sbin:/home/no/.local/bin:/home/no/.local/bin:/home/no/bin:/media/no/b7ced73c-5231-4462-b98d-64e38fe2df9e/home/jbez/Desktop/!.📶️.SHARE]/!.🦾️].fullsharezip/💪🏾️].no-desk.sharezip/📲️📵️.GTFO.flxbx.📦️arcbit♏️/#.⛷️LOOSE-TANGENT]2wild]🎄️⛷️/🪆️.a0/📟️.a0/🎓️/🧼️/🥌️🗡️🛡️🧷️/🛡️.ARMOR.OF.WAR.NOW!]a1/🌐️🗺️🧫️.voxel_sphere_lab]a0/2.Mid.urf.PLAY]loglev]🪓️🤓️🪄️🪵️a0/🧪️]jul8.🏚️.®™]d10/jl69.🥡️.®™]🟦🟥️🟨️]a0/!.🚦️🏎️🏎️🏎️]a3]GOIN!/Fas7.🥡️.®™]🔳️⏹️]E6/earf.🌎️.®™/Lnd1.🏝️.®™/crsr.🗡️.®™]g10📌️/env0🥡️.®™]a0📌️/home.🥡️.®™]a0📌️/!.inst.🫕️.®™/+x/:/home/no/.grok/bin:/home/no/.opencode/bin:/home/no/.local/bin:/usr/local/bin:/usr/local/qt4/bin:/usr/local/qt4/bin:/home/no/.nvm/versions/node/v22.11.0/bin:/home/no/.local/bin:/home/no/.cargo/bin:/home/no/.local/bin:/home/no/bin:/media/no/b7ced73c-5231-4462-b98d-64e38fe2df9e/home/jbez/Desktop/!.📶️.SHARE]/!.🦾️].fullsharezip/💪🏾️].no-desk.sharezip/📲️📵️.GTFO.flxbx.📦️arcbit♏️/#.⛷️LOOSE-TANGENT]2wild]🎄️⛷️/🪆️.a0/📟️.a0/🎓️/🧼️/🥌️🗡️🛡️🧷️/🛡️.ARMOR.OF.WAR.NOW!]a1/🌐️🗺️🧫️.voxel_sphere_lab]a0/2.Mid.urf.PLAY]loglev]🪓️🤓️🪄️🪵️a0/🧪️]jul8.🏚️.®™]d10/jl69.🥡️.®™]🟦🟥️🟨️]a0/!.🚦️🏎️🏎️🏎️]a3]GOIN!/Fas7.🥡️.®™]🔳️⏹️]E6/earf.🌎️.®™/Lnd1.🏝️.®™/crsr.🗡️.®™]g10📌️/env0🥡️.®™]a0📌️/home.🥡️.®™]a0📌️/!.inst.🫕️.®™/+x/:/usr/local/sbin:/usr/local/bin:/usr/sbin:/usr/bin:/sbin:/bin:/usr/games:/usr/local/games:/snap/bin:/snap/bin:/home/no/.local/bin:/home/no/.lmstudio/bin:/home/no/.lmstudio/bin:/home/no/.lmstudio/bin" PKG_CONFIG="/home/no/Desktop/github/riscv_emulator-seulgi-v1/buildroot/output/host/bin/pkg-config" PKG_CONFIG_SYSROOT_DIR="/" PKG_CONFIG_ALLOW_SYSTEM_CFLAGS=1 PKG_CONFIG_ALLOW_SYSTEM_LIBS=1 PKG_CONFIG_LIBDIR="/home/no/Desktop/github/riscv_emulator-seulgi-v1/buildroot/output/host/lib/pkgconfig:/home/no/Desktop/github/riscv_emulator-seulgi-v1/buildroot/output/host/share/pkgconfig" /usr/bin/make -j1  -C /home/no/Desktop/github/riscv_emulator-seulgi-v1/buildroot/output/build/host-e2fsprogs-1.47.4 install install-libs
make[2]: warning: -j1 forced in submake: resetting jobserver mode.
make[3]: 'util/subst.conf' is up to date.
make[3]: 'lib/config.h' is up to date.
make[3]: 'lib/dirpaths.h' is up to date.
make[3]: 'lib/ext2fs/ext2_types.h' is up to date.
make[3]: 'lib/blkid/blkid_types.h' is up to date.
make[3]: 'lib/uuid/uuid_types.h' is up to date.
make[3]: 'compile_et' is up to date.
make[3]: 'ext2_err.h' is up to date.
make[3]: 'prof_err.h' is up to date.
making all in lib/et
make[3]: Nothing to be done for 'all'.
making all in lib/ss
make[3]: Nothing to be done for 'all'.
making all in lib/e2p
make[3]: Nothing to be done for 'all'.
making all in lib/support
make[3]: Nothing to be done for 'all'.
making all in lib/ext2fs
make[3]: Nothing to be done for 'all'.
making install in e2fsck
	MKDIR_P /home/no/Desktop/github/riscv_emulator-seulgi-v1/buildroot/output/host/sbin /home/no/Desktop/github/riscv_emulator-seulgi-v1/buildroot/output/host/share/man/man8
	INSTALL /home/no/Desktop/github/riscv_emulator-seulgi-v1/buildroot/output/host/sbin/e2fsck
	LINK /home/no/Desktop/github/riscv_emulator-seulgi-v1/buildroot/output/host/sbin/fsck.ext2
	LINK /home/no/Desktop/github/riscv_emulator-seulgi-v1/buildroot/output/host/sbin/fsck.ext3
	LINK /home/no/Desktop/github/riscv_emulator-seulgi-v1/buildroot/output/host/sbin/fsck.ext4
	INSTALL_DATA /home/no/Desktop/github/riscv_emulator-seulgi-v1/buildroot/output/host/share/man/man8/e2fsck.8
	INSTALL_DATA /home/no/Desktop/github/riscv_emulator-seulgi-v1/buildroot/output/host/share/man/man5/e2fsck.conf.5
	LINK /home/no/Desktop/github/riscv_emulator-seulgi-v1/buildroot/output/host/share/man/man8/fsck.ext2.8
	LINK /home/no/Desktop/github/riscv_emulator-seulgi-v1/buildroot/output/host/share/man/man8/fsck.ext3.8
	LINK /home/no/Desktop/github/riscv_emulator-seulgi-v1/buildroot/output/host/share/man/man8/fsck.ext4.8
making install in debugfs
	MKDIR_P /home/no/Desktop/github/riscv_emulator-seulgi-v1/buildroot/output/host/sbin /home/no/Desktop/github/riscv_emulator-seulgi-v1/buildroot/output/host/share/man/man8
	INSTALL /home/no/Desktop/github/riscv_emulator-seulgi-v1/buildroot/output/host/sbin/debugfs
	INSTALL_DATA /home/no/Desktop/github/riscv_emulator-seulgi-v1/buildroot/output/host/share/man/man8/debugfs.8
making install in misc
	MKDIR_P /home/no/Desktop/github/riscv_emulator-seulgi-v1/buildroot/output/host/sbin /home/no/Desktop/github/riscv_emulator-seulgi-v1/buildroot/output/host/sbin /home/no/Desktop/github/riscv_emulator-seulgi-v1/buildroot/output/host/bin /home/no/Desktop/github/riscv_emulator-seulgi-v1/buildroot/output/host/share/man/man1 /home/no/Desktop/github/riscv_emulator-seulgi-v1/buildroot/output/host/share/man/man8 /home/no/Desktop/github/riscv_emulator-seulgi-v1/buildroot/output/host/lib /home/no/Desktop/github/riscv_emulator-seulgi-v1/buildroot/output/host/etc
	INSTALL /home/no/Desktop/github/riscv_emulator-seulgi-v1/buildroot/output/host/sbin/mke2fs
	INSTALL /home/no/Desktop/github/riscv_emulator-seulgi-v1/buildroot/output/host/sbin/badblocks
	INSTALL /home/no/Desktop/github/riscv_emulator-seulgi-v1/buildroot/output/host/sbin/tune2fs
	INSTALL /home/no/Desktop/github/riscv_emulator-seulgi-v1/buildroot/output/host/sbin/dumpe2fs
	INSTALL /home/no/Desktop/github/riscv_emulator-seulgi-v1/buildroot/output/host/sbin/logsave
	INSTALL /home/no/Desktop/github/riscv_emulator-seulgi-v1/buildroot/output/host/sbin/e2image
	INSTALL /home/no/Desktop/github/riscv_emulator-seulgi-v1/buildroot/output/host/sbin/e2undo
	INSTALL /home/no/Desktop/github/riscv_emulator-seulgi-v1/buildroot/output/host/sbin/mklost+found
	INSTALL /home/no/Desktop/github/riscv_emulator-seulgi-v1/buildroot/output/host/sbin/filefrag
	INSTALL /home/no/Desktop/github/riscv_emulator-seulgi-v1/buildroot/output/host/sbin/e2freefrag
	INSTALL /home/no/Desktop/github/riscv_emulator-seulgi-v1/buildroot/output/host/sbin/e4crypt
	LINK /home/no/Desktop/github/riscv_emulator-seulgi-v1/buildroot/output/host/sbin/mkfs.ext2
	LINK /home/no/Desktop/github/riscv_emulator-seulgi-v1/buildroot/output/host/sbin/mkfs.ext3
	LINK /home/no/Desktop/github/riscv_emulator-seulgi-v1/buildroot/output/host/sbin/mkfs.ext4
	INSTALL /home/no/Desktop/github/riscv_emulator-seulgi-v1/buildroot/output/host/bin/chattr
	INSTALL /home/no/Desktop/github/riscv_emulator-seulgi-v1/buildroot/output/host/bin/lsattr
	INSTALL_DATA /home/no/Desktop/github/riscv_emulator-seulgi-v1/buildroot/output/host/share/man/man8/tune2fs.8
	INSTALL_DATA /home/no/Desktop/github/riscv_emulator-seulgi-v1/buildroot/output/host/share/man/man8/mklost+found.8
	INSTALL_DATA /home/no/Desktop/github/riscv_emulator-seulgi-v1/buildroot/output/host/share/man/man8/mke2fs.8
	INSTALL_DATA /home/no/Desktop/github/riscv_emulator-seulgi-v1/buildroot/output/host/share/man/man8/dumpe2fs.8
	INSTALL_DATA /home/no/Desktop/github/riscv_emulator-seulgi-v1/buildroot/output/host/share/man/man8/badblocks.8
	INSTALL_DATA /home/no/Desktop/github/riscv_emulator-seulgi-v1/buildroot/output/host/share/man/man8/e2label.8
	INSTALL_DATA /home/no/Desktop/github/riscv_emulator-seulgi-v1/buildroot/output/host/share/man/man8/e2image.8
	INSTALL_DATA /home/no/Desktop/github/riscv_emulator-seulgi-v1/buildroot/output/host/share/man/man8/logsave.8
	INSTALL_DATA /home/no/Desktop/github/riscv_emulator-seulgi-v1/buildroot/output/host/share/man/man8/filefrag.8
	INSTALL_DATA /home/no/Desktop/github/riscv_emulator-seulgi-v1/buildroot/output/host/share/man/man8/e2freefrag.8
	INSTALL_DATA /home/no/Desktop/github/riscv_emulator-seulgi-v1/buildroot/output/host/share/man/man8/e2undo.8
	INSTALL_DATA /home/no/Desktop/github/riscv_emulator-seulgi-v1/buildroot/output/host/share/man/man8/e4crypt.8
	INSTALL_DATA /home/no/Desktop/github/riscv_emulator-seulgi-v1/buildroot/output/host/share/man/man8/e2mmpstatus.8
	LINK mkfs.ext2.8
	LINK mkfs.ext3.8
	LINK mkfs.ext4.8
	INSTALL_DATA /home/no/Desktop/github/riscv_emulator-seulgi-v1/buildroot/output/host/share/man/man1/chattr.1
	INSTALL_DATA /home/no/Desktop/github/riscv_emulator-seulgi-v1/buildroot/output/host/share/man/man1/lsattr.1
	INSTALL_DATA /home/no/Desktop/github/riscv_emulator-seulgi-v1/buildroot/output/host/share/man/man5/mke2fs.conf.5
	INSTALL_DATA /home/no/Desktop/github/riscv_emulator-seulgi-v1/buildroot/output/host/share/man/man5/ext4.5
	LINK ext2.5
	LINK ext3.5
	INSTALL_DATA /home/no/Desktop/github/riscv_emulator-seulgi-v1/buildroot/output/host/etc/mke2fs.conf
making install in resize
	MKDIR_P /home/no/Desktop/github/riscv_emulator-seulgi-v1/buildroot/output/host/sbin /home/no/Desktop/github/riscv_emulator-seulgi-v1/buildroot/output/host/share/man/man8
	INSTALL /home/no/Desktop/github/riscv_emulator-seulgi-v1/buildroot/output/host/sbin/resize2fs
	INSTALL_DATA /home/no/Desktop/github/riscv_emulator-seulgi-v1/buildroot/output/host/share/man/man8/resize2fs.8
making install in tests/progs
make[3]: Nothing to be done for 'install'.
making install in tests/fuzz
make[3]: Nothing to be done for 'install'.
making install in po
if test "e2fsprogs" = "gettext-tools"; then \
  /usr/bin/mkdir -p /home/no/Desktop/github/riscv_emulator-seulgi-v1/buildroot/output/host/share/gettext/po; \
  for file in Makefile.in.in remove-potcdate.sin quot.sed boldquot.sed en@quot.header en@boldquot.header insert-header.sin Rules-quot   Makevars.template; do \
    /usr/bin/install -c -m 644 ./$file \
		    /home/no/Desktop/github/riscv_emulator-seulgi-v1/buildroot/output/host/share/gettext/po/$file; \
  done; \
  for file in Makevars; do \
    rm -f /home/no/Desktop/github/riscv_emulator-seulgi-v1/buildroot/output/host/share/gettext/po/$file; \
  done; \
else \
  : ; \
fi
making install in scrub
	MKDIR_P /home/no/Desktop/github/riscv_emulator-seulgi-v1/buildroot/output/host/sbin /home/no/Desktop/github/riscv_emulator-seulgi-v1/buildroot/output/host/share/man/man8 /home/no/Desktop/github/riscv_emulator-seulgi-v1/buildroot/output/host/etc
	INSTALL /home/no/Desktop/github/riscv_emulator-seulgi-v1/buildroot/output/host/sbin/e2scrub
	INSTALL /home/no/Desktop/github/riscv_emulator-seulgi-v1/buildroot/output/host/sbin/e2scrub_all
	INSTALL_DATA /home/no/Desktop/github/riscv_emulator-seulgi-v1/buildroot/output/host/share/man/man8/e2scrub.8
	INSTALL_DATA /home/no/Desktop/github/riscv_emulator-seulgi-v1/buildroot/output/host/share/man/man8/e2scrub_all.8
	INSTALL_DATA /home/no/Desktop/github/riscv_emulator-seulgi-v1/buildroot/output/host/etc/e2scrub.conf
making install-shlibs in lib/et
	MKDIR_P /home/no/Desktop/github/riscv_emulator-seulgi-v1/buildroot/output/host/lib /home/no/Desktop/github/riscv_emulator-seulgi-v1/buildroot/output/host/lib
	INSTALL-ELF-LIB /home/no/Desktop/github/riscv_emulator-seulgi-v1/buildroot/output/host/lib/libcom_err.so.2.1
	SYMLINK /home/no/Desktop/github/riscv_emulator-seulgi-v1/buildroot/output/host/lib/libcom_err.so.2
	SYMLINK /home/no/Desktop/github/riscv_emulator-seulgi-v1/buildroot/output/host/lib/libcom_err.so
	LDCONFIG
making install-shlibs in lib/ss
	MKDIR_P /home/no/Desktop/github/riscv_emulator-seulgi-v1/buildroot/output/host/lib /home/no/Desktop/github/riscv_emulator-seulgi-v1/buildroot/output/host/lib
	INSTALL-ELF-LIB /home/no/Desktop/github/riscv_emulator-seulgi-v1/buildroot/output/host/lib/libss.so.2.0
	SYMLINK /home/no/Desktop/github/riscv_emulator-seulgi-v1/buildroot/output/host/lib/libss.so.2
	SYMLINK /home/no/Desktop/github/riscv_emulator-seulgi-v1/buildroot/output/host/lib/libss.so
	LDCONFIG
making install-shlibs in lib/e2p
	MKDIR_P /home/no/Desktop/github/riscv_emulator-seulgi-v1/buildroot/output/host/lib /home/no/Desktop/github/riscv_emulator-seulgi-v1/buildroot/output/host/lib
	INSTALL-ELF-LIB /home/no/Desktop/github/riscv_emulator-seulgi-v1/buildroot/output/host/lib/libe2p.so.2.3
	SYMLINK /home/no/Desktop/github/riscv_emulator-seulgi-v1/buildroot/output/host/lib/libe2p.so.2
	SYMLINK /home/no/Desktop/github/riscv_emulator-seulgi-v1/buildroot/output/host/lib/libe2p.so
	LDCONFIG
making install-shlibs in lib/support
make[3]: Nothing to be done for 'install-shlibs'.
making install-shlibs in lib/ext2fs
	MKDIR_P /home/no/Desktop/github/riscv_emulator-seulgi-v1/buildroot/output/host/lib /home/no/Desktop/github/riscv_emulator-seulgi-v1/buildroot/output/host/lib
	INSTALL-ELF-LIB /home/no/Desktop/github/riscv_emulator-seulgi-v1/buildroot/output/host/lib/libext2fs.so.2.4
	SYMLINK /home/no/Desktop/github/riscv_emulator-seulgi-v1/buildroot/output/host/lib/libext2fs.so.2
	SYMLINK /home/no/Desktop/github/riscv_emulator-seulgi-v1/buildroot/output/host/lib/libext2fs.so
	LDCONFIG
	MAKEINFO libext2fs.info
Makeinfo is missing. Info documentation will not be built. ./libext2fs.texinfo
	TEXI2DVI libext2fs.dvi
make[3]: texi2dvi: No such file or directory
make[3]: [Makefile:379: libext2fs.dvi] Error 127 (ignored)
	MKDIR_P /home/no/Desktop/github/riscv_emulator-seulgi-v1/buildroot/output/host/share/info
	INSTALL_DATA /home/no/Desktop/github/riscv_emulator-seulgi-v1/buildroot/output/host/share/info/libext2fs.info*
/usr/bin/install: cannot stat 'libext2fs.info*': No such file or directory
make[3]: [Makefile:363: install-doc-libs] Error 1 (ignored)
	GZIP /home/no/Desktop/github/riscv_emulator-seulgi-v1/buildroot/output/host/share/info/libext2fs.info*
gzip: /home/no/Desktop/github/riscv_emulator-seulgi-v1/buildroot/output/host/share/info/libext2fs.info*: No such file or directory
make[3]: [Makefile:365: install-doc-libs] Error 1 (ignored)
/usr/bin/make install-libs
making install in lib/et
	MKDIR_P /home/no/Desktop/github/riscv_emulator-seulgi-v1/buildroot/output/host/lib /home/no/Desktop/github/riscv_emulator-seulgi-v1/buildroot/output/host/lib
	INSTALL-ELF-LIB /home/no/Desktop/github/riscv_emulator-seulgi-v1/buildroot/output/host/lib/libcom_err.so.2.1
	SYMLINK /home/no/Desktop/github/riscv_emulator-seulgi-v1/buildroot/output/host/lib/libcom_err.so.2
	SYMLINK /home/no/Desktop/github/riscv_emulator-seulgi-v1/buildroot/output/host/lib/libcom_err.so
	LDCONFIG
	MKDIR_P /home/no/Desktop/github/riscv_emulator-seulgi-v1/buildroot/output/host/lib /home/no/Desktop/github/riscv_emulator-seulgi-v1/buildroot/output/host/include/et /home/no/Desktop/github/riscv_emulator-seulgi-v1/buildroot/output/host/share/et /home/no/Desktop/github/riscv_emulator-seulgi-v1/buildroot/output/host/bin /home/no/Desktop/github/riscv_emulator-seulgi-v1/buildroot/output/host/share/man/man1 /home/no/Desktop/github/riscv_emulator-seulgi-v1/buildroot/output/host/share/man/man3
	INSTALL_DATA /home/no/Desktop/github/riscv_emulator-seulgi-v1/buildroot/output/host/lib/libcom_err.a
	INSTALL_DATA /home/no/Desktop/github/riscv_emulator-seulgi-v1/buildroot/output/host/include/et/com_err.h
	INSTALL_DATA /home/no/Desktop/github/riscv_emulator-seulgi-v1/buildroot/output/host/share/et/et_c.awk
	INSTALL_DATA /home/no/Desktop/github/riscv_emulator-seulgi-v1/buildroot/output/host/share/et/et_h.awk
	INSTALL_SCRIPT /home/no/Desktop/github/riscv_emulator-seulgi-v1/buildroot/output/host/bin/compile_et
	INSTALL_DATA /home/no/Desktop/github/riscv_emulator-seulgi-v1/buildroot/output/host/share/man/man3/com_err.3
	INSTALL_DATA /home/no/Desktop/github/riscv_emulator-seulgi-v1/buildroot/output/host/share/man/man1/compile_et.1
	INSTALL_DATA /home/no/Desktop/github/riscv_emulator-seulgi-v1/buildroot/output/host/lib/pkgconfig/com_err.pc
making install in lib/ss
	MKDIR_P /home/no/Desktop/github/riscv_emulator-seulgi-v1/buildroot/output/host/lib /home/no/Desktop/github/riscv_emulator-seulgi-v1/buildroot/output/host/lib
	INSTALL-ELF-LIB /home/no/Desktop/github/riscv_emulator-seulgi-v1/buildroot/output/host/lib/libss.so.2.0
	SYMLINK /home/no/Desktop/github/riscv_emulator-seulgi-v1/buildroot/output/host/lib/libss.so.2
	SYMLINK /home/no/Desktop/github/riscv_emulator-seulgi-v1/buildroot/output/host/lib/libss.so
	LDCONFIG
	MKDIR_P /home/no/Desktop/github/riscv_emulator-seulgi-v1/buildroot/output/host/lib /home/no/Desktop/github/riscv_emulator-seulgi-v1/buildroot/output/host/include/ss /home/no/Desktop/github/riscv_emulator-seulgi-v1/buildroot/output/host/share/ss /home/no/Desktop/github/riscv_emulator-seulgi-v1/buildroot/output/host/bin /home/no/Desktop/github/riscv_emulator-seulgi-v1/buildroot/output/host/lib/pkgconfig /home/no/Desktop/github/riscv_emulator-seulgi-v1/buildroot/output/host/share/man/man1
	INSTALL_DATA /home/no/Desktop/github/riscv_emulator-seulgi-v1/buildroot/output/host/lib/libss.a
	INSTALL_DATA /home/no/Desktop/github/riscv_emulator-seulgi-v1/buildroot/output/host/include/ss/ss.h
	INSTALL_DATA /home/no/Desktop/github/riscv_emulator-seulgi-v1/buildroot/output/host/include/ss/ss_err.h
	INSTALL_DATA /home/no/Desktop/github/riscv_emulator-seulgi-v1/buildroot/output/host/share/ss/ct_c.awk
	INSTALL_DATA /home/no/Desktop/github/riscv_emulator-seulgi-v1/buildroot/output/host/share/ss/ct_c.sed
	INSTALL /home/no/Desktop/github/riscv_emulator-seulgi-v1/buildroot/output/host/bin/mk_cmds
	INSTALL_DATA /home/no/Desktop/github/riscv_emulator-seulgi-v1/buildroot/output/host/share/man/man1/mk_cmds.1
	INSTALL_DATA /home/no/Desktop/github/riscv_emulator-seulgi-v1/buildroot/output/host/lib/pkgconfig/ss.pc
making install in lib/e2p
	MKDIR_P /home/no/Desktop/github/riscv_emulator-seulgi-v1/buildroot/output/host/lib /home/no/Desktop/github/riscv_emulator-seulgi-v1/buildroot/output/host/lib
	INSTALL-ELF-LIB /home/no/Desktop/github/riscv_emulator-seulgi-v1/buildroot/output/host/lib/libe2p.so.2.3
	SYMLINK /home/no/Desktop/github/riscv_emulator-seulgi-v1/buildroot/output/host/lib/libe2p.so.2
	SYMLINK /home/no/Desktop/github/riscv_emulator-seulgi-v1/buildroot/output/host/lib/libe2p.so
	LDCONFIG
	MKDIR_P /home/no/Desktop/github/riscv_emulator-seulgi-v1/buildroot/output/host/lib /home/no/Desktop/github/riscv_emulator-seulgi-v1/buildroot/output/host/include/e2p
	INSTALL_DATA /home/no/Desktop/github/riscv_emulator-seulgi-v1/buildroot/output/host/lib/libe2p.a
	INSTALL_DATA /home/no/Desktop/github/riscv_emulator-seulgi-v1/buildroot/output/host/include/e2p/e2p.h
	INSTALL_DATA /home/no/Desktop/github/riscv_emulator-seulgi-v1/buildroot/output/host/lib/pkgconfig/e2p.pc
making install in lib/support
make[4]: Nothing to be done for 'install'.
making install in lib/ext2fs
	MKDIR_P /home/no/Desktop/github/riscv_emulator-seulgi-v1/buildroot/output/host/lib /home/no/Desktop/github/riscv_emulator-seulgi-v1/buildroot/output/host/lib
	INSTALL-ELF-LIB /home/no/Desktop/github/riscv_emulator-seulgi-v1/buildroot/output/host/lib/libext2fs.so.2.4
	SYMLINK /home/no/Desktop/github/riscv_emulator-seulgi-v1/buildroot/output/host/lib/libext2fs.so.2
	SYMLINK /home/no/Desktop/github/riscv_emulator-seulgi-v1/buildroot/output/host/lib/libext2fs.so
	LDCONFIG
	MKDIR_P /home/no/Desktop/github/riscv_emulator-seulgi-v1/buildroot/output/host/lib /home/no/Desktop/github/riscv_emulator-seulgi-v1/buildroot/output/host/include/ext2fs
	INSTALL_DATA /home/no/Desktop/github/riscv_emulator-seulgi-v1/buildroot/output/host/lib/libext2fs.a
	INSTALL_DATA /home/no/Desktop/github/riscv_emulator-seulgi-v1/buildroot/output/host/include/ext2fs/bitops.h
	INSTALL_DATA /home/no/Desktop/github/riscv_emulator-seulgi-v1/buildroot/output/host/include/ext2fs/ext2fs.h
	INSTALL_DATA /home/no/Desktop/github/riscv_emulator-seulgi-v1/buildroot/output/host/include/ext2fs/ext2_io.h
	INSTALL_DATA /home/no/Desktop/github/riscv_emulator-seulgi-v1/buildroot/output/host/include/ext2fs/ext2_fs.h
	INSTALL_DATA /home/no/Desktop/github/riscv_emulator-seulgi-v1/buildroot/output/host/include/ext2fs/ext2_ext_attr.h
	INSTALL_DATA /home/no/Desktop/github/riscv_emulator-seulgi-v1/buildroot/output/host/include/ext2fs/ext3_extents.h
	INSTALL_DATA /home/no/Desktop/github/riscv_emulator-seulgi-v1/buildroot/output/host/include/ext2fs/tdb.h
	INSTALL_DATA /home/no/Desktop/github/riscv_emulator-seulgi-v1/buildroot/output/host/include/ext2fs/qcow2.h
	INSTALL_DATA /home/no/Desktop/github/riscv_emulator-seulgi-v1/buildroot/output/host/include/ext2fs/hashmap.h
	INSTALL_DATA /home/no/Desktop/github/riscv_emulator-seulgi-v1/buildroot/output/host/include/ext2fs/ext2_err.h
	INSTALL_DATA /home/no/Desktop/github/riscv_emulator-seulgi-v1/buildroot/output/host/include/ext2fs/ext2_types.h
	INSTALL_DATA /home/no/Desktop/github/riscv_emulator-seulgi-v1/buildroot/output/host/lib/pkgconfig/ext2fs.pc
making install in lib/et
	MKDIR_P /home/no/Desktop/github/riscv_emulator-seulgi-v1/buildroot/output/host/lib /home/no/Desktop/github/riscv_emulator-seulgi-v1/buildroot/output/host/lib
	INSTALL-ELF-LIB /home/no/Desktop/github/riscv_emulator-seulgi-v1/buildroot/output/host/lib/libcom_err.so.2.1
	SYMLINK /home/no/Desktop/github/riscv_emulator-seulgi-v1/buildroot/output/host/lib/libcom_err.so.2
	SYMLINK /home/no/Desktop/github/riscv_emulator-seulgi-v1/buildroot/output/host/lib/libcom_err.so
	LDCONFIG
	MKDIR_P /home/no/Desktop/github/riscv_emulator-seulgi-v1/buildroot/output/host/lib /home/no/Desktop/github/riscv_emulator-seulgi-v1/buildroot/output/host/include/et /home/no/Desktop/github/riscv_emulator-seulgi-v1/buildroot/output/host/share/et /home/no/Desktop/github/riscv_emulator-seulgi-v1/buildroot/output/host/bin /home/no/Desktop/github/riscv_emulator-seulgi-v1/buildroot/output/host/share/man/man1 /home/no/Desktop/github/riscv_emulator-seulgi-v1/buildroot/output/host/share/man/man3
	INSTALL_DATA /home/no/Desktop/github/riscv_emulator-seulgi-v1/buildroot/output/host/lib/libcom_err.a
	INSTALL_DATA /home/no/Desktop/github/riscv_emulator-seulgi-v1/buildroot/output/host/include/et/com_err.h
	INSTALL_DATA /home/no/Desktop/github/riscv_emulator-seulgi-v1/buildroot/output/host/share/et/et_c.awk
	INSTALL_DATA /home/no/Desktop/github/riscv_emulator-seulgi-v1/buildroot/output/host/share/et/et_h.awk
	INSTALL_SCRIPT /home/no/Desktop/github/riscv_emulator-seulgi-v1/buildroot/output/host/bin/compile_et
	INSTALL_DATA /home/no/Desktop/github/riscv_emulator-seulgi-v1/buildroot/output/host/share/man/man3/com_err.3
	INSTALL_DATA /home/no/Desktop/github/riscv_emulator-seulgi-v1/buildroot/output/host/share/man/man1/compile_et.1
	INSTALL_DATA /home/no/Desktop/github/riscv_emulator-seulgi-v1/buildroot/output/host/lib/pkgconfig/com_err.pc
making install in lib/ss
	MKDIR_P /home/no/Desktop/github/riscv_emulator-seulgi-v1/buildroot/output/host/lib /home/no/Desktop/github/riscv_emulator-seulgi-v1/buildroot/output/host/lib
	INSTALL-ELF-LIB /home/no/Desktop/github/riscv_emulator-seulgi-v1/buildroot/output/host/lib/libss.so.2.0
	SYMLINK /home/no/Desktop/github/riscv_emulator-seulgi-v1/buildroot/output/host/lib/libss.so.2
	SYMLINK /home/no/Desktop/github/riscv_emulator-seulgi-v1/buildroot/output/host/lib/libss.so
	LDCONFIG
	MKDIR_P /home/no/Desktop/github/riscv_emulator-seulgi-v1/buildroot/output/host/lib /home/no/Desktop/github/riscv_emulator-seulgi-v1/buildroot/output/host/include/ss /home/no/Desktop/github/riscv_emulator-seulgi-v1/buildroot/output/host/share/ss /home/no/Desktop/github/riscv_emulator-seulgi-v1/buildroot/output/host/bin /home/no/Desktop/github/riscv_emulator-seulgi-v1/buildroot/output/host/lib/pkgconfig /home/no/Desktop/github/riscv_emulator-seulgi-v1/buildroot/output/host/share/man/man1
	INSTALL_DATA /home/no/Desktop/github/riscv_emulator-seulgi-v1/buildroot/output/host/lib/libss.a
	INSTALL_DATA /home/no/Desktop/github/riscv_emulator-seulgi-v1/buildroot/output/host/include/ss/ss.h
	INSTALL_DATA /home/no/Desktop/github/riscv_emulator-seulgi-v1/buildroot/output/host/include/ss/ss_err.h
	INSTALL_DATA /home/no/Desktop/github/riscv_emulator-seulgi-v1/buildroot/output/host/share/ss/ct_c.awk
	INSTALL_DATA /home/no/Desktop/github/riscv_emulator-seulgi-v1/buildroot/output/host/share/ss/ct_c.sed
	INSTALL /home/no/Desktop/github/riscv_emulator-seulgi-v1/buildroot/output/host/bin/mk_cmds
	INSTALL_DATA /home/no/Desktop/github/riscv_emulator-seulgi-v1/buildroot/output/host/share/man/man1/mk_cmds.1
	INSTALL_DATA /home/no/Desktop/github/riscv_emulator-seulgi-v1/buildroot/output/host/lib/pkgconfig/ss.pc
making install in lib/e2p
	MKDIR_P /home/no/Desktop/github/riscv_emulator-seulgi-v1/buildroot/output/host/lib /home/no/Desktop/github/riscv_emulator-seulgi-v1/buildroot/output/host/lib
	INSTALL-ELF-LIB /home/no/Desktop/github/riscv_emulator-seulgi-v1/buildroot/output/host/lib/libe2p.so.2.3
	SYMLINK /home/no/Desktop/github/riscv_emulator-seulgi-v1/buildroot/output/host/lib/libe2p.so.2
	SYMLINK /home/no/Desktop/github/riscv_emulator-seulgi-v1/buildroot/output/host/lib/libe2p.so
	LDCONFIG
	MKDIR_P /home/no/Desktop/github/riscv_emulator-seulgi-v1/buildroot/output/host/lib /home/no/Desktop/github/riscv_emulator-seulgi-v1/buildroot/output/host/include/e2p
	INSTALL_DATA /home/no/Desktop/github/riscv_emulator-seulgi-v1/buildroot/output/host/lib/libe2p.a
	INSTALL_DATA /home/no/Desktop/github/riscv_emulator-seulgi-v1/buildroot/output/host/include/e2p/e2p.h
	INSTALL_DATA /home/no/Desktop/github/riscv_emulator-seulgi-v1/buildroot/output/host/lib/pkgconfig/e2p.pc
making install in lib/support
make[3]: Nothing to be done for 'install'.
making install in lib/ext2fs
	MKDIR_P /home/no/Desktop/github/riscv_emulator-seulgi-v1/buildroot/output/host/lib /home/no/Desktop/github/riscv_emulator-seulgi-v1/buildroot/output/host/lib
	INSTALL-ELF-LIB /home/no/Desktop/github/riscv_emulator-seulgi-v1/buildroot/output/host/lib/libext2fs.so.2.4
	SYMLINK /home/no/Desktop/github/riscv_emulator-seulgi-v1/buildroot/output/host/lib/libext2fs.so.2
	SYMLINK /home/no/Desktop/github/riscv_emulator-seulgi-v1/buildroot/output/host/lib/libext2fs.so
	LDCONFIG
	MKDIR_P /home/no/Desktop/github/riscv_emulator-seulgi-v1/buildroot/output/host/lib /home/no/Desktop/github/riscv_emulator-seulgi-v1/buildroot/output/host/include/ext2fs
	INSTALL_DATA /home/no/Desktop/github/riscv_emulator-seulgi-v1/buildroot/output/host/lib/libext2fs.a
	INSTALL_DATA /home/no/Desktop/github/riscv_emulator-seulgi-v1/buildroot/output/host/include/ext2fs/bitops.h
	INSTALL_DATA /home/no/Desktop/github/riscv_emulator-seulgi-v1/buildroot/output/host/include/ext2fs/ext2fs.h
	INSTALL_DATA /home/no/Desktop/github/riscv_emulator-seulgi-v1/buildroot/output/host/include/ext2fs/ext2_io.h
	INSTALL_DATA /home/no/Desktop/github/riscv_emulator-seulgi-v1/buildroot/output/host/include/ext2fs/ext2_fs.h
	INSTALL_DATA /home/no/Desktop/github/riscv_emulator-seulgi-v1/buildroot/output/host/include/ext2fs/ext2_ext_attr.h
	INSTALL_DATA /home/no/Desktop/github/riscv_emulator-seulgi-v1/buildroot/output/host/include/ext2fs/ext3_extents.h
	INSTALL_DATA /home/no/Desktop/github/riscv_emulator-seulgi-v1/buildroot/output/host/include/ext2fs/tdb.h
	INSTALL_DATA /home/no/Desktop/github/riscv_emulator-seulgi-v1/buildroot/output/host/include/ext2fs/qcow2.h
	INSTALL_DATA /home/no/Desktop/github/riscv_emulator-seulgi-v1/buildroot/output/host/include/ext2fs/hashmap.h
	INSTALL_DATA /home/no/Desktop/github/riscv_emulator-seulgi-v1/buildroot/output/host/include/ext2fs/ext2_err.h
	INSTALL_DATA /home/no/Desktop/github/riscv_emulator-seulgi-v1/buildroot/output/host/include/ext2fs/ext2_types.h
	INSTALL_DATA /home/no/Desktop/github/riscv_emulator-seulgi-v1/buildroot/output/host/lib/pkgconfig/ext2fs.pc
rm -f /home/no/Desktop/github/riscv_emulator-seulgi-v1/buildroot/output/host/bin/compile_et
>>> host-attr 2.6.0 Downloading
wget -nd -t 3 --connect-timeout=10 -O '/home/no/Desktop/github/riscv_emulator-seulgi-v1/buildroot/output/build/.attr-2.6.0.tar.xz.csfwCP/output' 'http://download.savannah.gnu.org/releases/attr/attr-2.6.0.tar.xz' 
--2026-09-15 11:14:31--  http://download.savannah.gnu.org/releases/attr/attr-2.6.0.tar.xz
Resolving download.savannah.gnu.org (download.savannah.gnu.org)... 2001:470:142:5::200, 209.51.188.200
Connecting to download.savannah.gnu.org (download.savannah.gnu.org)|2001:470:142:5::200|:80... connected.
HTTP request sent, awaiting response... 302 Moved Temporarily
Location: http://download-mirror.savannah.gnu.org/releases/attr/attr-2.6.0.tar.xz [following]
--2026-09-15 11:14:31--  http://download-mirror.savannah.gnu.org/releases/attr/attr-2.6.0.tar.xz
Resolving download-mirror.savannah.gnu.org (download-mirror.savannah.gnu.org)... 2001:470:142:5::200, 209.51.188.200
Reusing existing connection to [download.savannah.gnu.org]:80.
HTTP request sent, awaiting response... 200 OK
Length: 343608 (336K) [application/octet-stream]
Saving to: ‘/home/no/Desktop/github/riscv_emulator-seulgi-v1/buildroot/output/build/.attr-2.6.0.tar.xz.csfwCP/output’

     0K .......... .......... .......... .......... .......... 14%  240K 1s
    50K .......... .......... .......... .......... .......... 29%  548K 1s
   100K .......... .......... .......... .......... .......... 44% 57.2M 0s
   150K .......... .......... .......... .......... .......... 59%  390K 0s
   200K .......... .......... .......... .......... .......... 74% 1.34M 0s
   250K .......... .......... .......... .......... .......... 89% 41.0M 0s
   300K .......... .......... .......... .....                100% 70.5M=0.5s

2026-09-15 11:14:32 (719 KB/s) - ‘/home/no/Desktop/github/riscv_emulator-seulgi-v1/buildroot/output/build/.attr-2.6.0.tar.xz.csfwCP/output’ saved [343608/343608]

attr-2.6.0.tar.xz: OK (sha256: 6c8a2148a7b85043b68492bce43316b0e2e214fc4e628c7ede078e76e216330b)
>>> host-attr 2.6.0 Extracting
xzcat /home/no/Desktop/github/riscv_emulator-seulgi-v1/buildroot/dl/attr/attr-2.6.0.tar.xz | /home/no/Desktop/github/riscv_emulator-seulgi-v1/buildroot/output/host/bin/tar --strip-components=1 -C /home/no/Desktop/github/riscv_emulator-seulgi-v1/buildroot/output/build/host-attr-2.6.0   -xf -
>>> host-attr 2.6.0 Patching

Applying 0001-build-with-older-GCCs.patch using patch: 
patching file include/attributes.h
>>> host-attr 2.6.0 Updating config.sub and config.guess
for file in config.guess config.sub; do for i in $(find /home/no/Desktop/github/riscv_emulator-seulgi-v1/buildroot/output/build/host-attr-2.6.0 -name $file); do cp support/gnuconfig/$file $i; done; done
>>> host-attr 2.6.0 Patching libtool
patching file /home/no/Desktop/github/riscv_emulator-seulgi-v1/buildroot/output/build/host-attr-2.6.0/build-aux/ltmain.sh
Hunk #1 succeeded at 2992 (offset 305 lines).
Hunk #2 succeeded at 4673 (offset 396 lines).
Hunk #3 succeeded at 6980 (offset 426 lines).
Hunk #4 succeeded at 6990 (offset 426 lines).
Hunk #5 succeeded at 7290 (offset 433 lines).
Hunk #6 succeeded at 7595 (offset 446 lines).
Hunk #7 succeeded at 8602 (offset 490 lines).
Hunk #8 succeeded at 11139 (offset 429 lines).
>>> host-attr 2.6.0 Configuring
(cd /home/no/Desktop/github/riscv_emulator-seulgi-v1/buildroot/output/build/host-attr-2.6.0/ && rm -rf config.cache; GIT_DIR=. PATH="/home/no/Desktop/github/riscv_emulator-seulgi-v1/buildroot/output/host/bin:/home/no/Desktop/github/riscv_emulator-seulgi-v1/buildroot/output/host/sbin:/home/no/.local/bin:/home/no/.local/bin:/home/no/bin:/media/no/b7ced73c-5231-4462-b98d-64e38fe2df9e/home/jbez/Desktop/!.📶️.SHARE]/!.🦾️].fullsharezip/💪🏾️].no-desk.sharezip/📲️📵️.GTFO.flxbx.📦️arcbit♏️/#.⛷️LOOSE-TANGENT]2wild]🎄️⛷️/🪆️.a0/📟️.a0/🎓️/🧼️/🥌️🗡️🛡️🧷️/🛡️.ARMOR.OF.WAR.NOW!]a1/🌐️🗺️🧫️.voxel_sphere_lab]a0/2.Mid.urf.PLAY]loglev]🪓️🤓️🪄️🪵️a0/🧪️]jul8.🏚️.®™]d10/jl69.🥡️.®™]🟦🟥️🟨️]a0/!.🚦️🏎️🏎️🏎️]a3]GOIN!/Fas7.🥡️.®™]🔳️⏹️]E6/earf.🌎️.®™/Lnd1.🏝️.®™/crsr.🗡️.®™]g10📌️/env0🥡️.®™]a0📌️/home.🥡️.®™]a0📌️/!.inst.🫕️.®™/+x/:/home/no/.grok/bin:/home/no/.opencode/bin:/home/no/.local/bin:/usr/local/bin:/usr/local/qt4/bin:/usr/local/qt4/bin:/home/no/.nvm/versions/node/v22.11.0/bin:/home/no/.local/bin:/home/no/.cargo/bin:/home/no/.local/bin:/home/no/bin:/media/no/b7ced73c-5231-4462-b98d-64e38fe2df9e/home/jbez/Desktop/!.📶️.SHARE]/!.🦾️].fullsharezip/💪🏾️].no-desk.sharezip/📲️📵️.GTFO.flxbx.📦️arcbit♏️/#.⛷️LOOSE-TANGENT]2wild]🎄️⛷️/🪆️.a0/📟️.a0/🎓️/🧼️/🥌️🗡️🛡️🧷️/🛡️.ARMOR.OF.WAR.NOW!]a1/🌐️🗺️🧫️.voxel_sphere_lab]a0/2.Mid.urf.PLAY]loglev]🪓️🤓️🪄️🪵️a0/🧪️]jul8.🏚️.®™]d10/jl69.🥡️.®™]🟦🟥️🟨️]a0/!.🚦️🏎️🏎️🏎️]a3]GOIN!/Fas7.🥡️.®™]🔳️⏹️]E6/earf.🌎️.®™/Lnd1.🏝️.®™/crsr.🗡️.®™]g10📌️/env0🥡️.®™]a0📌️/home.🥡️.®™]a0📌️/!.inst.🫕️.®™/+x/:/usr/local/sbin:/usr/local/bin:/usr/sbin:/usr/bin:/sbin:/bin:/usr/games:/usr/local/games:/snap/bin:/snap/bin:/home/no/.local/bin:/home/no/.lmstudio/bin:/home/no/.lmstudio/bin:/home/no/.lmstudio/bin" PKG_CONFIG="/home/no/Desktop/github/riscv_emulator-seulgi-v1/buildroot/output/host/bin/pkg-config" PKG_CONFIG_SYSROOT_DIR="/" PKG_CONFIG_ALLOW_SYSTEM_CFLAGS=1 PKG_CONFIG_ALLOW_SYSTEM_LIBS=1 PKG_CONFIG_LIBDIR="/home/no/Desktop/github/riscv_emulator-seulgi-v1/buildroot/output/host/lib/pkgconfig:/home/no/Desktop/github/riscv_emulator-seulgi-v1/buildroot/output/host/share/pkgconfig" AR="/usr/bin/ar" AS="/usr/bin/as" LD="/usr/bin/ld" NM="/usr/bin/nm" CC="/usr/bin/gcc" GCC="/usr/bin/gcc" CXX="/usr/bin/g++" CPP="/usr/bin/cpp" OBJCOPY="/usr/bin/objcopy" RANLIB="/usr/bin/ranlib" CPPFLAGS="-I/home/no/Desktop/github/riscv_emulator-seulgi-v1/buildroot/output/host/include" CFLAGS="-O2 -I/home/no/Desktop/github/riscv_emulator-seulgi-v1/buildroot/output/host/include" CXXFLAGS="-O2 -I/home/no/Desktop/github/riscv_emulator-seulgi-v1/buildroot/output/host/include" LDFLAGS="-L/home/no/Desktop/github/riscv_emulator-seulgi-v1/buildroot/output/host/lib -Wl,-rpath,/home/no/Desktop/github/riscv_emulator-seulgi-v1/buildroot/output/host/lib" INTLTOOL_PERL=/usr/bin/perl  CONFIG_SITE=/dev/null ./configure --prefix="/home/no/Desktop/github/riscv_emulator-seulgi-v1/buildroot/output/host" --sysconfdir="/home/no/Desktop/github/riscv_emulator-seulgi-v1/buildroot/output/host/etc" --localstatedir="/home/no/Desktop/github/riscv_emulator-seulgi-v1/buildroot/output/host/var" --enable-shared --disable-static --disable-gtk-doc --disable-gtk-doc-html --disable-doc --disable-docs --disable-documentation --disable-debug --with-xmlto=no --with-fop=no --disable-nls --disable-dependency-tracking   )
configure: WARNING: unrecognized options: --disable-gtk-doc, --disable-gtk-doc-html, --disable-doc, --disable-docs, --disable-documentation, --with-xmlto, --with-fop
checking for a BSD-compatible install... /usr/bin/install -c
checking whether sleep supports fractional seconds... yes
checking filesystem timestamp resolution... 0.01
checking whether build environment is sane... yes
checking for a race-free mkdir -p... /usr/bin/mkdir -p
checking for gawk... gawk
checking whether make sets $(MAKE)... yes
checking whether make supports nested variables... yes
checking xargs -n works... yes
checking whether UID '1000' is supported by ustar format... yes
checking whether GID '1000' is supported by ustar format... yes
checking how to create a ustar tar archive... gnutar
checking build system type... x86_64-pc-linux-gnu
checking host system type... x86_64-pc-linux-gnu
checking for gcc... /usr/bin/gcc
checking whether the C compiler works... yes
checking for C compiler default output file name... a.out
checking for suffix of executables... 
checking whether we are cross compiling... no
checking for suffix of object files... o
checking whether the compiler supports GNU C... yes
checking whether /usr/bin/gcc accepts -g... yes
checking for /usr/bin/gcc option to enable C11 features... none needed
checking whether /usr/bin/gcc understands -c and -o together... yes
checking whether make supports the include directive... yes (GNU style)
checking dependency style of /usr/bin/gcc... none
checking for stdio.h... yes
checking for stdlib.h... yes
checking for string.h... yes
checking for inttypes.h... yes
checking for stdint.h... yes
checking for strings.h... yes
checking for sys/stat.h... yes
checking for sys/types.h... yes
checking for unistd.h... yes
checking for wchar.h... yes
checking for minix/config.h... no
checking whether it is safe to define __EXTENSIONS__... yes
checking whether _XOPEN_SOURCE should be defined... no
checking for an ANSI C-conforming const... yes
checking for mode_t... yes
checking whether __attribute__((visibility())) is supported... yes
checking for /usr/bin/gcc option to enable large file support... none needed
checking the archiver (/usr/bin/ar) interface... ar
checking how to print strings... printf
checking for a sed that does not truncate output... /usr/bin/sed
checking for grep that handles long lines and -e... /usr/bin/grep
checking for egrep... /usr/bin/grep -E
checking for fgrep... /usr/bin/grep -F
checking for ld used by /usr/bin/gcc... /usr/bin/ld
checking if the linker (/usr/bin/ld) is GNU ld... yes
checking for BSD- or MS-compatible name lister (nm)... /usr/bin/nm
checking the name lister (/usr/bin/nm) interface... BSD nm
checking whether ln -s works... yes
checking the maximum length of command line arguments... 1572864
checking how to convert x86_64-pc-linux-gnu file names to x86_64-pc-linux-gnu format... func_convert_file_noop
checking how to convert x86_64-pc-linux-gnu file names to toolchain format... func_convert_file_noop
checking for /usr/bin/ld option to reload object files... -r
checking for file... file
checking for objdump... objdump
checking how to recognize dependent libraries... pass_all
checking for dlltool... no
checking how to associate runtime and link libraries... printf %s\n
checking for ranlib... /usr/bin/ranlib
checking for archiver @FILE support... @
checking for strip... strip
checking command to parse /usr/bin/nm output from /usr/bin/gcc object... ok
checking for sysroot... no
checking for a working dd... /usr/bin/dd
checking how to truncate binary pipes... /usr/bin/dd bs=4096 count=1
checking for mt... mt
checking if mt is a manifest tool... no
checking for dlfcn.h... yes
checking for objdir... .libs
checking if /usr/bin/gcc supports -fno-rtti -fno-exceptions... no
checking for /usr/bin/gcc option to produce PIC... -fPIC -DPIC
checking if /usr/bin/gcc PIC flag -fPIC -DPIC works... yes
checking if /usr/bin/gcc static flag -static works... yes
checking if /usr/bin/gcc supports -c -o file.o... yes
checking if /usr/bin/gcc supports -c -o file.o... (cached) yes
checking whether the /usr/bin/gcc linker (/usr/bin/ld -m elf_x86_64) supports shared libraries... yes
checking whether -lc should be explicitly linked in... no
checking dynamic linker characteristics... GNU/Linux ld.so
checking how to hardcode library paths into programs... immediate
checking whether stripping libraries is possible... yes
checking if libtool supports shared libraries... yes
checking whether to build shared libraries... yes
checking whether to build static libraries... no
checking for openat2... no
checking for linux/openat2.h... yes
checking for /usr/bin/gcc options needed to detect all undeclared functions... none needed
checking whether __NR_openat2 is declared... yes
checking for getxattrat... no
checking for setxattrat... no
checking for listxattrat... no
checking for removexattrat... no
checking whether NLS is requested... no
checking for msgfmt... /usr/bin/msgfmt
checking for gmsgfmt... /usr/bin/msgfmt
checking for xgettext... /usr/bin/xgettext
checking for msgmerge... /usr/bin/msgmerge
checking for ld used by /usr/bin/gcc... /usr/bin/ld -m elf_x86_64
checking if the linker (/usr/bin/ld -m elf_x86_64) is GNU ld... yes
checking for shared library run path origin... done
checking how to run the C preprocessor... /usr/bin/cpp
checking for egrep -e... (cached) /usr/bin/grep -E
checking for CFPreferencesCopyAppValue... no
checking for CFLocaleCopyCurrent... no
checking whether to use NLS... no
checking whether __attribute__((__symver__())) is supported... yes
checking that generated files are newer than configure... done
configure: creating ./config.status
config.status: creating libattr.pc
config.status: creating Makefile
config.status: creating po/Makefile.in
config.status: creating include/config.h
config.status: executing depfiles commands
config.status: executing libtool commands
config.status: executing po-directories commands
config.status: creating po/POTFILES
config.status: creating po/Makefile
config.status: executing include/attr commands
configure: WARNING: unrecognized options: --disable-gtk-doc, --disable-gtk-doc-html, --disable-doc, --disable-docs, --disable-documentation, --with-xmlto, --with-fop
>>> host-attr 2.6.0 Building
GIT_DIR=. PATH="/home/no/Desktop/github/riscv_emulator-seulgi-v1/buildroot/output/host/bin:/home/no/Desktop/github/riscv_emulator-seulgi-v1/buildroot/output/host/sbin:/home/no/.local/bin:/home/no/.local/bin:/home/no/bin:/media/no/b7ced73c-5231-4462-b98d-64e38fe2df9e/home/jbez/Desktop/!.📶️.SHARE]/!.🦾️].fullsharezip/💪🏾️].no-desk.sharezip/📲️📵️.GTFO.flxbx.📦️arcbit♏️/#.⛷️LOOSE-TANGENT]2wild]🎄️⛷️/🪆️.a0/📟️.a0/🎓️/🧼️/🥌️🗡️🛡️🧷️/🛡️.ARMOR.OF.WAR.NOW!]a1/🌐️🗺️🧫️.voxel_sphere_lab]a0/2.Mid.urf.PLAY]loglev]🪓️🤓️🪄️🪵️a0/🧪️]jul8.🏚️.®™]d10/jl69.🥡️.®™]🟦🟥️🟨️]a0/!.🚦️🏎️🏎️🏎️]a3]GOIN!/Fas7.🥡️.®™]🔳️⏹️]E6/earf.🌎️.®™/Lnd1.🏝️.®™/crsr.🗡️.®™]g10📌️/env0🥡️.®™]a0📌️/home.🥡️.®™]a0📌️/!.inst.🫕️.®™/+x/:/home/no/.grok/bin:/home/no/.opencode/bin:/home/no/.local/bin:/usr/local/bin:/usr/local/qt4/bin:/usr/local/qt4/bin:/home/no/.nvm/versions/node/v22.11.0/bin:/home/no/.local/bin:/home/no/.cargo/bin:/home/no/.local/bin:/home/no/bin:/media/no/b7ced73c-5231-4462-b98d-64e38fe2df9e/home/jbez/Desktop/!.📶️.SHARE]/!.🦾️].fullsharezip/💪🏾️].no-desk.sharezip/📲️📵️.GTFO.flxbx.📦️arcbit♏️/#.⛷️LOOSE-TANGENT]2wild]🎄️⛷️/🪆️.a0/📟️.a0/🎓️/🧼️/🥌️🗡️🛡️🧷️/🛡️.ARMOR.OF.WAR.NOW!]a1/🌐️🗺️🧫️.voxel_sphere_lab]a0/2.Mid.urf.PLAY]loglev]🪓️🤓️🪄️🪵️a0/🧪️]jul8.🏚️.®™]d10/jl69.🥡️.®™]🟦🟥️🟨️]a0/!.🚦️🏎️🏎️🏎️]a3]GOIN!/Fas7.🥡️.®™]🔳️⏹️]E6/earf.🌎️.®™/Lnd1.🏝️.®™/crsr.🗡️.®™]g10📌️/env0🥡️.®™]a0📌️/home.🥡️.®™]a0📌️/!.inst.🫕️.®™/+x/:/usr/local/sbin:/usr/local/bin:/usr/sbin:/usr/bin:/sbin:/bin:/usr/games:/usr/local/games:/snap/bin:/snap/bin:/home/no/.local/bin:/home/no/.lmstudio/bin:/home/no/.lmstudio/bin:/home/no/.lmstudio/bin" PKG_CONFIG="/home/no/Desktop/github/riscv_emulator-seulgi-v1/buildroot/output/host/bin/pkg-config" PKG_CONFIG_SYSROOT_DIR="/" PKG_CONFIG_ALLOW_SYSTEM_CFLAGS=1 PKG_CONFIG_ALLOW_SYSTEM_LIBS=1 PKG_CONFIG_LIBDIR="/home/no/Desktop/github/riscv_emulator-seulgi-v1/buildroot/output/host/lib/pkgconfig:/home/no/Desktop/github/riscv_emulator-seulgi-v1/buildroot/output/host/share/pkgconfig"  /usr/bin/make   -C /home/no/Desktop/github/riscv_emulator-seulgi-v1/buildroot/output/build/host-attr-2.6.0/
Making all in po
make[3]: Nothing to be done for 'all'.
  CC       tools/attr.o
  CC       libattr/attr_copy_action.lo
  CC       libattr/attr_copy_check.lo
  CC       libattr/attr_copy_fd.lo
  CC       libattr/attr_copy_file.lo
  CC       libattr/libattr.lo
  CC       libattr/syscalls.lo
  CC       libmisc/getxattrat_compat.lo
  CC       libmisc/high_water_alloc.lo
  CC       libmisc/listxattrat_compat.lo
  CC       libmisc/proc-self-fd.lo
  CC       libmisc/next_line.lo
  CC       libmisc/quote.lo
  CC       libmisc/removexattrat_compat.lo
  CC       libmisc/setxattrat_compat.lo
  CC       libmisc/unquote.lo
  CC       libmisc/walk_tree.lo
  CC       libmisc/xattrat.lo
  CC       libmisc/openat2.lo
  CC       tools/getfattr.o
  CC       tools/setfattr.o
  CCLD     libattr.la
  CCLD     libmisc.la
  CCLD     attr
  CCLD     getfattr
  CCLD     setfattr
>>> host-attr 2.6.0 Installing to host directory
GIT_DIR=. PATH="/home/no/Desktop/github/riscv_emulator-seulgi-v1/buildroot/output/host/bin:/home/no/Desktop/github/riscv_emulator-seulgi-v1/buildroot/output/host/sbin:/home/no/.local/bin:/home/no/.local/bin:/home/no/bin:/media/no/b7ced73c-5231-4462-b98d-64e38fe2df9e/home/jbez/Desktop/!.📶️.SHARE]/!.🦾️].fullsharezip/💪🏾️].no-desk.sharezip/📲️📵️.GTFO.flxbx.📦️arcbit♏️/#.⛷️LOOSE-TANGENT]2wild]🎄️⛷️/🪆️.a0/📟️.a0/🎓️/🧼️/🥌️🗡️🛡️🧷️/🛡️.ARMOR.OF.WAR.NOW!]a1/🌐️🗺️🧫️.voxel_sphere_lab]a0/2.Mid.urf.PLAY]loglev]🪓️🤓️🪄️🪵️a0/🧪️]jul8.🏚️.®™]d10/jl69.🥡️.®™]🟦🟥️🟨️]a0/!.🚦️🏎️🏎️🏎️]a3]GOIN!/Fas7.🥡️.®™]🔳️⏹️]E6/earf.🌎️.®™/Lnd1.🏝️.®™/crsr.🗡️.®™]g10📌️/env0🥡️.®™]a0📌️/home.🥡️.®™]a0📌️/!.inst.🫕️.®™/+x/:/home/no/.grok/bin:/home/no/.opencode/bin:/home/no/.local/bin:/usr/local/bin:/usr/local/qt4/bin:/usr/local/qt4/bin:/home/no/.nvm/versions/node/v22.11.0/bin:/home/no/.local/bin:/home/no/.cargo/bin:/home/no/.local/bin:/home/no/bin:/media/no/b7ced73c-5231-4462-b98d-64e38fe2df9e/home/jbez/Desktop/!.📶️.SHARE]/!.🦾️].fullsharezip/💪🏾️].no-desk.sharezip/📲️📵️.GTFO.flxbx.📦️arcbit♏️/#.⛷️LOOSE-TANGENT]2wild]🎄️⛷️/🪆️.a0/📟️.a0/🎓️/🧼️/🥌️🗡️🛡️🧷️/🛡️.ARMOR.OF.WAR.NOW!]a1/🌐️🗺️🧫️.voxel_sphere_lab]a0/2.Mid.urf.PLAY]loglev]🪓️🤓️🪄️🪵️a0/🧪️]jul8.🏚️.®™]d10/jl69.🥡️.®™]🟦🟥️🟨️]a0/!.🚦️🏎️🏎️🏎️]a3]GOIN!/Fas7.🥡️.®™]🔳️⏹️]E6/earf.🌎️.®™/Lnd1.🏝️.®™/crsr.🗡️.®™]g10📌️/env0🥡️.®™]a0📌️/home.🥡️.®™]a0📌️/!.inst.🫕️.®™/+x/:/usr/local/sbin:/usr/local/bin:/usr/sbin:/usr/bin:/sbin:/bin:/usr/games:/usr/local/games:/snap/bin:/snap/bin:/home/no/.local/bin:/home/no/.lmstudio/bin:/home/no/.lmstudio/bin:/home/no/.lmstudio/bin" PKG_CONFIG="/home/no/Desktop/github/riscv_emulator-seulgi-v1/buildroot/output/host/bin/pkg-config" PKG_CONFIG_SYSROOT_DIR="/" PKG_CONFIG_ALLOW_SYSTEM_CFLAGS=1 PKG_CONFIG_ALLOW_SYSTEM_LIBS=1 PKG_CONFIG_LIBDIR="/home/no/Desktop/github/riscv_emulator-seulgi-v1/buildroot/output/host/lib/pkgconfig:/home/no/Desktop/github/riscv_emulator-seulgi-v1/buildroot/output/host/share/pkgconfig"  /usr/bin/make  install -C /home/no/Desktop/github/riscv_emulator-seulgi-v1/buildroot/output/build/host-attr-2.6.0/
Making install in po
if test "attr" = "gettext-tools"; then \
  /usr/bin/mkdir -p /home/no/Desktop/github/riscv_emulator-seulgi-v1/buildroot/output/host/share/gettext/po; \
  for file in Makefile.in.in remove-potcdate.sin quot.sed boldquot.sed en@quot.header en@boldquot.header insert-header.sin Rules-quot   Makevars.template; do \
    /usr/bin/install -c -m 644 ./$file \
		    /home/no/Desktop/github/riscv_emulator-seulgi-v1/buildroot/output/host/share/gettext/po/$file; \
  done; \
  for file in Makevars; do \
    rm -f /home/no/Desktop/github/riscv_emulator-seulgi-v1/buildroot/output/host/share/gettext/po/$file; \
  done; \
else \
  : ; \
fi
subst_install_header() { file=`echo "$1" | sed -e 's,^.*/,,'`; /usr/bin/sed -e "s/\<EXPORT\>/extern/" < "$1" > "include/$file.t" || exit 1; /usr/bin/mkdir -p "$2" || exit 1; /usr/bin/install -c -m 644 "include/$file.t" "$2/$file" || exit 1; rm -f "include/$file.t"; }; subst_install_header "include/attributes.h" "/home/no/Desktop/github/riscv_emulator-seulgi-v1/buildroot/output/host/include/attr"
subst_install_header() { file=`echo "$1" | sed -e 's,^.*/,,'`; /usr/bin/sed -e "s/\<EXPORT\>/extern/" < "$1" > "include/$file.t" || exit 1; /usr/bin/mkdir -p "$2" || exit 1; /usr/bin/install -c -m 644 "include/$file.t" "$2/$file" || exit 1; rm -f "include/$file.t"; }; subst_install_header "include/error_context.h" "/home/no/Desktop/github/riscv_emulator-seulgi-v1/buildroot/output/host/include/attr"
 /usr/bin/mkdir -p '/home/no/Desktop/github/riscv_emulator-seulgi-v1/buildroot/output/host/lib'
 /usr/bin/mkdir -p '/home/no/Desktop/github/riscv_emulator-seulgi-v1/buildroot/output/host/etc'
subst_install_header() { file=`echo "$1" | sed -e 's,^.*/,,'`; /usr/bin/sed -e "s/\<EXPORT\>/extern/" < "$1" > "include/$file.t" || exit 1; /usr/bin/mkdir -p "$2" || exit 1; /usr/bin/install -c -m 644 "include/$file.t" "$2/$file" || exit 1; rm -f "include/$file.t"; }; subst_install_header "include/libattr.h" "/home/no/Desktop/github/riscv_emulator-seulgi-v1/buildroot/output/host/include/attr"
 /bin/bash ./libtool   --mode=install /usr/bin/install -c   libattr.la '/home/no/Desktop/github/riscv_emulator-seulgi-v1/buildroot/output/host/lib'
 /usr/bin/mkdir -p '/home/no/Desktop/github/riscv_emulator-seulgi-v1/buildroot/output/host/share/doc/attr'
 /usr/bin/mkdir -p '/home/no/Desktop/github/riscv_emulator-seulgi-v1/buildroot/output/host/share/man/man1'
 /usr/bin/mkdir -p '/home/no/Desktop/github/riscv_emulator-seulgi-v1/buildroot/output/host/share/man/man3'
 /usr/bin/install -c -m 644 doc/CHANGES doc/COPYING doc/COPYING.LGPL '/home/no/Desktop/github/riscv_emulator-seulgi-v1/buildroot/output/host/share/doc/attr'
 /usr/bin/install -c -m 644 xattr.conf '/home/no/Desktop/github/riscv_emulator-seulgi-v1/buildroot/output/host/etc'
 /usr/bin/mkdir -p '/home/no/Desktop/github/riscv_emulator-seulgi-v1/buildroot/output/host/lib/pkgconfig'
 /usr/bin/install -c -m 644 man/man1/attr.1 man/man1/getfattr.1 man/man1/setfattr.1 '/home/no/Desktop/github/riscv_emulator-seulgi-v1/buildroot/output/host/share/man/man1'
 /usr/bin/install -c -m 644 man/man3/attr_get.3 man/man3/attr_list.3 man/man3/attr_multi.3 man/man3/attr_remove.3 man/man3/attr_set.3 '/home/no/Desktop/github/riscv_emulator-seulgi-v1/buildroot/output/host/share/man/man3'
 /usr/bin/install -c -m 644 libattr.pc '/home/no/Desktop/github/riscv_emulator-seulgi-v1/buildroot/output/host/lib/pkgconfig'
/usr/bin/make  install-data-hook
set -e; \
cd "/home/no/Desktop/github/riscv_emulator-seulgi-v1/buildroot/output/host/share/man"; \
for d in man/man1/attr.1 man/man1/getfattr.1 man/man1/setfattr.1 man/man3/attr_get.3 man/man3/attr_list.3 man/man3/attr_multi.3 man/man3/attr_remove.3 man/man3/attr_set.3; do \
	man_section=${d##*.}; \
	d=${d#man/}; \
	dst=${d##*/}; \
	for m in `gawk \
		'/^\.S[h|H] NAME/ {ok=1; next} ok {print; exit}' $d \
		| /usr/bin/sed \
			-e 's/^\.Nm //' -e 's/,/ /g' -e 's/\\-.*//' \
			-e 's/\\\f[0-9]//g' -e 's/  / /g;q'`; \
	do \
		[ "$m" = "\\" ] && continue; \
		ln="man$man_section/$m.$man_section"; \
		[ -e "$ln" ] && continue; \
		echo ln -s $dst $ln; \
		ln -s $dst $ln; \
	done; \
done
ln -s attr_get.3 man3/attr_getf.3
ln -s attr_list.3 man3/attr_listf.3
libtool: install: /usr/bin/install -c .libs/libattr.so.1.1.2600 /home/no/Desktop/github/riscv_emulator-seulgi-v1/buildroot/output/host/lib/libattr.so.1.1.2600
ln -s attr_multi.3 man3/attr_multif.3
libtool: install: (cd /home/no/Desktop/github/riscv_emulator-seulgi-v1/buildroot/output/host/lib && { ln -s -f libattr.so.1.1.2600 libattr.so.1 || { rm -f libattr.so.1 && ln -s libattr.so.1.1.2600 libattr.so.1; }; })
ln -s attr_remove.3 man3/attr_removef.3
libtool: install: (cd /home/no/Desktop/github/riscv_emulator-seulgi-v1/buildroot/output/host/lib && { ln -s -f libattr.so.1.1.2600 libattr.so || { rm -f libattr.so && ln -s libattr.so.1.1.2600 libattr.so; }; })
ln -s attr_set.3 man3/attr_setf.3
libtool: install: /usr/bin/install -c .libs/libattr.lai /home/no/Desktop/github/riscv_emulator-seulgi-v1/buildroot/output/host/lib/libattr.la
libtool: finish: PATH="/home/no/Desktop/github/riscv_emulator-seulgi-v1/buildroot/output/host/bin:/home/no/Desktop/github/riscv_emulator-seulgi-v1/buildroot/output/host/sbin:/home/no/.local/bin:/home/no/.local/bin:/home/no/bin:/media/no/b7ced73c-5231-4462-b98d-64e38fe2df9e/home/jbez/Desktop/!.📶️.SHARE]/!.🦾️].fullsharezip/💪🏾️].no-desk.sharezip/📲️📵️.GTFO.flxbx.📦️arcbit♏️/#.⛷️LOOSE-TANGENT]2wild]🎄️⛷️/🪆️.a0/📟️.a0/🎓️/🧼️/🥌️🗡️🛡️🧷️/🛡️.ARMOR.OF.WAR.NOW!]a1/🌐️🗺️🧫️.voxel_sphere_lab]a0/2.Mid.urf.PLAY]loglev]🪓️🤓️🪄️🪵️a0/🧪️]jul8.🏚️.®™]d10/jl69.🥡️.®™]🟦🟥️🟨️]a0/!.🚦️🏎️🏎️🏎️]a3]GOIN!/Fas7.🥡️.®™]🔳️⏹️]E6/earf.🌎️.®™/Lnd1.🏝️.®™/crsr.🗡️.®™]g10📌️/env0🥡️.®™]a0📌️/home.🥡️.®™]a0📌️/!.inst.🫕️.®™/+x/:/home/no/.grok/bin:/home/no/.opencode/bin:/home/no/.local/bin:/usr/local/bin:/usr/local/qt4/bin:/usr/local/qt4/bin:/home/no/.nvm/versions/node/v22.11.0/bin:/home/no/.local/bin:/home/no/.cargo/bin:/home/no/.local/bin:/home/no/bin:/media/no/b7ced73c-5231-4462-b98d-64e38fe2df9e/home/jbez/Desktop/!.📶️.SHARE]/!.🦾️].fullsharezip/💪🏾️].no-desk.sharezip/📲️📵️.GTFO.flxbx.📦️arcbit♏️/#.⛷️LOOSE-TANGENT]2wild]🎄️⛷️/🪆️.a0/📟️.a0/🎓️/🧼️/🥌️🗡️🛡️🧷️/🛡️.ARMOR.OF.WAR.NOW!]a1/🌐️🗺️🧫️.voxel_sphere_lab]a0/2.Mid.urf.PLAY]loglev]🪓️🤓️🪄️🪵️a0/🧪️]jul8.🏚️.®™]d10/jl69.🥡️.®™]🟦🟥️🟨️]a0/!.🚦️🏎️🏎️🏎️]a3]GOIN!/Fas7.🥡️.®™]🔳️⏹️]E6/earf.🌎️.®™/Lnd1.🏝️.®™/crsr.🗡️.®™]g10📌️/env0🥡️.®™]a0📌️/home.🥡️.®™]a0📌️/!.inst.🫕️.®™/+x/:/usr/local/sbin:/usr/local/bin:/usr/sbin:/usr/bin:/sbin:/bin:/usr/games:/usr/local/games:/snap/bin:/snap/bin:/home/no/.local/bin:/home/no/.lmstudio/bin:/home/no/.lmstudio/bin:/home/no/.lmstudio/bin:/sbin" ldconfig -n /home/no/Desktop/github/riscv_emulator-seulgi-v1/buildroot/output/host/lib
----------------------------------------------------------------------
Libraries have been installed in:
   /home/no/Desktop/github/riscv_emulator-seulgi-v1/buildroot/output/host/lib

If you ever happen to want to link against installed libraries
in a given directory, LIBDIR, you must either use libtool, and
specify the full pathname of the library, or use the '-LLIBDIR'
flag during linking and do at least one of the following:
   - add LIBDIR to the 'LD_LIBRARY_PATH' environment variable
     during execution
   - add LIBDIR to the 'LD_RUN_PATH' environment variable
     during linking
   - use the '-Wl,-rpath -Wl,LIBDIR' linker flag
   - have your system administrator add LIBDIR to '/etc/ld.so.conf'

See any operating system documentation about shared libraries for
more information, such as the ld(1) and ld.so(8) manual pages.
----------------------------------------------------------------------
 /usr/bin/mkdir -p '/home/no/Desktop/github/riscv_emulator-seulgi-v1/buildroot/output/host/bin'
  /bin/bash ./libtool   --mode=install /usr/bin/install -c attr getfattr setfattr '/home/no/Desktop/github/riscv_emulator-seulgi-v1/buildroot/output/host/bin'
libtool: install: /usr/bin/install -c attr /home/no/Desktop/github/riscv_emulator-seulgi-v1/buildroot/output/host/bin/attr
libtool: install: /usr/bin/install -c getfattr /home/no/Desktop/github/riscv_emulator-seulgi-v1/buildroot/output/host/bin/getfattr
libtool: install: /usr/bin/install -c setfattr /home/no/Desktop/github/riscv_emulator-seulgi-v1/buildroot/output/host/bin/setfattr
>>> host-acl 2.4.0 Downloading
wget -nd -t 3 --connect-timeout=10 -O '/home/no/Desktop/github/riscv_emulator-seulgi-v1/buildroot/output/build/.acl-2.4.0.tar.xz.e30NfU/output' 'https://download.savannah.nongnu.org/releases/acl/acl-2.4.0.tar.xz' 
--2026-09-15 11:14:41--  https://download.savannah.nongnu.org/releases/acl/acl-2.4.0.tar.xz
Resolving download.savannah.nongnu.org (download.savannah.nongnu.org)... 2001:470:142:5::200, 209.51.188.200
Connecting to download.savannah.nongnu.org (download.savannah.nongnu.org)|2001:470:142:5::200|:443... connected.
HTTP request sent, awaiting response... 302 Moved Temporarily
Location: https://nongnu.niranjan.co/acl/acl-2.4.0.tar.xz [following]
--2026-09-15 11:14:42--  https://nongnu.niranjan.co/acl/acl-2.4.0.tar.xz
Resolving nongnu.niranjan.co (nongnu.niranjan.co)... 2001:bc8:304d::1, 51.158.149.147
Connecting to nongnu.niranjan.co (nongnu.niranjan.co)|2001:bc8:304d::1|:443... connected.
HTTP request sent, awaiting response... 200 OK
Length: 384828 (376K) [application/octet-stream]
Saving to: ‘/home/no/Desktop/github/riscv_emulator-seulgi-v1/buildroot/output/build/.acl-2.4.0.tar.xz.e30NfU/output’

     0K .......... .......... .......... .......... .......... 13%  288K 1s
    50K .......... .......... .......... .......... .......... 26%  302K 1s
   100K .......... .......... .......... .......... .......... 39% 24.5M 1s
   150K .......... .......... .......... .......... .......... 53% 1.53M 0s
   200K .......... .......... .......... .......... .......... 66%  348K 0s
   250K .......... .......... .......... .......... .......... 79% 18.1M 0s
   300K .......... .......... .......... .......... .......... 93% 24.8M 0s
   350K .......... .......... .....                           100% 7.88M=0.5s

2026-09-15 11:14:43 (716 KB/s) - ‘/home/no/Desktop/github/riscv_emulator-seulgi-v1/buildroot/output/build/.acl-2.4.0.tar.xz.e30NfU/output’ saved [384828/384828]

acl-2.4.0.tar.xz: OK (sha256: e661131456d2708a01c614a0f400e11d7d1bfaeb6f3e74b75bb980b72f0161a3)
>>> host-acl 2.4.0 Extracting
xzcat /home/no/Desktop/github/riscv_emulator-seulgi-v1/buildroot/dl/acl/acl-2.4.0.tar.xz | /home/no/Desktop/github/riscv_emulator-seulgi-v1/buildroot/output/host/bin/tar --strip-components=1 -C /home/no/Desktop/github/riscv_emulator-seulgi-v1/buildroot/output/build/host-acl-2.4.0   -xf -
>>> host-acl 2.4.0 Patching

Applying 0001-Build-with-old-GCC-versions.patch using patch: 
patching file libacl/acl_from_text.c
Hunk #1 succeeded at 245 (offset -59 lines).
>>> host-acl 2.4.0 Updating config.sub and config.guess
for file in config.guess config.sub; do for i in $(find /home/no/Desktop/github/riscv_emulator-seulgi-v1/buildroot/output/build/host-acl-2.4.0 -name $file); do cp support/gnuconfig/$file $i; done; done
>>> host-acl 2.4.0 Patching libtool
patching file /home/no/Desktop/github/riscv_emulator-seulgi-v1/buildroot/output/build/host-acl-2.4.0/build-aux/ltmain.sh
Hunk #1 succeeded at 2992 (offset 305 lines).
Hunk #2 succeeded at 4673 (offset 396 lines).
Hunk #3 succeeded at 6980 (offset 426 lines).
Hunk #4 succeeded at 6990 (offset 426 lines).
Hunk #5 succeeded at 7290 (offset 433 lines).
Hunk #6 succeeded at 7595 (offset 446 lines).
Hunk #7 succeeded at 8602 (offset 490 lines).
Hunk #8 succeeded at 11139 (offset 429 lines).
>>> host-acl 2.4.0 Configuring
(cd /home/no/Desktop/github/riscv_emulator-seulgi-v1/buildroot/output/build/host-acl-2.4.0/ && rm -rf config.cache; GIT_DIR=. PATH="/home/no/Desktop/github/riscv_emulator-seulgi-v1/buildroot/output/host/bin:/home/no/Desktop/github/riscv_emulator-seulgi-v1/buildroot/output/host/sbin:/home/no/.local/bin:/home/no/.local/bin:/home/no/bin:/media/no/b7ced73c-5231-4462-b98d-64e38fe2df9e/home/jbez/Desktop/!.📶️.SHARE]/!.🦾️].fullsharezip/💪🏾️].no-desk.sharezip/📲️📵️.GTFO.flxbx.📦️arcbit♏️/#.⛷️LOOSE-TANGENT]2wild]🎄️⛷️/🪆️.a0/📟️.a0/🎓️/🧼️/🥌️🗡️🛡️🧷️/🛡️.ARMOR.OF.WAR.NOW!]a1/🌐️🗺️🧫️.voxel_sphere_lab]a0/2.Mid.urf.PLAY]loglev]🪓️🤓️🪄️🪵️a0/🧪️]jul8.🏚️.®™]d10/jl69.🥡️.®™]🟦🟥️🟨️]a0/!.🚦️🏎️🏎️🏎️]a3]GOIN!/Fas7.🥡️.®™]🔳️⏹️]E6/earf.🌎️.®™/Lnd1.🏝️.®™/crsr.🗡️.®™]g10📌️/env0🥡️.®™]a0📌️/home.🥡️.®™]a0📌️/!.inst.🫕️.®™/+x/:/home/no/.grok/bin:/home/no/.opencode/bin:/home/no/.local/bin:/usr/local/bin:/usr/local/qt4/bin:/usr/local/qt4/bin:/home/no/.nvm/versions/node/v22.11.0/bin:/home/no/.local/bin:/home/no/.cargo/bin:/home/no/.local/bin:/home/no/bin:/media/no/b7ced73c-5231-4462-b98d-64e38fe2df9e/home/jbez/Desktop/!.📶️.SHARE]/!.🦾️].fullsharezip/💪🏾️].no-desk.sharezip/📲️📵️.GTFO.flxbx.📦️arcbit♏️/#.⛷️LOOSE-TANGENT]2wild]🎄️⛷️/🪆️.a0/📟️.a0/🎓️/🧼️/🥌️🗡️🛡️🧷️/🛡️.ARMOR.OF.WAR.NOW!]a1/🌐️🗺️🧫️.voxel_sphere_lab]a0/2.Mid.urf.PLAY]loglev]🪓️🤓️🪄️🪵️a0/🧪️]jul8.🏚️.®™]d10/jl69.🥡️.®™]🟦🟥️🟨️]a0/!.🚦️🏎️🏎️🏎️]a3]GOIN!/Fas7.🥡️.®™]🔳️⏹️]E6/earf.🌎️.®™/Lnd1.🏝️.®™/crsr.🗡️.®™]g10📌️/env0🥡️.®™]a0📌️/home.🥡️.®™]a0📌️/!.inst.🫕️.®™/+x/:/usr/local/sbin:/usr/local/bin:/usr/sbin:/usr/bin:/sbin:/bin:/usr/games:/usr/local/games:/snap/bin:/snap/bin:/home/no/.local/bin:/home/no/.lmstudio/bin:/home/no/.lmstudio/bin:/home/no/.lmstudio/bin" PKG_CONFIG="/home/no/Desktop/github/riscv_emulator-seulgi-v1/buildroot/output/host/bin/pkg-config" PKG_CONFIG_SYSROOT_DIR="/" PKG_CONFIG_ALLOW_SYSTEM_CFLAGS=1 PKG_CONFIG_ALLOW_SYSTEM_LIBS=1 PKG_CONFIG_LIBDIR="/home/no/Desktop/github/riscv_emulator-seulgi-v1/buildroot/output/host/lib/pkgconfig:/home/no/Desktop/github/riscv_emulator-seulgi-v1/buildroot/output/host/share/pkgconfig" AR="/usr/bin/ar" AS="/usr/bin/as" LD="/usr/bin/ld" NM="/usr/bin/nm" CC="/usr/bin/gcc" GCC="/usr/bin/gcc" CXX="/usr/bin/g++" CPP="/usr/bin/cpp" OBJCOPY="/usr/bin/objcopy" RANLIB="/usr/bin/ranlib" CPPFLAGS="-I/home/no/Desktop/github/riscv_emulator-seulgi-v1/buildroot/output/host/include" CFLAGS="-O2 -I/home/no/Desktop/github/riscv_emulator-seulgi-v1/buildroot/output/host/include" CXXFLAGS="-O2 -I/home/no/Desktop/github/riscv_emulator-seulgi-v1/buildroot/output/host/include" LDFLAGS="-L/home/no/Desktop/github/riscv_emulator-seulgi-v1/buildroot/output/host/lib -Wl,-rpath,/home/no/Desktop/github/riscv_emulator-seulgi-v1/buildroot/output/host/lib" INTLTOOL_PERL=/usr/bin/perl  CONFIG_SITE=/dev/null ./configure --prefix="/home/no/Desktop/github/riscv_emulator-seulgi-v1/buildroot/output/host" --sysconfdir="/home/no/Desktop/github/riscv_emulator-seulgi-v1/buildroot/output/host/etc" --localstatedir="/home/no/Desktop/github/riscv_emulator-seulgi-v1/buildroot/output/host/var" --enable-shared --disable-static --disable-gtk-doc --disable-gtk-doc-html --disable-doc --disable-docs --disable-documentation --disable-debug --with-xmlto=no --with-fop=no --disable-nls --disable-dependency-tracking   )
configure: WARNING: unrecognized options: --disable-gtk-doc, --disable-gtk-doc-html, --disable-doc, --disable-docs, --disable-documentation, --with-xmlto, --with-fop
checking for a BSD-compatible install... /usr/bin/install -c
checking whether sleep supports fractional seconds... yes
checking filesystem timestamp resolution... 0.01
checking whether build environment is sane... yes
checking for a race-free mkdir -p... /usr/bin/mkdir -p
checking for gawk... gawk
checking whether make sets $(MAKE)... yes
checking whether make supports nested variables... yes
checking xargs -n works... yes
checking whether UID '1000' is supported by ustar format... yes
checking whether GID '1000' is supported by ustar format... yes
checking how to create a ustar tar archive... gnutar
checking for gcc... /usr/bin/gcc
checking whether the C compiler works... yes
checking for C compiler default output file name... a.out
checking for suffix of executables... 
checking whether we are cross compiling... no
checking for suffix of object files... o
checking whether the compiler supports GNU C... yes
checking whether /usr/bin/gcc accepts -g... yes
checking for /usr/bin/gcc option to enable C11 features... none needed
checking whether /usr/bin/gcc understands -c and -o together... yes
checking whether make supports the include directive... yes (GNU style)
checking dependency style of /usr/bin/gcc... none
checking for stdio.h... yes
checking for stdlib.h... yes
checking for string.h... yes
checking for inttypes.h... yes
checking for stdint.h... yes
checking for strings.h... yes
checking for sys/stat.h... yes
checking for sys/types.h... yes
checking for unistd.h... yes
checking for wchar.h... yes
checking for minix/config.h... no
checking whether it is safe to define __EXTENSIONS__... yes
checking whether _XOPEN_SOURCE should be defined... no
checking whether __attribute__((visibility())) is supported... yes
checking whether byte ordering is bigendian... no
checking for /usr/bin/gcc option to enable large file support... none needed
checking the archiver (/usr/bin/ar) interface... ar
checking build system type... x86_64-pc-linux-gnu
checking host system type... x86_64-pc-linux-gnu
checking how to print strings... printf
checking for a sed that does not truncate output... /usr/bin/sed
checking for grep that handles long lines and -e... /usr/bin/grep
checking for egrep... /usr/bin/grep -E
checking for fgrep... /usr/bin/grep -F
checking for ld used by /usr/bin/gcc... /usr/bin/ld
checking if the linker (/usr/bin/ld) is GNU ld... yes
checking for BSD- or MS-compatible name lister (nm)... /usr/bin/nm
checking the name lister (/usr/bin/nm) interface... BSD nm
checking whether ln -s works... yes
checking the maximum length of command line arguments... 1572864
checking how to convert x86_64-pc-linux-gnu file names to x86_64-pc-linux-gnu format... func_convert_file_noop
checking how to convert x86_64-pc-linux-gnu file names to toolchain format... func_convert_file_noop
checking for /usr/bin/ld option to reload object files... -r
checking for file... file
checking for objdump... objdump
checking how to recognize dependent libraries... pass_all
checking for dlltool... no
checking how to associate runtime and link libraries... printf %s\n
checking for ranlib... /usr/bin/ranlib
checking for archiver @FILE support... @
checking for strip... strip
checking command to parse /usr/bin/nm output from /usr/bin/gcc object... ok
checking for sysroot... no
checking for a working dd... /usr/bin/dd
checking how to truncate binary pipes... /usr/bin/dd bs=4096 count=1
checking for mt... mt
checking if mt is a manifest tool... no
checking for dlfcn.h... yes
checking for objdir... .libs
checking if /usr/bin/gcc supports -fno-rtti -fno-exceptions... no
checking for /usr/bin/gcc option to produce PIC... -fPIC -DPIC
checking if /usr/bin/gcc PIC flag -fPIC -DPIC works... yes
checking if /usr/bin/gcc static flag -static works... yes
checking if /usr/bin/gcc supports -c -o file.o... yes
checking if /usr/bin/gcc supports -c -o file.o... (cached) yes
checking whether the /usr/bin/gcc linker (/usr/bin/ld -m elf_x86_64) supports shared libraries... yes
checking whether -lc should be explicitly linked in... no
checking dynamic linker characteristics... GNU/Linux ld.so
checking how to hardcode library paths into programs... immediate
checking whether stripping libraries is possible... yes
checking if libtool supports shared libraries... yes
checking whether to build shared libraries... yes
checking whether to build static libraries... no
checking for openat2... no
checking for linux/openat2.h... yes
checking for /usr/bin/gcc options needed to detect all undeclared functions... none needed
checking whether __NR_openat2 is declared... yes
checking for getxattrat... no
checking for setxattrat... no
checking for listxattrat... no
checking for removexattrat... no
checking whether NLS is requested... no
checking for msgfmt... /usr/bin/msgfmt
checking for gmsgfmt... /usr/bin/msgfmt
checking for xgettext... /usr/bin/xgettext
checking for msgmerge... /usr/bin/msgmerge
checking for ld... /usr/bin/ld -m elf_x86_64
checking if the linker (/usr/bin/ld -m elf_x86_64) is GNU ld... yes
checking for shared library run path origin... done
checking 32-bit host C ABI... no
checking how to run the C preprocessor... /usr/bin/cpp
checking for egrep -e... (cached) /usr/bin/grep -E
checking for ELF binary format... yes
checking for the common suffixes of directories in the library search path... lib,lib,lib64
checking for CFPreferencesCopyAppValue... no
checking for CFLocaleCopyPreferredLanguages... no
checking whether to use NLS... no
checking for attr/error_context.h... yes
checking that generated files are newer than configure... done
configure: creating ./config.status
config.status: creating libacl.pc
config.status: creating Makefile
config.status: creating po/Makefile.in
config.status: creating include/config.h
config.status: executing depfiles commands
config.status: executing libtool commands
config.status: executing po-directories commands
config.status: creating po/POTFILES
config.status: creating po/Makefile
config.status: executing include/acl commands
config.status: executing include/sys commands
configure: WARNING: unrecognized options: --disable-gtk-doc, --disable-gtk-doc-html, --disable-doc, --disable-docs, --disable-documentation, --with-xmlto, --with-fop
>>> host-acl 2.4.0 Building
GIT_DIR=. PATH="/home/no/Desktop/github/riscv_emulator-seulgi-v1/buildroot/output/host/bin:/home/no/Desktop/github/riscv_emulator-seulgi-v1/buildroot/output/host/sbin:/home/no/.local/bin:/home/no/.local/bin:/home/no/bin:/media/no/b7ced73c-5231-4462-b98d-64e38fe2df9e/home/jbez/Desktop/!.📶️.SHARE]/!.🦾️].fullsharezip/💪🏾️].no-desk.sharezip/📲️📵️.GTFO.flxbx.📦️arcbit♏️/#.⛷️LOOSE-TANGENT]2wild]🎄️⛷️/🪆️.a0/📟️.a0/🎓️/🧼️/🥌️🗡️🛡️🧷️/🛡️.ARMOR.OF.WAR.NOW!]a1/🌐️🗺️🧫️.voxel_sphere_lab]a0/2.Mid.urf.PLAY]loglev]🪓️🤓️🪄️🪵️a0/🧪️]jul8.🏚️.®™]d10/jl69.🥡️.®™]🟦🟥️🟨️]a0/!.🚦️🏎️🏎️🏎️]a3]GOIN!/Fas7.🥡️.®™]🔳️⏹️]E6/earf.🌎️.®™/Lnd1.🏝️.®™/crsr.🗡️.®™]g10📌️/env0🥡️.®™]a0📌️/home.🥡️.®™]a0📌️/!.inst.🫕️.®™/+x/:/home/no/.grok/bin:/home/no/.opencode/bin:/home/no/.local/bin:/usr/local/bin:/usr/local/qt4/bin:/usr/local/qt4/bin:/home/no/.nvm/versions/node/v22.11.0/bin:/home/no/.local/bin:/home/no/.cargo/bin:/home/no/.local/bin:/home/no/bin:/media/no/b7ced73c-5231-4462-b98d-64e38fe2df9e/home/jbez/Desktop/!.📶️.SHARE]/!.🦾️].fullsharezip/💪🏾️].no-desk.sharezip/📲️📵️.GTFO.flxbx.📦️arcbit♏️/#.⛷️LOOSE-TANGENT]2wild]🎄️⛷️/🪆️.a0/📟️.a0/🎓️/🧼️/🥌️🗡️🛡️🧷️/🛡️.ARMOR.OF.WAR.NOW!]a1/🌐️🗺️🧫️.voxel_sphere_lab]a0/2.Mid.urf.PLAY]loglev]🪓️🤓️🪄️🪵️a0/🧪️]jul8.🏚️.®™]d10/jl69.🥡️.®™]🟦🟥️🟨️]a0/!.🚦️🏎️🏎️🏎️]a3]GOIN!/Fas7.🥡️.®™]🔳️⏹️]E6/earf.🌎️.®™/Lnd1.🏝️.®™/crsr.🗡️.®™]g10📌️/env0🥡️.®™]a0📌️/home.🥡️.®™]a0📌️/!.inst.🫕️.®™/+x/:/usr/local/sbin:/usr/local/bin:/usr/sbin:/usr/bin:/sbin:/bin:/usr/games:/usr/local/games:/snap/bin:/snap/bin:/home/no/.local/bin:/home/no/.lmstudio/bin:/home/no/.lmstudio/bin:/home/no/.lmstudio/bin" PKG_CONFIG="/home/no/Desktop/github/riscv_emulator-seulgi-v1/buildroot/output/host/bin/pkg-config" PKG_CONFIG_SYSROOT_DIR="/" PKG_CONFIG_ALLOW_SYSTEM_CFLAGS=1 PKG_CONFIG_ALLOW_SYSTEM_LIBS=1 PKG_CONFIG_LIBDIR="/home/no/Desktop/github/riscv_emulator-seulgi-v1/buildroot/output/host/lib/pkgconfig:/home/no/Desktop/github/riscv_emulator-seulgi-v1/buildroot/output/host/share/pkgconfig"  /usr/bin/make   -C /home/no/Desktop/github/riscv_emulator-seulgi-v1/buildroot/output/build/host-acl-2.4.0/
Making all in po
make[3]: Nothing to be done for 'all'.
  CC       tools/chacl.o
  CC       libacl/acl_add_perm.lo
  CC       libacl/acl_calc_mask.lo
  CC       libacl/acl_clear_perms.lo
  CC       libacl/acl_copy_entry.lo
  CC       libacl/acl_copy_ext.lo
  CC       libacl/acl_copy_int.lo
  CC       libacl/acl_create_entry.lo
  CC       libacl/acl_delete_def_file.lo
  CC       libacl/acl_delete_def_file_at.lo
  CC       libacl/acl_delete_entry.lo
  CC       libacl/acl_delete_perm.lo
  CC       libacl/acl_dup.lo
  CC       libacl/acl_free.lo
  CC       libacl/acl_from_text.lo
  CC       libacl/acl_get_entry.lo
  CC       libacl/acl_get_fd.lo
  CC       libacl/acl_get_file.lo
In file included from libacl/libacl.h:23,
                 from libacl/acl_from_text.c:25:
libacl/acl_from_text.c: In function ‘parse_acl_entry’:
libacl/libobj.h:36:18: warning: the address of ‘entry_obj’ will always evaluate as ‘true’ [-Waddress]
   36 |         ((int_p) ? &(int_p)->i : NULL)
      |                  ^
libacl/acl_from_text.c:248:37: note: in expansion of macro ‘int2ext’
  248 |         if (acl_copy_entry(entry_d, int2ext(&entry_obj)) != 0)
      |                                     ^~~~~~~
  CC       libacl/acl_get_file_at.lo
  CC       libacl/acl_get_perm.lo
  CC       libacl/acl_get_permset.lo
  CC       libacl/acl_get_qualifier.lo
  CC       libacl/acl_get_tag_type.lo
  CC       libacl/acl_init.lo
  CC       libacl/acl_set_fd.lo
  CC       libacl/acl_set_file.lo
  CC       libacl/acl_set_file_at.lo
  CC       libacl/acl_set_permset.lo
  CC       libacl/acl_set_qualifier.lo
  CC       libacl/acl_set_tag_type.lo
  CC       libacl/acl_size.lo
  CC       libacl/acl_to_text.lo
  CC       libacl/acl_valid.lo
  CC       libacl/acl_check.lo
  CC       libacl/acl_cmp.lo
  CC       libacl/acl_entries.lo
  CC       libacl/acl_equiv_mode.lo
  CC       libacl/acl_error.lo
  CC       libacl/acl_extended_fd.lo
  CC       libacl/acl_extended_file.lo
  CC       libacl/acl_extended_file_at.lo
  CC       libacl/acl_extended_file_nofollow.lo
  CC       libacl/acl_from_mode.lo
  CC       libacl/acl_to_any_text.lo
  CC       libacl/__acl_apply_mask_to_mode.lo
  CC       libacl/__acl_from_xattr.lo
  CC       libacl/__acl_reorder_obj_p.lo
  CC       libacl/__acl_to_any_text.lo
  CC       libacl/__acl_to_xattr.lo
  CC       libacl/__libobj.lo
  CC       libacl/perm_copy_fd.lo
  CC       libacl/perm_copy_file.lo
  CC       libmisc/fchmodat_compat.lo
  CC       libmisc/getxattrat_compat.lo
  CC       libmisc/high_water_alloc.lo
  CC       libmisc/listxattrat_compat.lo
  CC       libmisc/next_line.lo
  CC       libmisc/proc-self-fd.lo
  CC       libmisc/quote.lo
  CC       libmisc/walk_tree.lo
  CC       libmisc/removexattrat_compat.lo
  CC       libmisc/setxattrat_compat.lo
  CC       libmisc/uid_gid_lookup.lo
  CC       libmisc/unquote.lo
  CC       libmisc/xattrat.lo
  CC       libmisc/openat2.lo
  CC       tools/getfacl.o
  CC       tools/user_group.o
  CC       tools/do_set.o
  CC       tools/parse.o
  CC       tools/sequence.o
  CC       tools/setfacl.o
  CCLD     libmisc.la
  CCLD     libacl.la
  CCLD     getfacl
  CCLD     chacl
  CCLD     setfacl
>>> host-acl 2.4.0 Installing to host directory
GIT_DIR=. PATH="/home/no/Desktop/github/riscv_emulator-seulgi-v1/buildroot/output/host/bin:/home/no/Desktop/github/riscv_emulator-seulgi-v1/buildroot/output/host/sbin:/home/no/.local/bin:/home/no/.local/bin:/home/no/bin:/media/no/b7ced73c-5231-4462-b98d-64e38fe2df9e/home/jbez/Desktop/!.📶️.SHARE]/!.🦾️].fullsharezip/💪🏾️].no-desk.sharezip/📲️📵️.GTFO.flxbx.📦️arcbit♏️/#.⛷️LOOSE-TANGENT]2wild]🎄️⛷️/🪆️.a0/📟️.a0/🎓️/🧼️/🥌️🗡️🛡️🧷️/🛡️.ARMOR.OF.WAR.NOW!]a1/🌐️🗺️🧫️.voxel_sphere_lab]a0/2.Mid.urf.PLAY]loglev]🪓️🤓️🪄️🪵️a0/🧪️]jul8.🏚️.®™]d10/jl69.🥡️.®™]🟦🟥️🟨️]a0/!.🚦️🏎️🏎️🏎️]a3]GOIN!/Fas7.🥡️.®™]🔳️⏹️]E6/earf.🌎️.®™/Lnd1.🏝️.®™/crsr.🗡️.®™]g10📌️/env0🥡️.®™]a0📌️/home.🥡️.®™]a0📌️/!.inst.🫕️.®™/+x/:/home/no/.grok/bin:/home/no/.opencode/bin:/home/no/.local/bin:/usr/local/bin:/usr/local/qt4/bin:/usr/local/qt4/bin:/home/no/.nvm/versions/node/v22.11.0/bin:/home/no/.local/bin:/home/no/.cargo/bin:/home/no/.local/bin:/home/no/bin:/media/no/b7ced73c-5231-4462-b98d-64e38fe2df9e/home/jbez/Desktop/!.📶️.SHARE]/!.🦾️].fullsharezip/💪🏾️].no-desk.sharezip/📲️📵️.GTFO.flxbx.📦️arcbit♏️/#.⛷️LOOSE-TANGENT]2wild]🎄️⛷️/🪆️.a0/📟️.a0/🎓️/🧼️/🥌️🗡️🛡️🧷️/🛡️.ARMOR.OF.WAR.NOW!]a1/🌐️🗺️🧫️.voxel_sphere_lab]a0/2.Mid.urf.PLAY]loglev]🪓️🤓️🪄️🪵️a0/🧪️]jul8.🏚️.®™]d10/jl69.🥡️.®™]🟦🟥️🟨️]a0/!.🚦️🏎️🏎️🏎️]a3]GOIN!/Fas7.🥡️.®™]🔳️⏹️]E6/earf.🌎️.®™/Lnd1.🏝️.®™/crsr.🗡️.®™]g10📌️/env0🥡️.®™]a0📌️/home.🥡️.®™]a0📌️/!.inst.🫕️.®™/+x/:/usr/local/sbin:/usr/local/bin:/usr/sbin:/usr/bin:/sbin:/bin:/usr/games:/usr/local/games:/snap/bin:/snap/bin:/home/no/.local/bin:/home/no/.lmstudio/bin:/home/no/.lmstudio/bin:/home/no/.lmstudio/bin" PKG_CONFIG="/home/no/Desktop/github/riscv_emulator-seulgi-v1/buildroot/output/host/bin/pkg-config" PKG_CONFIG_SYSROOT_DIR="/" PKG_CONFIG_ALLOW_SYSTEM_CFLAGS=1 PKG_CONFIG_ALLOW_SYSTEM_LIBS=1 PKG_CONFIG_LIBDIR="/home/no/Desktop/github/riscv_emulator-seulgi-v1/buildroot/output/host/lib/pkgconfig:/home/no/Desktop/github/riscv_emulator-seulgi-v1/buildroot/output/host/share/pkgconfig"  /usr/bin/make  install -C /home/no/Desktop/github/riscv_emulator-seulgi-v1/buildroot/output/build/host-acl-2.4.0/
Making install in po
if test "acl" = "gettext-tools"; then \
  /usr/bin/mkdir -p /home/no/Desktop/github/riscv_emulator-seulgi-v1/buildroot/output/host/share/gettext/po; \
  for file in Makefile.in.in remove-potcdate.sed quot.sed boldquot.sed en@quot.header en@boldquot.header insert-header.sed Rules-quot   Makevars.template; do \
    /usr/bin/install -c -m 644 ./$file \
		    /home/no/Desktop/github/riscv_emulator-seulgi-v1/buildroot/output/host/share/gettext/po/$file; \
  done; \
  for file in Makevars; do \
    rm -f /home/no/Desktop/github/riscv_emulator-seulgi-v1/buildroot/output/host/share/gettext/po/$file; \
  done; \
else \
  : ; \
fi
subst_install_header() { file=`echo "$1" | sed -e 's,^.*/,,'`; /usr/bin/sed -e "s/\<EXPORT\>/extern/" < "$1" > "include/$file.t" || exit 1; /usr/bin/mkdir -p "$2" || exit 1; /usr/bin/install -c -m 644 "include/$file.t" "$2/$file" || exit 1; rm -f "include/$file.t"; }; subst_install_header "include/libacl.h" "/home/no/Desktop/github/riscv_emulator-seulgi-v1/buildroot/output/host/include/acl"
subst_install_header() { file=`echo "$1" | sed -e 's,^.*/,,'`; /usr/bin/sed -e "s/\<EXPORT\>/extern/" < "$1" > "include/$file.t" || exit 1; /usr/bin/mkdir -p "$2" || exit 1; /usr/bin/install -c -m 644 "include/$file.t" "$2/$file" || exit 1; rm -f "include/$file.t"; }; subst_install_header "include/acl.h" "/home/no/Desktop/github/riscv_emulator-seulgi-v1/buildroot/output/host/include/sys"
 /usr/bin/mkdir -p '/home/no/Desktop/github/riscv_emulator-seulgi-v1/buildroot/output/host/share/doc/acl'
 /usr/bin/mkdir -p '/home/no/Desktop/github/riscv_emulator-seulgi-v1/buildroot/output/host/lib'
 /usr/bin/mkdir -p '/home/no/Desktop/github/riscv_emulator-seulgi-v1/buildroot/output/host/share/man/man1'
 /usr/bin/mkdir -p '/home/no/Desktop/github/riscv_emulator-seulgi-v1/buildroot/output/host/share/man/man5'
 /usr/bin/mkdir -p '/home/no/Desktop/github/riscv_emulator-seulgi-v1/buildroot/output/host/share/man/man3'
 /bin/bash ./libtool   --mode=install /usr/bin/install -c   libacl.la '/home/no/Desktop/github/riscv_emulator-seulgi-v1/buildroot/output/host/lib'
 /usr/bin/install -c -m 644 doc/CHANGES doc/COPYING doc/COPYING.LGPL doc/extensions.txt doc/libacl.txt '/home/no/Desktop/github/riscv_emulator-seulgi-v1/buildroot/output/host/share/doc/acl'
 /usr/bin/mkdir -p '/home/no/Desktop/github/riscv_emulator-seulgi-v1/buildroot/output/host/lib/pkgconfig'
 /usr/bin/install -c -m 644 libacl.pc '/home/no/Desktop/github/riscv_emulator-seulgi-v1/buildroot/output/host/lib/pkgconfig'
 /usr/bin/install -c -m 644 man/man1/chacl.1 man/man1/getfacl.1 man/man1/setfacl.1 '/home/no/Desktop/github/riscv_emulator-seulgi-v1/buildroot/output/host/share/man/man1'
 /usr/bin/install -c -m 644 man/man5/acl.5 '/home/no/Desktop/github/riscv_emulator-seulgi-v1/buildroot/output/host/share/man/man5'
 /usr/bin/install -c -m 644 man/man3/acl_add_perm.3 man/man3/acl_calc_mask.3 man/man3/acl_check.3 man/man3/acl_clear_perms.3 man/man3/acl_cmp.3 man/man3/acl_copy_entry.3 man/man3/acl_copy_ext.3 man/man3/acl_copy_int.3 man/man3/acl_create_entry.3 man/man3/acl_delete_def_file.3 man/man3/acl_delete_def_file_at.3 man/man3/acl_delete_entry.3 man/man3/acl_delete_perm.3 man/man3/acl_dup.3 man/man3/acl_entries.3 man/man3/acl_equiv_mode.3 man/man3/acl_error.3 man/man3/acl_extended_fd.3 man/man3/acl_extended_file.3 man/man3/acl_extended_file_at.3 man/man3/acl_extended_file_nofollow.3 man/man3/acl_free.3 man/man3/acl_from_mode.3 man/man3/acl_from_text.3 man/man3/acl_get_entry.3 man/man3/acl_get_fd.3 man/man3/acl_get_file.3 man/man3/acl_get_file_at.3 man/man3/acl_get_perm.3 man/man3/acl_get_permset.3 man/man3/acl_get_qualifier.3 man/man3/acl_get_tag_type.3 man/man3/acl_init.3 man/man3/acl_set_fd.3 man/man3/acl_set_file.3 man/man3/acl_set_file_at.3 man/man3/acl_set_permset.3 man/man3/acl_set_qualifier.3 man/man3/acl_set_tag_type.3 man/man3/acl_size.3 '/home/no/Desktop/github/riscv_emulator-seulgi-v1/buildroot/output/host/share/man/man3'
 /usr/bin/install -c -m 644 man/man3/acl_to_any_text.3 man/man3/acl_to_text.3 man/man3/acl_valid.3 '/home/no/Desktop/github/riscv_emulator-seulgi-v1/buildroot/output/host/share/man/man3'
libtool: install: /usr/bin/install -c .libs/libacl.so.1.2.2400 /home/no/Desktop/github/riscv_emulator-seulgi-v1/buildroot/output/host/lib/libacl.so.1.2.2400
libtool: install: (cd /home/no/Desktop/github/riscv_emulator-seulgi-v1/buildroot/output/host/lib && { ln -s -f libacl.so.1.2.2400 libacl.so.1 || { rm -f libacl.so.1 && ln -s libacl.so.1.2.2400 libacl.so.1; }; })
libtool: install: (cd /home/no/Desktop/github/riscv_emulator-seulgi-v1/buildroot/output/host/lib && { ln -s -f libacl.so.1.2.2400 libacl.so || { rm -f libacl.so && ln -s libacl.so.1.2.2400 libacl.so; }; })
libtool: install: /usr/bin/install -c .libs/libacl.lai /home/no/Desktop/github/riscv_emulator-seulgi-v1/buildroot/output/host/lib/libacl.la
libtool: finish: PATH="/home/no/Desktop/github/riscv_emulator-seulgi-v1/buildroot/output/host/bin:/home/no/Desktop/github/riscv_emulator-seulgi-v1/buildroot/output/host/sbin:/home/no/.local/bin:/home/no/.local/bin:/home/no/bin:/media/no/b7ced73c-5231-4462-b98d-64e38fe2df9e/home/jbez/Desktop/!.📶️.SHARE]/!.🦾️].fullsharezip/💪🏾️].no-desk.sharezip/📲️📵️.GTFO.flxbx.📦️arcbit♏️/#.⛷️LOOSE-TANGENT]2wild]🎄️⛷️/🪆️.a0/📟️.a0/🎓️/🧼️/🥌️🗡️🛡️🧷️/🛡️.ARMOR.OF.WAR.NOW!]a1/🌐️🗺️🧫️.voxel_sphere_lab]a0/2.Mid.urf.PLAY]loglev]🪓️🤓️🪄️🪵️a0/🧪️]jul8.🏚️.®™]d10/jl69.🥡️.®™]🟦🟥️🟨️]a0/!.🚦️🏎️🏎️🏎️]a3]GOIN!/Fas7.🥡️.®™]🔳️⏹️]E6/earf.🌎️.®™/Lnd1.🏝️.®™/crsr.🗡️.®™]g10📌️/env0🥡️.®™]a0📌️/home.🥡️.®™]a0📌️/!.inst.🫕️.®™/+x/:/home/no/.grok/bin:/home/no/.opencode/bin:/home/no/.local/bin:/usr/local/bin:/usr/local/qt4/bin:/usr/local/qt4/bin:/home/no/.nvm/versions/node/v22.11.0/bin:/home/no/.local/bin:/home/no/.cargo/bin:/home/no/.local/bin:/home/no/bin:/media/no/b7ced73c-5231-4462-b98d-64e38fe2df9e/home/jbez/Desktop/!.📶️.SHARE]/!.🦾️].fullsharezip/💪🏾️].no-desk.sharezip/📲️📵️.GTFO.flxbx.📦️arcbit♏️/#.⛷️LOOSE-TANGENT]2wild]🎄️⛷️/🪆️.a0/📟️.a0/🎓️/🧼️/🥌️🗡️🛡️🧷️/🛡️.ARMOR.OF.WAR.NOW!]a1/🌐️🗺️🧫️.voxel_sphere_lab]a0/2.Mid.urf.PLAY]loglev]🪓️🤓️🪄️🪵️a0/🧪️]jul8.🏚️.®™]d10/jl69.🥡️.®™]🟦🟥️🟨️]a0/!.🚦️🏎️🏎️🏎️]a3]GOIN!/Fas7.🥡️.®™]🔳️⏹️]E6/earf.🌎️.®™/Lnd1.🏝️.®™/crsr.🗡️.®™]g10📌️/env0🥡️.®™]a0📌️/home.🥡️.®™]a0📌️/!.inst.🫕️.®™/+x/:/usr/local/sbin:/usr/local/bin:/usr/sbin:/usr/bin:/sbin:/bin:/usr/games:/usr/local/games:/snap/bin:/snap/bin:/home/no/.local/bin:/home/no/.lmstudio/bin:/home/no/.lmstudio/bin:/home/no/.lmstudio/bin:/sbin" ldconfig -n /home/no/Desktop/github/riscv_emulator-seulgi-v1/buildroot/output/host/lib
----------------------------------------------------------------------
Libraries have been installed in:
   /home/no/Desktop/github/riscv_emulator-seulgi-v1/buildroot/output/host/lib

If you ever happen to want to link against installed libraries
in a given directory, LIBDIR, you must either use libtool, and
specify the full pathname of the library, or use the '-LLIBDIR'
flag during linking and do at least one of the following:
   - add LIBDIR to the 'LD_LIBRARY_PATH' environment variable
     during execution
   - add LIBDIR to the 'LD_RUN_PATH' environment variable
     during linking
   - use the '-Wl,-rpath -Wl,LIBDIR' linker flag
   - have your system administrator add LIBDIR to '/etc/ld.so.conf'

See any operating system documentation about shared libraries for
more information, such as the ld(1) and ld.so(8) manual pages.
----------------------------------------------------------------------
 /usr/bin/mkdir -p '/home/no/Desktop/github/riscv_emulator-seulgi-v1/buildroot/output/host/bin'
  /bin/bash ./libtool   --mode=install /usr/bin/install -c chacl getfacl setfacl '/home/no/Desktop/github/riscv_emulator-seulgi-v1/buildroot/output/host/bin'
libtool: install: /usr/bin/install -c chacl /home/no/Desktop/github/riscv_emulator-seulgi-v1/buildroot/output/host/bin/chacl
libtool: install: /usr/bin/install -c getfacl /home/no/Desktop/github/riscv_emulator-seulgi-v1/buildroot/output/host/bin/getfacl
libtool: install: /usr/bin/install -c setfacl /home/no/Desktop/github/riscv_emulator-seulgi-v1/buildroot/output/host/bin/setfacl
>>> host-fakeroot 1.37.2 Downloading
wget -nd -t 3 --connect-timeout=10 -O '/home/no/Desktop/github/riscv_emulator-seulgi-v1/buildroot/output/build/.fakeroot_1.37.2.orig.tar.gz.woi8F3/output' 'https://snapshot.debian.org/archive/debian/20260401T000000Z/pool/main/f/fakeroot/fakeroot_1.37.2.orig.tar.gz' 
--2026-09-15 11:14:53--  https://snapshot.debian.org/archive/debian/20260401T000000Z/pool/main/f/fakeroot/fakeroot_1.37.2.orig.tar.gz
Resolving snapshot.debian.org (snapshot.debian.org)... 2a04:4e42:600::644, 2a04:4e42::644, 2a04:4e42:200::644, ...
Connecting to snapshot.debian.org (snapshot.debian.org)|2a04:4e42:600::644|:443... connected.
HTTP request sent, awaiting response... 302 FOUND
Location: /file/1a721c2b4093a4e83dc091dc41a028f19340c1b3/fakeroot_1.37.2.orig.tar.gz [following]
--2026-09-15 11:14:53--  https://snapshot.debian.org/file/1a721c2b4093a4e83dc091dc41a028f19340c1b3/fakeroot_1.37.2.orig.tar.gz
Reusing existing connection to [snapshot.debian.org]:443.
HTTP request sent, awaiting response... 200 OK
Length: 595964 (582K)
Saving to: ‘/home/no/Desktop/github/riscv_emulator-seulgi-v1/buildroot/output/build/.fakeroot_1.37.2.orig.tar.gz.woi8F3/output’

     0K .......... .......... .......... .......... ..........  8% 2.58M 0s
    50K .......... .......... .......... .......... .......... 17% 2.92M 0s
   100K .......... .......... .......... .......... .......... 25% 11.1M 0s
   150K .......... .......... .......... .......... .......... 34% 27.2M 0s
   200K .......... .......... .......... .......... .......... 42% 6.20M 0s
   250K .......... .......... .......... .......... .......... 51% 20.7M 0s
   300K .......... .......... .......... .......... .......... 60% 25.6M 0s
   350K .......... .......... .......... .......... .......... 68% 41.9M 0s
   400K .......... .......... .......... .......... .......... 77% 6.98M 0s
   450K .......... .......... .......... .......... .......... 85% 51.2M 0s
   500K .......... .......... .......... .......... .......... 94% 67.1M 0s
   550K .......... .......... .......... .                    100% 46.9M=0.06s

2026-09-15 11:14:54 (8.81 MB/s) - ‘/home/no/Desktop/github/riscv_emulator-seulgi-v1/buildroot/output/build/.fakeroot_1.37.2.orig.tar.gz.woi8F3/output’ saved [595964/595964]

fakeroot_1.37.2.orig.tar.gz: OK (sha1: 1a721c2b4093a4e83dc091dc41a028f19340c1b3)
fakeroot_1.37.2.orig.tar.gz: OK (sha256: 0eea60fbe89771b88fcf415c8f2f0a6ccfe9edebbcf3ba5dc0212718d98884db)
>>> host-fakeroot 1.37.2 Extracting
gzip -d -c /home/no/Desktop/github/riscv_emulator-seulgi-v1/buildroot/dl/fakeroot/fakeroot_1.37.2.orig.tar.gz | /home/no/Desktop/github/riscv_emulator-seulgi-v1/buildroot/output/host/bin/tar --strip-components=1 -C /home/no/Desktop/github/riscv_emulator-seulgi-v1/buildroot/output/build/host-fakeroot-1.37.2   -xf -
>>> host-fakeroot 1.37.2 Patching
>>> host-fakeroot 1.37.2 Updating config.sub and config.guess
for file in config.guess config.sub; do for i in $(find /home/no/Desktop/github/riscv_emulator-seulgi-v1/buildroot/output/build/host-fakeroot-1.37.2 -name $file); do cp support/gnuconfig/$file $i; done; done
>>> host-fakeroot 1.37.2 Patching libtool
patching file /home/no/Desktop/github/riscv_emulator-seulgi-v1/buildroot/output/build/host-fakeroot-1.37.2/ltmain.sh
Hunk #1 succeeded at 2992 (offset 305 lines).
Hunk #2 succeeded at 4673 (offset 396 lines).
Hunk #3 succeeded at 6980 (offset 426 lines).
Hunk #4 succeeded at 6990 (offset 426 lines).
Hunk #5 succeeded at 7290 (offset 433 lines).
Hunk #6 succeeded at 7595 (offset 446 lines).
Hunk #7 succeeded at 8605 (offset 493 lines).
Hunk #8 succeeded at 11145 (offset 435 lines).
>>> host-fakeroot 1.37.2 Configuring
(cd /home/no/Desktop/github/riscv_emulator-seulgi-v1/buildroot/output/build/host-fakeroot-1.37.2/ && rm -rf config.cache; GIT_DIR=. PATH="/home/no/Desktop/github/riscv_emulator-seulgi-v1/buildroot/output/host/bin:/home/no/Desktop/github/riscv_emulator-seulgi-v1/buildroot/output/host/sbin:/home/no/.local/bin:/home/no/.local/bin:/home/no/bin:/media/no/b7ced73c-5231-4462-b98d-64e38fe2df9e/home/jbez/Desktop/!.📶️.SHARE]/!.🦾️].fullsharezip/💪🏾️].no-desk.sharezip/📲️📵️.GTFO.flxbx.📦️arcbit♏️/#.⛷️LOOSE-TANGENT]2wild]🎄️⛷️/🪆️.a0/📟️.a0/🎓️/🧼️/🥌️🗡️🛡️🧷️/🛡️.ARMOR.OF.WAR.NOW!]a1/🌐️🗺️🧫️.voxel_sphere_lab]a0/2.Mid.urf.PLAY]loglev]🪓️🤓️🪄️🪵️a0/🧪️]jul8.🏚️.®™]d10/jl69.🥡️.®™]🟦🟥️🟨️]a0/!.🚦️🏎️🏎️🏎️]a3]GOIN!/Fas7.🥡️.®™]🔳️⏹️]E6/earf.🌎️.®™/Lnd1.🏝️.®™/crsr.🗡️.®™]g10📌️/env0🥡️.®™]a0📌️/home.🥡️.®™]a0📌️/!.inst.🫕️.®™/+x/:/home/no/.grok/bin:/home/no/.opencode/bin:/home/no/.local/bin:/usr/local/bin:/usr/local/qt4/bin:/usr/local/qt4/bin:/home/no/.nvm/versions/node/v22.11.0/bin:/home/no/.local/bin:/home/no/.cargo/bin:/home/no/.local/bin:/home/no/bin:/media/no/b7ced73c-5231-4462-b98d-64e38fe2df9e/home/jbez/Desktop/!.📶️.SHARE]/!.🦾️].fullsharezip/💪🏾️].no-desk.sharezip/📲️📵️.GTFO.flxbx.📦️arcbit♏️/#.⛷️LOOSE-TANGENT]2wild]🎄️⛷️/🪆️.a0/📟️.a0/🎓️/🧼️/🥌️🗡️🛡️🧷️/🛡️.ARMOR.OF.WAR.NOW!]a1/🌐️🗺️🧫️.voxel_sphere_lab]a0/2.Mid.urf.PLAY]loglev]🪓️🤓️🪄️🪵️a0/🧪️]jul8.🏚️.®™]d10/jl69.🥡️.®™]🟦🟥️🟨️]a0/!.🚦️🏎️🏎️🏎️]a3]GOIN!/Fas7.🥡️.®™]🔳️⏹️]E6/earf.🌎️.®™/Lnd1.🏝️.®™/crsr.🗡️.®™]g10📌️/env0🥡️.®™]a0📌️/home.🥡️.®™]a0📌️/!.inst.🫕️.®™/+x/:/usr/local/sbin:/usr/local/bin:/usr/sbin:/usr/bin:/sbin:/bin:/usr/games:/usr/local/games:/snap/bin:/snap/bin:/home/no/.local/bin:/home/no/.lmstudio/bin:/home/no/.lmstudio/bin:/home/no/.lmstudio/bin" PKG_CONFIG="/home/no/Desktop/github/riscv_emulator-seulgi-v1/buildroot/output/host/bin/pkg-config" PKG_CONFIG_SYSROOT_DIR="/" PKG_CONFIG_ALLOW_SYSTEM_CFLAGS=1 PKG_CONFIG_ALLOW_SYSTEM_LIBS=1 PKG_CONFIG_LIBDIR="/home/no/Desktop/github/riscv_emulator-seulgi-v1/buildroot/output/host/lib/pkgconfig:/home/no/Desktop/github/riscv_emulator-seulgi-v1/buildroot/output/host/share/pkgconfig" AR="/usr/bin/ar" AS="/usr/bin/as" LD="/usr/bin/ld" NM="/usr/bin/nm" CC="/usr/bin/gcc" GCC="/usr/bin/gcc" CXX="/usr/bin/g++" CPP="/usr/bin/cpp" OBJCOPY="/usr/bin/objcopy" RANLIB="/usr/bin/ranlib" CPPFLAGS="-I/home/no/Desktop/github/riscv_emulator-seulgi-v1/buildroot/output/host/include" CFLAGS="-O2 -I/home/no/Desktop/github/riscv_emulator-seulgi-v1/buildroot/output/host/include" CXXFLAGS="-O2 -I/home/no/Desktop/github/riscv_emulator-seulgi-v1/buildroot/output/host/include" LDFLAGS="-L/home/no/Desktop/github/riscv_emulator-seulgi-v1/buildroot/output/host/lib -Wl,-rpath,/home/no/Desktop/github/riscv_emulator-seulgi-v1/buildroot/output/host/lib" INTLTOOL_PERL=/usr/bin/perl ac_cv_header_sys_capability_h=no ac_cv_func_capset=no CONFIG_SITE=/dev/null ./configure --prefix="/home/no/Desktop/github/riscv_emulator-seulgi-v1/buildroot/output/host" --sysconfdir="/home/no/Desktop/github/riscv_emulator-seulgi-v1/buildroot/output/host/etc" --localstatedir="/home/no/Desktop/github/riscv_emulator-seulgi-v1/buildroot/output/host/var" --enable-shared --disable-static --disable-gtk-doc --disable-gtk-doc-html --disable-doc --disable-docs --disable-documentation --disable-debug --with-xmlto=no --with-fop=no --disable-nls --disable-dependency-tracking   )
configure: WARNING: unrecognized options: --disable-gtk-doc, --disable-gtk-doc-html, --disable-doc, --disable-docs, --disable-documentation, --disable-debug, --with-xmlto, --with-fop, --disable-nls
checking build system type... x86_64-pc-linux-gnu
checking host system type... x86_64-pc-linux-gnu
checking target system type... x86_64-pc-linux-gnu
checking for a BSD-compatible install... /usr/bin/install -c
checking whether sleep supports fractional seconds... yes
checking filesystem timestamp resolution... 0.01
checking whether build environment is sane... yes
checking for a race-free mkdir -p... /usr/bin/mkdir -p
checking for gawk... gawk
checking whether make sets $(MAKE)... yes
checking whether make supports nested variables... yes
checking xargs -n works... yes
checking whether UID '1000' is supported by ustar format... yes
checking whether GID '1000' is supported by ustar format... yes
checking how to create a ustar tar archive... gnutar
checking whether to enable maintainer-specific portions of Makefiles... no
checking whether make supports the include directive... yes (GNU style)
checking for gcc... /usr/bin/gcc
checking whether the C compiler works... yes
checking for C compiler default output file name... a.out
checking for suffix of executables... 
checking whether we are cross compiling... no
checking for suffix of object files... o
checking whether the compiler supports GNU C... yes
checking whether /usr/bin/gcc accepts -g... yes
checking for /usr/bin/gcc option to enable C11 features... none needed
checking whether /usr/bin/gcc understands -c and -o together... yes
checking dependency style of /usr/bin/gcc... none
checking how to run the C preprocessor... /usr/bin/cpp
checking whether make sets $(MAKE)... (cached) yes
checking how to print strings... printf
checking for a sed that does not truncate output... /usr/bin/sed
checking for grep that handles long lines and -e... /usr/bin/grep
checking for egrep... /usr/bin/grep -E
checking for fgrep... /usr/bin/grep -F
checking for ld used by /usr/bin/gcc... /usr/bin/ld
checking if the linker (/usr/bin/ld) is GNU ld... yes
checking for BSD- or MS-compatible name lister (nm)... /usr/bin/nm
checking the name lister (/usr/bin/nm) interface... BSD nm
checking whether ln -s works... yes
checking the maximum length of command line arguments... 1572864
checking how to convert x86_64-pc-linux-gnu file names to x86_64-pc-linux-gnu format... func_convert_file_noop
checking how to convert x86_64-pc-linux-gnu file names to toolchain format... func_convert_file_noop
checking for /usr/bin/ld option to reload object files... -r
checking for file... file
checking for objdump... objdump
checking how to recognize dependent libraries... pass_all
checking for dlltool... no
checking how to associate runtime and link libraries... printf %s\n
checking for ranlib... /usr/bin/ranlib
checking for archiver @FILE support... @
checking for strip... strip
checking command to parse /usr/bin/nm output from /usr/bin/gcc object... ok
checking for sysroot... no
checking for a working dd... /usr/bin/dd
checking how to truncate binary pipes... /usr/bin/dd bs=4096 count=1
checking for mt... mt
checking if mt is a manifest tool... no
checking for stdio.h... yes
checking for stdlib.h... yes
checking for string.h... yes
checking for inttypes.h... yes
checking for stdint.h... yes
checking for strings.h... yes
checking for sys/stat.h... yes
checking for sys/types.h... yes
checking for unistd.h... yes
checking for dlfcn.h... yes
checking for objdir... .libs
checking if /usr/bin/gcc supports -fno-rtti -fno-exceptions... no
checking for /usr/bin/gcc option to produce PIC... -fPIC -DPIC
checking if /usr/bin/gcc PIC flag -fPIC -DPIC works... yes
checking if /usr/bin/gcc static flag -static works... yes
checking if /usr/bin/gcc supports -c -o file.o... yes
checking if /usr/bin/gcc supports -c -o file.o... (cached) yes
checking whether the /usr/bin/gcc linker (/usr/bin/ld -m elf_x86_64) supports shared libraries... yes
checking whether -lc should be explicitly linked in... no
checking dynamic linker characteristics... GNU/Linux ld.so
checking how to hardcode library paths into programs... immediate
checking whether stripping libraries is possible... yes
checking if libtool supports shared libraries... yes
checking whether to build shared libraries... yes
checking whether to build static libraries... no
checking which IPC method to use... (cached) sysv
checking whether SysV IPC message queues are actually working on the host... Yes
checking which database format to use... (cached) inode
checking for dlopen in -ldl... yes
checking for dirent.h that defines DIR... yes
checking for library containing opendir... none required
checking for fcntl.h... yes
checking for unistd.h... (cached) yes
checking for features.h... yes
checking for sys/feature_tests.h... no
checking for pthread.h... yes
checking for stdint.h... (cached) yes
checking for inttypes.h... (cached) yes
checking for grp.h... yes
checking for endian.h... yes
checking for machine/endian.h... no
checking for sys/sysmacros.h... yes
checking for sys/socket.h... yes
checking for sys/acl.h... yes
checking for sys/capability.h... (cached) no
checking for sys/xattr.h... yes
checking for fts.h... yes
checking for an ANSI C-conforming const... yes
checking for mode_t... yes
checking for off_t... yes
checking for size_t... yes
checking for id_t... yes
checking for return value and second and third argument of readlink... ssize_t, char, size_t
checking for first argument of setgroups... size_t
checking for union semun... no
checking for __xmknod... yes
checking for type of arg of __xmknod... needs *
checking for __xmknodat... yes
checking for type of arg of __xmknodat... needs *
checking for type of arg of initgroups... gid_t
checking for type of arg of setreuid... gid_t
checking for type of arg of setregid... gid_t
checking for type of second arg to stat... struct stat *
checking for d_off in struct dirent... yes
checking for d_type in struct dirent... yes
checking for acl_t struct... yes
checking for fchmodat... yes
checking for fchownat... yes
checking for fstatat... yes
checking for mkdirat... yes
checking for mknodat... yes
checking for openat... yes
checking for renameat... yes
checking for renameat2... yes
checking for unlinkat... yes
checking for lchmod... yes
checking for fgetattrlist... no
checking for library containing acl_get_fd... -lacl
checking for acl_get_fd... yes
checking for library containing acl_trivial... no
checking for acl_trivial... no
checking for capset... (cached) no
checking for listxattr... yes
checking for llistxattr... yes
checking for flistxattr... yes
checking for getxattr... yes
checking for lgetxattr... yes
checking for fgetxattr... yes
checking for setxattr... yes
checking for lsetxattr... yes
checking for fsetxattr... yes
checking for removexattr... yes
checking for lremovexattr... yes
checking for fremovexattr... yes
checking for statx... yes
checking if we need to cope with time64... checking for egrep -e... (cached) /usr/bin/grep -E
no
checking for __xstat... yes
Extra wrapper for stat is required because of __xstat
checking for __fxstat... yes
Extra wrapper for fstat is required because of __fxstat
checking for __lxstat... yes
Extra wrapper for lstat is required because of __lxstat
checking for __fxstatat... yes
Extra wrapper for fstatat is required because of __fxstatat
checking for __xstat64... yes
Extra wrapper for stat64 is required because of __xstat64
checking for __fxstat64... yes
Extra wrapper for fstat64 is required because of __fxstat64
checking for __lxstat64... yes
Extra wrapper for lstat64 is required because of __lxstat64
checking for __fxstatat64... yes
Extra wrapper for fstatat64 is required because of __fxstatat64
checking for __xmknod... (cached) yes
Extra wrapper for mknod is required because of __xmknod
checking for __xmknodat... (cached) yes
Extra wrapper for mknodat is required because of __xmknodat
created fakerootconfig.h
checking for strdup... yes
checking for strstr... yes
checking for getresuid... yes
checking for setresuid... yes
checking for getresgid... yes
checking for setresgid... yes
checking for setfsuid... yes
checking for setfsgid... yes
checking for fts_read... yes
checking for fts_children... yes
checking for close_range... yes
checking for /usr/bin/gcc options needed to detect all undeclared functions... none needed
checking whether setenv is declared... yes
checking whether unsetenv is declared... yes
checking for setenv... yes
checking for macOS/Darwin... no
checking that generated files are newer than configure... done
configure: creating ./config.status
config.status: creating Makefile
config.status: creating scripts/Makefile
config.status: creating doc/Makefile
config.status: creating doc/de/Makefile
config.status: creating doc/es/Makefile
config.status: creating doc/fr/Makefile
config.status: creating doc/nl/Makefile
config.status: creating doc/pt/Makefile
config.status: creating doc/ro/Makefile
config.status: creating doc/sv/Makefile
config.status: creating test/Makefile
config.status: creating test/defs
config.status: creating config.h
config.status: executing depfiles commands
config.status: executing libtool commands
configure: WARNING: unrecognized options: --disable-gtk-doc, --disable-gtk-doc-html, --disable-doc, --disable-docs, --disable-documentation, --disable-debug, --with-xmlto, --with-fop, --disable-nls
>>> host-fakeroot 1.37.2 Building
GIT_DIR=. PATH="/home/no/Desktop/github/riscv_emulator-seulgi-v1/buildroot/output/host/bin:/home/no/Desktop/github/riscv_emulator-seulgi-v1/buildroot/output/host/sbin:/home/no/.local/bin:/home/no/.local/bin:/home/no/bin:/media/no/b7ced73c-5231-4462-b98d-64e38fe2df9e/home/jbez/Desktop/!.📶️.SHARE]/!.🦾️].fullsharezip/💪🏾️].no-desk.sharezip/📲️📵️.GTFO.flxbx.📦️arcbit♏️/#.⛷️LOOSE-TANGENT]2wild]🎄️⛷️/🪆️.a0/📟️.a0/🎓️/🧼️/🥌️🗡️🛡️🧷️/🛡️.ARMOR.OF.WAR.NOW!]a1/🌐️🗺️🧫️.voxel_sphere_lab]a0/2.Mid.urf.PLAY]loglev]🪓️🤓️🪄️🪵️a0/🧪️]jul8.🏚️.®™]d10/jl69.🥡️.®™]🟦🟥️🟨️]a0/!.🚦️🏎️🏎️🏎️]a3]GOIN!/Fas7.🥡️.®™]🔳️⏹️]E6/earf.🌎️.®™/Lnd1.🏝️.®™/crsr.🗡️.®™]g10📌️/env0🥡️.®™]a0📌️/home.🥡️.®™]a0📌️/!.inst.🫕️.®™/+x/:/home/no/.grok/bin:/home/no/.opencode/bin:/home/no/.local/bin:/usr/local/bin:/usr/local/qt4/bin:/usr/local/qt4/bin:/home/no/.nvm/versions/node/v22.11.0/bin:/home/no/.local/bin:/home/no/.cargo/bin:/home/no/.local/bin:/home/no/bin:/media/no/b7ced73c-5231-4462-b98d-64e38fe2df9e/home/jbez/Desktop/!.📶️.SHARE]/!.🦾️].fullsharezip/💪🏾️].no-desk.sharezip/📲️📵️.GTFO.flxbx.📦️arcbit♏️/#.⛷️LOOSE-TANGENT]2wild]🎄️⛷️/🪆️.a0/📟️.a0/🎓️/🧼️/🥌️🗡️🛡️🧷️/🛡️.ARMOR.OF.WAR.NOW!]a1/🌐️🗺️🧫️.voxel_sphere_lab]a0/2.Mid.urf.PLAY]loglev]🪓️🤓️🪄️🪵️a0/🧪️]jul8.🏚️.®™]d10/jl69.🥡️.®™]🟦🟥️🟨️]a0/!.🚦️🏎️🏎️🏎️]a3]GOIN!/Fas7.🥡️.®™]🔳️⏹️]E6/earf.🌎️.®™/Lnd1.🏝️.®™/crsr.🗡️.®™]g10📌️/env0🥡️.®™]a0📌️/home.🥡️.®™]a0📌️/!.inst.🫕️.®™/+x/:/usr/local/sbin:/usr/local/bin:/usr/sbin:/usr/bin:/sbin:/bin:/usr/games:/usr/local/games:/snap/bin:/snap/bin:/home/no/.local/bin:/home/no/.lmstudio/bin:/home/no/.lmstudio/bin:/home/no/.lmstudio/bin" PKG_CONFIG="/home/no/Desktop/github/riscv_emulator-seulgi-v1/buildroot/output/host/bin/pkg-config" PKG_CONFIG_SYSROOT_DIR="/" PKG_CONFIG_ALLOW_SYSTEM_CFLAGS=1 PKG_CONFIG_ALLOW_SYSTEM_LIBS=1 PKG_CONFIG_LIBDIR="/home/no/Desktop/github/riscv_emulator-seulgi-v1/buildroot/output/host/lib/pkgconfig:/home/no/Desktop/github/riscv_emulator-seulgi-v1/buildroot/output/host/share/pkgconfig"  /usr/bin/make   -C /home/no/Desktop/github/riscv_emulator-seulgi-v1/buildroot/output/build/host-fakeroot-1.37.2/
/usr/bin/make  all-recursive
Making all in doc
Making all in de
make[5]: Nothing to be done for 'all'.
Making all in es
make[5]: Nothing to be done for 'all'.
Making all in fr
make[5]: Nothing to be done for 'all'.
Making all in nl
make[5]: Nothing to be done for 'all'.
Making all in pt
make[5]: Nothing to be done for 'all'.
Making all in ro
make[5]: Nothing to be done for 'all'.
Making all in sv
make[5]: Nothing to be done for 'all'.
make[5]: Nothing to be done for 'all-am'.
Making all in scripts
sed -e 's,[@]prefix[@],/home/no/Desktop/github/riscv_emulator-seulgi-v1/buildroot/output/host,g' -e 's,[@]bindir[@],/home/no/Desktop/github/riscv_emulator-seulgi-v1/buildroot/output/host/bin,g' -e 's,[@]libdir[@],/home/no/Desktop/github/riscv_emulator-seulgi-v1/buildroot/output/host/lib,g' -e 's,[@]fakeroot_transformed[@],'`echo fakeroot | sed -e 's,x,x,'`',g' -e 's,[@]faked_transformed[@],'`echo faked | sed -e 's,x,x,'`',g' -e 's,[@]signal[@],TERM,g' -e 's,[@]SHELL[@],/bin/bash,g' -e 's,[@]VERSION[@],1.37.2,g' -e 's,[@]DLSUFFIX[@],.so,g' -e 's,[@]LDLIBPATHVAR[@],LD_LIBRARY_PATH,g' -e 's,[@]LDPRELOADVAR[@],LD_PRELOAD,g' -e 's,[@]LDPRELOADABS[@],0,g' -e 's,[@]LDEXTRAVAR[@],,g' -e 's,[@]MACOSX_FALSE[@],,g' -e 's,[@]MACOSX_TRUE[@],#,g' < ./fakeroot.in > fakeroot
chmod +x fakeroot
Making all in test
make[4]: Nothing to be done for 'all'.
/usr/bin/gcc -DHAVE_CONFIG_H -I.   -I/home/no/Desktop/github/riscv_emulator-seulgi-v1/buildroot/output/host/include  -O2 -I/home/no/Desktop/github/riscv_emulator-seulgi-v1/buildroot/output/host/include -c -o faked.o faked.c
/bin/bash ./libtool  --tag=CC   --mode=compile /usr/bin/gcc -DHAVE_CONFIG_H -I.   -I/home/no/Desktop/github/riscv_emulator-seulgi-v1/buildroot/output/host/include  -O2 -I/home/no/Desktop/github/riscv_emulator-seulgi-v1/buildroot/output/host/include -c -o communicate.lo communicate.c
/usr/bin/gcc -DHAVE_CONFIG_H -I.   -I/home/no/Desktop/github/riscv_emulator-seulgi-v1/buildroot/output/host/include  -O2 -I/home/no/Desktop/github/riscv_emulator-seulgi-v1/buildroot/output/host/include -c -o simple.o simple.c
awk -f ./wrapawk < ./wrapfunc.inp
/bin/bash ./libtool  --tag=CC   --mode=compile /usr/bin/gcc -DHAVE_CONFIG_H -I.   -I/home/no/Desktop/github/riscv_emulator-seulgi-v1/buildroot/output/host/include  -O2 -I/home/no/Desktop/github/riscv_emulator-seulgi-v1/buildroot/output/host/include -c -o libfakeroot_inode64.lo libfakeroot_inode64.c
/bin/bash ./libtool  --tag=CC   --mode=compile /usr/bin/gcc -DHAVE_CONFIG_H -I.   -I/home/no/Desktop/github/riscv_emulator-seulgi-v1/buildroot/output/host/include  -O2 -I/home/no/Desktop/github/riscv_emulator-seulgi-v1/buildroot/output/host/include -c -o libfakeroot_unix2003.lo libfakeroot_unix2003.c
awk: ./wrapawk:27: warning: regexp escape sequence `\#' is not a known regexp operator
/bin/bash ./libtool  --tag=CC   --mode=compile /usr/bin/gcc -DHAVE_CONFIG_H -I.   -I/home/no/Desktop/github/riscv_emulator-seulgi-v1/buildroot/output/host/include  -O2 -I/home/no/Desktop/github/riscv_emulator-seulgi-v1/buildroot/output/host/include -c -o libfakeroot.lo libfakeroot.c
/bin/bash ./libtool  --tag=CC   --mode=compile /usr/bin/gcc -DHAVE_CONFIG_H -I.  -D_FILE_OFFSET_BITS=64 -D_TIME_BITS=64 -I/home/no/Desktop/github/riscv_emulator-seulgi-v1/buildroot/output/host/include  -O2 -I/home/no/Desktop/github/riscv_emulator-seulgi-v1/buildroot/output/host/include -c -o libfakeroot_time64_la-libfakeroot_time64.lo `test -f 'libfakeroot_time64.c' || echo './'`libfakeroot_time64.c
/bin/bash ./libtool  --tag=CC   --mode=link /usr/bin/gcc  -O2 -I/home/no/Desktop/github/riscv_emulator-seulgi-v1/buildroot/output/host/include  -L/home/no/Desktop/github/riscv_emulator-seulgi-v1/buildroot/output/host/lib -Wl,-rpath,/home/no/Desktop/github/riscv_emulator-seulgi-v1/buildroot/output/host/lib -o simple simple.o  -ldl 
faked.c: In function ‘save_database’:
faked.c:620:23: warning: format ‘%llx’ expects argument of type ‘long long unsigned int’, but argument 3 has type ‘long unsigned int’ [-Wformat=]
  620 |     fprintf(f,"dev=%llx,ino=%llu,mode=%llo,uid=%llu,gid=%llu,nlink=%llu,rdev=%llu\n",
      |                    ~~~^
      |                       |
      |                       long long unsigned int
      |                    %lx
  621 |             (uint64_t) i->buf.dev,(uint64_t) i->buf.ino,(uint64_t) i->buf.mode,
      |             ~~~~~~~~~~~~~~~~~~~~~
      |             |
      |             long unsigned int
faked.c:620:32: warning: format ‘%llu’ expects argument of type ‘long long unsigned int’, but argument 4 has type ‘long unsigned int’ [-Wformat=]
  620 |     fprintf(f,"dev=%llx,ino=%llu,mode=%llo,uid=%llu,gid=%llu,nlink=%llu,rdev=%llu\n",
      |                             ~~~^
      |                                |
      |                                long long unsigned int
      |                             %lu
  621 |             (uint64_t) i->buf.dev,(uint64_t) i->buf.ino,(uint64_t) i->buf.mode,
      |                                   ~~~~~~~~~~~~~~~~~~~~~
      |                                   |
      |                                   long unsigned int
faked.c:620:42: warning: format ‘%llo’ expects argument of type ‘long long unsigned int’, but argument 5 has type ‘long unsigned int’ [-Wformat=]
  620 |     fprintf(f,"dev=%llx,ino=%llu,mode=%llo,uid=%llu,gid=%llu,nlink=%llu,rdev=%llu\n",
      |                                       ~~~^
      |                                          |
      |                                          long long unsigned int
      |                                       %lo
  621 |             (uint64_t) i->buf.dev,(uint64_t) i->buf.ino,(uint64_t) i->buf.mode,
      |                                                         ~~~~~~~~~~~~~~~~~~~~~~
      |                                                         |
      |                                                         long unsigned int
faked.c:620:51: warning: format ‘%llu’ expects argument of type ‘long long unsigned int’, but argument 6 has type ‘long unsigned int’ [-Wformat=]
  620 |     fprintf(f,"dev=%llx,ino=%llu,mode=%llo,uid=%llu,gid=%llu,nlink=%llu,rdev=%llu\n",
      |                                                ~~~^
      |                                                   |
      |                                                   long long unsigned int
      |                                                %lu
  621 |             (uint64_t) i->buf.dev,(uint64_t) i->buf.ino,(uint64_t) i->buf.mode,
  622 |             (uint64_t) i->buf.uid,(uint64_t) i->buf.gid,(uint64_t) i->buf.nlink,
      |             ~~~~~~~~~~~~~~~~~~~~~                  
      |             |
      |             long unsigned int
faked.c:620:60: warning: format ‘%llu’ expects argument of type ‘long long unsigned int’, but argument 7 has type ‘long unsigned int’ [-Wformat=]
  620 |     fprintf(f,"dev=%llx,ino=%llu,mode=%llo,uid=%llu,gid=%llu,nlink=%llu,rdev=%llu\n",
      |                                                         ~~~^
      |                                                            |
      |                                                            long long unsigned int
      |                                                         %lu
  621 |             (uint64_t) i->buf.dev,(uint64_t) i->buf.ino,(uint64_t) i->buf.mode,
  622 |             (uint64_t) i->buf.uid,(uint64_t) i->buf.gid,(uint64_t) i->buf.nlink,
      |                                   ~~~~~~~~~~~~~~~~~~~~~     
      |                                   |
      |                                   long unsigned int
faked.c:620:71: warning: format ‘%llu’ expects argument of type ‘long long unsigned int’, but argument 8 has type ‘long unsigned int’ [-Wformat=]
  620 |     fprintf(f,"dev=%llx,ino=%llu,mode=%llo,uid=%llu,gid=%llu,nlink=%llu,rdev=%llu\n",
      |                                                                    ~~~^
      |                                                                       |
      |                                                                       long long unsigned int
      |                                                                    %lu
  621 |             (uint64_t) i->buf.dev,(uint64_t) i->buf.ino,(uint64_t) i->buf.mode,
  622 |             (uint64_t) i->buf.uid,(uint64_t) i->buf.gid,(uint64_t) i->buf.nlink,
      |                                                         ~~~~~~~~~~~~~~~~~~~~~~~
      |                                                         |
      |                                                         long unsigned int
faked.c:620:81: warning: format ‘%llu’ expects argument of type ‘long long unsigned int’, but argument 9 has type ‘long unsigned int’ [-Wformat=]
  620 |     fprintf(f,"dev=%llx,ino=%llu,mode=%llo,uid=%llu,gid=%llu,nlink=%llu,rdev=%llu\n",
      |                                                                              ~~~^
      |                                                                                 |
      |                                                                                 long long unsigned int
      |                                                                              %lu
......
  623 |             (uint64_t) i->buf.rdev);
      |             ~~~~~~~~~~~~~~~~~~~~~~                                               
      |             |
      |             long unsigned int
faked.c: In function ‘load_database’:
faked.c:661:21: warning: format ‘%llx’ expects argument of type ‘long long unsigned int *’, but argument 2 has type ‘uint64_t *’ {aka ‘long unsigned int *’} [-Wformat=]
  661 |     r=scanf("dev=%llx,ino=%llu,mode=%llo,uid=%llu,gid=%llu,nlink=%llu,rdev=%llu\n",
      |                  ~~~^
      |                     |
      |                     long long unsigned int *
      |                  %lx
  662 |             &stdev, &stino, &stmode, &stuid, &stgid, &stnlink, &strdev);
      |             ~~~~~~   
      |             |
      |             uint64_t * {aka long unsigned int *}
faked.c:661:30: warning: format ‘%llu’ expects argument of type ‘long long unsigned int *’, but argument 3 has type ‘uint64_t *’ {aka ‘long unsigned int *’} [-Wformat=]
  661 |     r=scanf("dev=%llx,ino=%llu,mode=%llo,uid=%llu,gid=%llu,nlink=%llu,rdev=%llu\n",
      |                           ~~~^
      |                              |
      |                              long long unsigned int *
      |                           %lu
  662 |             &stdev, &stino, &stmode, &stuid, &stgid, &stnlink, &strdev);
      |                     ~~~~~~    
      |                     |
      |                     uint64_t * {aka long unsigned int *}
faked.c:661:40: warning: format ‘%llo’ expects argument of type ‘long long unsigned int *’, but argument 4 has type ‘uint64_t *’ {aka ‘long unsigned int *’} [-Wformat=]
  661 |     r=scanf("dev=%llx,ino=%llu,mode=%llo,uid=%llu,gid=%llu,nlink=%llu,rdev=%llu\n",
      |                                     ~~~^
      |                                        |
      |                                        long long unsigned int *
      |                                     %lo
  662 |             &stdev, &stino, &stmode, &stuid, &stgid, &stnlink, &strdev);
      |                             ~~~~~~~     
      |                             |
      |                             uint64_t * {aka long unsigned int *}
faked.c:661:49: warning: format ‘%llu’ expects argument of type ‘long long unsigned int *’, but argument 5 has type ‘uint64_t *’ {aka ‘long unsigned int *’} [-Wformat=]
  661 |     r=scanf("dev=%llx,ino=%llu,mode=%llo,uid=%llu,gid=%llu,nlink=%llu,rdev=%llu\n",
      |                                              ~~~^
      |                                                 |
      |                                                 long long unsigned int *
      |                                              %lu
  662 |             &stdev, &stino, &stmode, &stuid, &stgid, &stnlink, &strdev);
      |                                      ~~~~~~      
      |                                      |
      |                                      uint64_t * {aka long unsigned int *}
faked.c:661:58: warning: format ‘%llu’ expects argument of type ‘long long unsigned int *’, but argument 6 has type ‘uint64_t *’ {aka ‘long unsigned int *’} [-Wformat=]
  661 |     r=scanf("dev=%llx,ino=%llu,mode=%llo,uid=%llu,gid=%llu,nlink=%llu,rdev=%llu\n",
      |                                                       ~~~^
      |                                                          |
      |                                                          long long unsigned int *
      |                                                       %lu
  662 |             &stdev, &stino, &stmode, &stuid, &stgid, &stnlink, &strdev);
      |                                              ~~~~~~       
      |                                              |
      |                                              uint64_t * {aka long unsigned int *}
faked.c:661:69: warning: format ‘%llu’ expects argument of type ‘long long unsigned int *’, but argument 7 has type ‘uint64_t *’ {aka ‘long unsigned int *’} [-Wformat=]
  661 |     r=scanf("dev=%llx,ino=%llu,mode=%llo,uid=%llu,gid=%llu,nlink=%llu,rdev=%llu\n",
      |                                                                  ~~~^
      |                                                                     |
      |                                                                     long long unsigned int *
      |                                                                  %lu
  662 |             &stdev, &stino, &stmode, &stuid, &stgid, &stnlink, &strdev);
      |                                                      ~~~~~~~~        
      |                                                      |
      |                                                      uint64_t * {aka long unsigned int *}
faked.c:661:79: warning: format ‘%llu’ expects argument of type ‘long long unsigned int *’, but argument 8 has type ‘uint64_t *’ {aka ‘long unsigned int *’} [-Wformat=]
  661 |     r=scanf("dev=%llx,ino=%llu,mode=%llo,uid=%llu,gid=%llu,nlink=%llu,rdev=%llu\n",
      |                                                                            ~~~^
      |                                                                               |
      |                                                                               long long unsigned int *
      |                                                                            %lu
  662 |             &stdev, &stino, &stmode, &stuid, &stgid, &stnlink, &strdev);
      |                                                                ~~~~~~~         
      |                                                                |
      |                                                                uint64_t * {aka long unsigned int *}
faked.c: In function ‘debug_stat’:
faked.c:688:31: warning: format ‘%llx’ expects argument of type ‘long long unsigned int’, but argument 3 has type ‘fake_dev_t’ {aka ‘long unsigned int’} [-Wformat=]
  688 |   fprintf(stderr,"dev:ino=(%llx:%lli), mode=0%lo, own=(%li,%li), nlink=%li, rdev=%lli\n",
      |                            ~~~^
      |                               |
      |                               long long unsigned int
      |                            %lx
  689 |           st->dev,
      |           ~~~~~~~              
      |             |
      |             fake_dev_t {aka long unsigned int}
faked.c:688:36: warning: format ‘%lli’ expects argument of type ‘long long int’, but argument 4 has type ‘fake_ino_t’ {aka ‘long unsigned int’} [-Wformat=]
  688 |   fprintf(stderr,"dev:ino=(%llx:%lli), mode=0%lo, own=(%li,%li), nlink=%li, rdev=%lli\n",
      |                                 ~~~^
      |                                    |
      |                                    long long int
      |                                 %li
  689 |           st->dev,
  690 |           st->ino,
      |           ~~~~~~~                   
      |             |
      |             fake_ino_t {aka long unsigned int}
faked.c:688:85: warning: format ‘%lli’ expects argument of type ‘long long int’, but argument 9 has type ‘fake_dev_t’ {aka ‘long unsigned int’} [-Wformat=]
  688 |   fprintf(stderr,"dev:ino=(%llx:%lli), mode=0%lo, own=(%li,%li), nlink=%li, rdev=%lli\n",
      |                                                                                  ~~~^
      |                                                                                     |
      |                                                                                     long long int
      |                                                                                  %li
......
  695 |           st->rdev);
      |           ~~~~~~~~                                                                   
      |             |
      |             fake_dev_t {aka long unsigned int}
libtool: compile:  /usr/bin/gcc -DHAVE_CONFIG_H -I. -I/home/no/Desktop/github/riscv_emulator-seulgi-v1/buildroot/output/host/include -O2 -I/home/no/Desktop/github/riscv_emulator-seulgi-v1/buildroot/output/host/include -c libfakeroot_inode64.c  -fPIC -DPIC -o .libs/libfakeroot_inode64.o
libtool: compile:  /usr/bin/gcc -DHAVE_CONFIG_H -I. -I/home/no/Desktop/github/riscv_emulator-seulgi-v1/buildroot/output/host/include -O2 -I/home/no/Desktop/github/riscv_emulator-seulgi-v1/buildroot/output/host/include -c communicate.c  -fPIC -DPIC -o .libs/communicate.o
libtool: compile:  /usr/bin/gcc -DHAVE_CONFIG_H -I. -I/home/no/Desktop/github/riscv_emulator-seulgi-v1/buildroot/output/host/include -O2 -I/home/no/Desktop/github/riscv_emulator-seulgi-v1/buildroot/output/host/include -c libfakeroot_unix2003.c  -fPIC -DPIC -o .libs/libfakeroot_unix2003.o
libtool: compile:  /usr/bin/gcc -DHAVE_CONFIG_H -I. -I/home/no/Desktop/github/riscv_emulator-seulgi-v1/buildroot/output/host/include -O2 -I/home/no/Desktop/github/riscv_emulator-seulgi-v1/buildroot/output/host/include -c libfakeroot.c  -fPIC -DPIC -o .libs/libfakeroot.o
libtool: compile:  /usr/bin/gcc -DHAVE_CONFIG_H -I. -D_FILE_OFFSET_BITS=64 -D_TIME_BITS=64 -I/home/no/Desktop/github/riscv_emulator-seulgi-v1/buildroot/output/host/include -O2 -I/home/no/Desktop/github/riscv_emulator-seulgi-v1/buildroot/output/host/include -c libfakeroot_time64.c  -fPIC -DPIC -o .libs/libfakeroot_time64_la-libfakeroot_time64.o
/bin/bash ./libtool  --tag=CC   --mode=link /usr/bin/gcc  -O2 -I/home/no/Desktop/github/riscv_emulator-seulgi-v1/buildroot/output/host/include  -L/home/no/Desktop/github/riscv_emulator-seulgi-v1/buildroot/output/host/lib -Wl,-rpath,/home/no/Desktop/github/riscv_emulator-seulgi-v1/buildroot/output/host/lib -o libmacosx.la  libfakeroot_inode64.lo libfakeroot_unix2003.lo  -ldl 
In file included from libfakeroot_time64.c:19:
wrapped.h:234:97: warning: ‘struct statx’ declared inside parameter list will not be visible outside of this definition or declaration
  234 | extern int (*next_statx)(int dir_fd, const char *pathname, int flags, unsigned int mask, struct statx *buf);
      |                                                                                                 ^~~~~
/bin/bash ./libtool  --tag=CC   --mode=link /usr/bin/gcc  -O2 -I/home/no/Desktop/github/riscv_emulator-seulgi-v1/buildroot/output/host/include  -L/home/no/Desktop/github/riscv_emulator-seulgi-v1/buildroot/output/host/lib -Wl,-rpath,/home/no/Desktop/github/riscv_emulator-seulgi-v1/buildroot/output/host/lib -o libfakeroot_time64.la  libfakeroot_time64_la-libfakeroot_time64.lo  -ldl 
libtool: link: /usr/bin/gcc -O2 -I/home/no/Desktop/github/riscv_emulator-seulgi-v1/buildroot/output/host/include -Wl,-rpath -Wl,/home/no/Desktop/github/riscv_emulator-seulgi-v1/buildroot/output/host/lib -o simple simple.o  -L/home/no/Desktop/github/riscv_emulator-seulgi-v1/buildroot/output/host/lib -ldl
libtool: link: /usr/bin/ar cr .libs/libmacosx.a .libs/libfakeroot_inode64.o .libs/libfakeroot_unix2003.o 
libtool: link: /usr/bin/ranlib .libs/libmacosx.a
/bin/bash ./libtool  --tag=CC   --mode=link /usr/bin/gcc  -O2 -I/home/no/Desktop/github/riscv_emulator-seulgi-v1/buildroot/output/host/include  -L/home/no/Desktop/github/riscv_emulator-seulgi-v1/buildroot/output/host/lib -Wl,-rpath,/home/no/Desktop/github/riscv_emulator-seulgi-v1/buildroot/output/host/lib -o libcommunicate.la  communicate.lo  -ldl 
libtool: link: ( cd ".libs" && rm -f "libmacosx.la" && ln -s "../libmacosx.la" "libmacosx.la" )
libtool: link: /usr/bin/ar cr .libs/libfakeroot_time64.a .libs/libfakeroot_time64_la-libfakeroot_time64.o 
libtool: link: /usr/bin/ranlib .libs/libfakeroot_time64.a
libtool: link: ( cd ".libs" && rm -f "libfakeroot_time64.la" && ln -s "../libfakeroot_time64.la" "libfakeroot_time64.la" )
libtool: link: /usr/bin/ar cr .libs/libcommunicate.a .libs/communicate.o 
libtool: link: /usr/bin/ranlib .libs/libcommunicate.a
libtool: link: ( cd ".libs" && rm -f "libcommunicate.la" && ln -s "../libcommunicate.la" "libcommunicate.la" )
/bin/bash ./libtool  --tag=CC   --mode=link /usr/bin/gcc  -O2 -I/home/no/Desktop/github/riscv_emulator-seulgi-v1/buildroot/output/host/include  -L/home/no/Desktop/github/riscv_emulator-seulgi-v1/buildroot/output/host/lib -Wl,-rpath,/home/no/Desktop/github/riscv_emulator-seulgi-v1/buildroot/output/host/lib -o faked faked.o libcommunicate.la -ldl 
libtool: link: /usr/bin/gcc -O2 -I/home/no/Desktop/github/riscv_emulator-seulgi-v1/buildroot/output/host/include -Wl,-rpath -Wl,/home/no/Desktop/github/riscv_emulator-seulgi-v1/buildroot/output/host/lib -o faked faked.o  -L/home/no/Desktop/github/riscv_emulator-seulgi-v1/buildroot/output/host/lib ./.libs/libcommunicate.a -ldl
/bin/bash ./libtool  --tag=CC   --mode=link /usr/bin/gcc  -O2 -I/home/no/Desktop/github/riscv_emulator-seulgi-v1/buildroot/output/host/include -release 0 -L/home/no/Desktop/github/riscv_emulator-seulgi-v1/buildroot/output/host/lib -Wl,-rpath,/home/no/Desktop/github/riscv_emulator-seulgi-v1/buildroot/output/host/lib -o libfakeroot.la -rpath /home/no/Desktop/github/riscv_emulator-seulgi-v1/buildroot/output/host/lib libfakeroot.lo libfakeroot_time64.la libcommunicate.la  -ldl 
libtool: link: /usr/bin/gcc -shared  -fPIC -DPIC  .libs/libfakeroot.o  -Wl,--whole-archive ./.libs/libfakeroot_time64.a ./.libs/libcommunicate.a -Wl,--no-whole-archive  -L/home/no/Desktop/github/riscv_emulator-seulgi-v1/buildroot/output/host/lib -ldl  -O2 -Wl,-rpath -Wl,/home/no/Desktop/github/riscv_emulator-seulgi-v1/buildroot/output/host/lib   -Wl,-soname -Wl,libfakeroot-0.so -o .libs/libfakeroot-0.so
libtool: link: (cd ".libs" && rm -f "libfakeroot.so" && ln -s "libfakeroot-0.so" "libfakeroot.so")
libtool: link: ( cd ".libs" && rm -f "libfakeroot.la" && ln -s "../libfakeroot.la" "libfakeroot.la" )
>>> host-fakeroot 1.37.2 Installing to host directory
GIT_DIR=. PATH="/home/no/Desktop/github/riscv_emulator-seulgi-v1/buildroot/output/host/bin:/home/no/Desktop/github/riscv_emulator-seulgi-v1/buildroot/output/host/sbin:/home/no/.local/bin:/home/no/.local/bin:/home/no/bin:/media/no/b7ced73c-5231-4462-b98d-64e38fe2df9e/home/jbez/Desktop/!.📶️.SHARE]/!.🦾️].fullsharezip/💪🏾️].no-desk.sharezip/📲️📵️.GTFO.flxbx.📦️arcbit♏️/#.⛷️LOOSE-TANGENT]2wild]🎄️⛷️/🪆️.a0/📟️.a0/🎓️/🧼️/🥌️🗡️🛡️🧷️/🛡️.ARMOR.OF.WAR.NOW!]a1/🌐️🗺️🧫️.voxel_sphere_lab]a0/2.Mid.urf.PLAY]loglev]🪓️🤓️🪄️🪵️a0/🧪️]jul8.🏚️.®™]d10/jl69.🥡️.®™]🟦🟥️🟨️]a0/!.🚦️🏎️🏎️🏎️]a3]GOIN!/Fas7.🥡️.®™]🔳️⏹️]E6/earf.🌎️.®™/Lnd1.🏝️.®™/crsr.🗡️.®™]g10📌️/env0🥡️.®™]a0📌️/home.🥡️.®™]a0📌️/!.inst.🫕️.®™/+x/:/home/no/.grok/bin:/home/no/.opencode/bin:/home/no/.local/bin:/usr/local/bin:/usr/local/qt4/bin:/usr/local/qt4/bin:/home/no/.nvm/versions/node/v22.11.0/bin:/home/no/.local/bin:/home/no/.cargo/bin:/home/no/.local/bin:/home/no/bin:/media/no/b7ced73c-5231-4462-b98d-64e38fe2df9e/home/jbez/Desktop/!.📶️.SHARE]/!.🦾️].fullsharezip/💪🏾️].no-desk.sharezip/📲️📵️.GTFO.flxbx.📦️arcbit♏️/#.⛷️LOOSE-TANGENT]2wild]🎄️⛷️/🪆️.a0/📟️.a0/🎓️/🧼️/🥌️🗡️🛡️🧷️/🛡️.ARMOR.OF.WAR.NOW!]a1/🌐️🗺️🧫️.voxel_sphere_lab]a0/2.Mid.urf.PLAY]loglev]🪓️🤓️🪄️🪵️a0/🧪️]jul8.🏚️.®™]d10/jl69.🥡️.®™]🟦🟥️🟨️]a0/!.🚦️🏎️🏎️🏎️]a3]GOIN!/Fas7.🥡️.®™]🔳️⏹️]E6/earf.🌎️.®™/Lnd1.🏝️.®™/crsr.🗡️.®™]g10📌️/env0🥡️.®™]a0📌️/home.🥡️.®™]a0📌️/!.inst.🫕️.®™/+x/:/usr/local/sbin:/usr/local/bin:/usr/sbin:/usr/bin:/sbin:/bin:/usr/games:/usr/local/games:/snap/bin:/snap/bin:/home/no/.local/bin:/home/no/.lmstudio/bin:/home/no/.lmstudio/bin:/home/no/.lmstudio/bin" PKG_CONFIG="/home/no/Desktop/github/riscv_emulator-seulgi-v1/buildroot/output/host/bin/pkg-config" PKG_CONFIG_SYSROOT_DIR="/" PKG_CONFIG_ALLOW_SYSTEM_CFLAGS=1 PKG_CONFIG_ALLOW_SYSTEM_LIBS=1 PKG_CONFIG_LIBDIR="/home/no/Desktop/github/riscv_emulator-seulgi-v1/buildroot/output/host/lib/pkgconfig:/home/no/Desktop/github/riscv_emulator-seulgi-v1/buildroot/output/host/share/pkgconfig"  /usr/bin/make  install -C /home/no/Desktop/github/riscv_emulator-seulgi-v1/buildroot/output/build/host-fakeroot-1.37.2/
Making install in doc
Making install in de
make[5]: Nothing to be done for 'install-exec-am'.
 /usr/bin/mkdir -p '/home/no/Desktop/github/riscv_emulator-seulgi-v1/buildroot/output/host/share/man/de/man1'
 /usr/bin/install -c -m 644 faked.1 fakeroot.1 '/home/no/Desktop/github/riscv_emulator-seulgi-v1/buildroot/output/host/share/man/de/man1'
Making install in es
make[5]: Nothing to be done for 'install-exec-am'.
 /usr/bin/mkdir -p '/home/no/Desktop/github/riscv_emulator-seulgi-v1/buildroot/output/host/share/man/es/man1'
 /usr/bin/install -c -m 644 faked.1 fakeroot.1 '/home/no/Desktop/github/riscv_emulator-seulgi-v1/buildroot/output/host/share/man/es/man1'
Making install in fr
make[5]: Nothing to be done for 'install-exec-am'.
 /usr/bin/mkdir -p '/home/no/Desktop/github/riscv_emulator-seulgi-v1/buildroot/output/host/share/man/fr/man1'
 /usr/bin/install -c -m 644 fakeroot.1 faked.1 '/home/no/Desktop/github/riscv_emulator-seulgi-v1/buildroot/output/host/share/man/fr/man1'
Making install in nl
make[5]: Nothing to be done for 'install-exec-am'.
 /usr/bin/mkdir -p '/home/no/Desktop/github/riscv_emulator-seulgi-v1/buildroot/output/host/share/man/nl/man1'
 /usr/bin/install -c -m 644 fakeroot.1 faked.1 '/home/no/Desktop/github/riscv_emulator-seulgi-v1/buildroot/output/host/share/man/nl/man1'
Making install in pt
make[5]: Nothing to be done for 'install-exec-am'.
 /usr/bin/mkdir -p '/home/no/Desktop/github/riscv_emulator-seulgi-v1/buildroot/output/host/share/man/pt/man1'
 /usr/bin/install -c -m 644 fakeroot.1 faked.1 '/home/no/Desktop/github/riscv_emulator-seulgi-v1/buildroot/output/host/share/man/pt/man1'
Making install in ro
make[5]: Nothing to be done for 'install-exec-am'.
 /usr/bin/mkdir -p '/home/no/Desktop/github/riscv_emulator-seulgi-v1/buildroot/output/host/share/man/ro/man1'
 /usr/bin/install -c -m 644 faked.1 fakeroot.1 '/home/no/Desktop/github/riscv_emulator-seulgi-v1/buildroot/output/host/share/man/ro/man1'
Making install in sv
make[5]: Nothing to be done for 'install-exec-am'.
 /usr/bin/mkdir -p '/home/no/Desktop/github/riscv_emulator-seulgi-v1/buildroot/output/host/share/man/sv/man1'
 /usr/bin/install -c -m 644 faked.1 fakeroot.1 '/home/no/Desktop/github/riscv_emulator-seulgi-v1/buildroot/output/host/share/man/sv/man1'
make[5]: Nothing to be done for 'install-exec-am'.
 /usr/bin/mkdir -p '/home/no/Desktop/github/riscv_emulator-seulgi-v1/buildroot/output/host/share/man/man1'
 /usr/bin/install -c -m 644 faked.1 fakeroot.1 '/home/no/Desktop/github/riscv_emulator-seulgi-v1/buildroot/output/host/share/man/man1'
Making install in scripts
make[4]: Nothing to be done for 'install-data-am'.
 /usr/bin/mkdir -p '/home/no/Desktop/github/riscv_emulator-seulgi-v1/buildroot/output/host/bin'
 /usr/bin/install -c fakeroot '/home/no/Desktop/github/riscv_emulator-seulgi-v1/buildroot/output/host/bin'
Making install in test
make[4]: Nothing to be done for 'install-exec-am'.
make[4]: Nothing to be done for 'install-data-am'.
make[4]: Nothing to be done for 'install-data-am'.
 /usr/bin/mkdir -p '/home/no/Desktop/github/riscv_emulator-seulgi-v1/buildroot/output/host/lib'
 /bin/bash ./libtool   --mode=install /usr/bin/install -c   libfakeroot.la '/home/no/Desktop/github/riscv_emulator-seulgi-v1/buildroot/output/host/lib'
libtool: install: /usr/bin/install -c .libs/libfakeroot-0.so /home/no/Desktop/github/riscv_emulator-seulgi-v1/buildroot/output/host/lib/libfakeroot-0.so
libtool: install: (cd /home/no/Desktop/github/riscv_emulator-seulgi-v1/buildroot/output/host/lib && { ln -s -f libfakeroot-0.so libfakeroot.so || { rm -f libfakeroot.so && ln -s libfakeroot-0.so libfakeroot.so; }; })
libtool: install: /usr/bin/install -c .libs/libfakeroot.lai /home/no/Desktop/github/riscv_emulator-seulgi-v1/buildroot/output/host/lib/libfakeroot.la
libtool: finish: PATH="/home/no/Desktop/github/riscv_emulator-seulgi-v1/buildroot/output/host/bin:/home/no/Desktop/github/riscv_emulator-seulgi-v1/buildroot/output/host/sbin:/home/no/.local/bin:/home/no/.local/bin:/home/no/bin:/media/no/b7ced73c-5231-4462-b98d-64e38fe2df9e/home/jbez/Desktop/!.📶️.SHARE]/!.🦾️].fullsharezip/💪🏾️].no-desk.sharezip/📲️📵️.GTFO.flxbx.📦️arcbit♏️/#.⛷️LOOSE-TANGENT]2wild]🎄️⛷️/🪆️.a0/📟️.a0/🎓️/🧼️/🥌️🗡️🛡️🧷️/🛡️.ARMOR.OF.WAR.NOW!]a1/🌐️🗺️🧫️.voxel_sphere_lab]a0/2.Mid.urf.PLAY]loglev]🪓️🤓️🪄️🪵️a0/🧪️]jul8.🏚️.®™]d10/jl69.🥡️.®™]🟦🟥️🟨️]a0/!.🚦️🏎️🏎️🏎️]a3]GOIN!/Fas7.🥡️.®™]🔳️⏹️]E6/earf.🌎️.®™/Lnd1.🏝️.®™/crsr.🗡️.®™]g10📌️/env0🥡️.®™]a0📌️/home.🥡️.®™]a0📌️/!.inst.🫕️.®™/+x/:/home/no/.grok/bin:/home/no/.opencode/bin:/home/no/.local/bin:/usr/local/bin:/usr/local/qt4/bin:/usr/local/qt4/bin:/home/no/.nvm/versions/node/v22.11.0/bin:/home/no/.local/bin:/home/no/.cargo/bin:/home/no/.local/bin:/home/no/bin:/media/no/b7ced73c-5231-4462-b98d-64e38fe2df9e/home/jbez/Desktop/!.📶️.SHARE]/!.🦾️].fullsharezip/💪🏾️].no-desk.sharezip/📲️📵️.GTFO.flxbx.📦️arcbit♏️/#.⛷️LOOSE-TANGENT]2wild]🎄️⛷️/🪆️.a0/📟️.a0/🎓️/🧼️/🥌️🗡️🛡️🧷️/🛡️.ARMOR.OF.WAR.NOW!]a1/🌐️🗺️🧫️.voxel_sphere_lab]a0/2.Mid.urf.PLAY]loglev]🪓️🤓️🪄️🪵️a0/🧪️]jul8.🏚️.®™]d10/jl69.🥡️.®™]🟦🟥️🟨️]a0/!.🚦️🏎️🏎️🏎️]a3]GOIN!/Fas7.🥡️.®™]🔳️⏹️]E6/earf.🌎️.®™/Lnd1.🏝️.®™/crsr.🗡️.®™]g10📌️/env0🥡️.®™]a0📌️/home.🥡️.®™]a0📌️/!.inst.🫕️.®™/+x/:/usr/local/sbin:/usr/local/bin:/usr/sbin:/usr/bin:/sbin:/bin:/usr/games:/usr/local/games:/snap/bin:/snap/bin:/home/no/.local/bin:/home/no/.lmstudio/bin:/home/no/.lmstudio/bin:/home/no/.lmstudio/bin:/sbin" ldconfig -n /home/no/Desktop/github/riscv_emulator-seulgi-v1/buildroot/output/host/lib
----------------------------------------------------------------------
Libraries have been installed in:
   /home/no/Desktop/github/riscv_emulator-seulgi-v1/buildroot/output/host/lib

If you ever happen to want to link against installed libraries
in a given directory, LIBDIR, you must either use libtool, and
specify the full pathname of the library, or use the '-LLIBDIR'
flag during linking and do at least one of the following:
   - add LIBDIR to the 'LD_LIBRARY_PATH' environment variable
     during execution
   - add LIBDIR to the 'LD_RUN_PATH' environment variable
     during linking
   - use the '-Wl,-rpath -Wl,LIBDIR' linker flag
   - have your system administrator add LIBDIR to '/etc/ld.so.conf'

See any operating system documentation about shared libraries for
more information, such as the ld(1) and ld.so(8) manual pages.
----------------------------------------------------------------------
 /usr/bin/mkdir -p '/home/no/Desktop/github/riscv_emulator-seulgi-v1/buildroot/output/host/bin'
  /bin/bash ./libtool   --mode=install /usr/bin/install -c faked '/home/no/Desktop/github/riscv_emulator-seulgi-v1/buildroot/output/host/bin'
libtool: install: /usr/bin/install -c faked /home/no/Desktop/github/riscv_emulator-seulgi-v1/buildroot/output/host/bin/faked
>>> host-makedevs  Extracting
cp package/makedevs/makedevs.c /home/no/Desktop/github/riscv_emulator-seulgi-v1/buildroot/output/build/host-makedevs
>>> host-makedevs  Patching
>>> host-makedevs  Configuring
>>> host-makedevs  Building
/usr/bin/gcc -O2 -I/home/no/Desktop/github/riscv_emulator-seulgi-v1/buildroot/output/host/include /home/no/Desktop/github/riscv_emulator-seulgi-v1/buildroot/output/build/host-makedevs/makedevs.c -o /home/no/Desktop/github/riscv_emulator-seulgi-v1/buildroot/output/build/host-makedevs/makedevs -L/home/no/Desktop/github/riscv_emulator-seulgi-v1/buildroot/output/host/lib -Wl,-rpath,/home/no/Desktop/github/riscv_emulator-seulgi-v1/buildroot/output/host/lib
>>> host-makedevs  Installing to host directory
/usr/bin/install -D -m 755 /home/no/Desktop/github/riscv_emulator-seulgi-v1/buildroot/output/build/host-makedevs/makedevs /home/no/Desktop/github/riscv_emulator-seulgi-v1/buildroot/output/host/bin/makedevs
>>> host-bison 3.8.2 Downloading
wget -nd -t 3 --connect-timeout=10 -O '/home/no/Desktop/github/riscv_emulator-seulgi-v1/buildroot/output/build/.bison-3.8.2.tar.xz.BBIKBF/output' 'https://ftpmirror.gnu.org/bison/bison-3.8.2.tar.xz' 
--2026-09-15 11:15:08--  https://ftpmirror.gnu.org/bison/bison-3.8.2.tar.xz
Resolving ftpmirror.gnu.org (ftpmirror.gnu.org)... 2001:470:142:5::200, 209.51.188.200
Connecting to ftpmirror.gnu.org (ftpmirror.gnu.org)|2001:470:142:5::200|:443... connected.
HTTP request sent, awaiting response... 302 Moved Temporarily
Location: https://mirror.hiesoft.net/gnu/bison/bison-3.8.2.tar.xz [following]
--2026-09-15 11:15:09--  https://mirror.hiesoft.net/gnu/bison/bison-3.8.2.tar.xz
Resolving mirror.hiesoft.net (mirror.hiesoft.net)... 2803:fe30:1400::11, 154.88.182.52
Connecting to mirror.hiesoft.net (mirror.hiesoft.net)|2803:fe30:1400::11|:443... connected.
HTTP request sent, awaiting response... 200 OK
Length: 2817324 (2.7M) [application/octet-stream]
Saving to: ‘/home/no/Desktop/github/riscv_emulator-seulgi-v1/buildroot/output/build/.bison-3.8.2.tar.xz.BBIKBF/output’

     0K .......... .......... .......... .......... ..........  1%  458K 6s
    50K .......... .......... .......... .......... ..........  3%  449K 6s
   100K .......... .......... .......... .......... ..........  5% 1.01M 5s
   150K .......... .......... .......... .......... ..........  7% 22.7M 3s
   200K .......... .......... .......... .......... ..........  9%  870K 3s
   250K .......... .......... .......... .......... .......... 10% 26.0M 3s
   300K .......... .......... .......... .......... .......... 12%  990K 3s
   350K .......... .......... .......... .......... .......... 14% 17.4M 2s
   400K .......... .......... .......... .......... .......... 16% 48.0M 2s
   450K .......... .......... .......... .......... .......... 18%  880K 2s
   500K .......... .......... .......... .......... .......... 19%  115M 2s
   550K .......... .......... .......... .......... .......... 21% 39.7M 2s
   600K .......... .......... .......... .......... .......... 23% 29.2M 1s
   650K .......... .......... .......... .......... .......... 25%  971K 1s
   700K .......... .......... .......... .......... .......... 27% 98.2M 1s
   750K .......... .......... .......... .......... .......... 29% 57.7M 1s
   800K .......... .......... .......... .......... .......... 30% 51.1M 1s
   850K .......... .......... .......... .......... .......... 32%  100M 1s
   900K .......... .......... .......... .......... .......... 34% 40.1M 1s
   950K .......... .......... .......... .......... .......... 36% 1.09M 1s
  1000K .......... .......... .......... .......... .......... 38% 4.76M 1s
  1050K .......... .......... .......... .......... .......... 39%  107M 1s
  1100K .......... .......... .......... .......... .......... 41% 17.8M 1s
  1150K .......... .......... .......... .......... .......... 43% 25.5M 1s
  1200K .......... .......... .......... .......... .......... 45% 92.8M 1s
  1250K .......... .......... .......... .......... .......... 47% 1.02M 1s
  1300K .......... .......... .......... .......... .......... 49% 94.1M 1s
  1350K .......... .......... .......... .......... .......... 50% 47.3M 1s
  1400K .......... .......... .......... .......... .......... 52% 73.0M 1s
  1450K .......... .......... .......... .......... .......... 54% 44.9M 1s
  1500K .......... .......... .......... .......... .......... 56% 90.4M 0s
  1550K .......... .......... .......... .......... .......... 58% 64.7M 0s
  1600K .......... .......... .......... .......... .......... 59% 63.6M 0s
  1650K .......... .......... .......... .......... .......... 61% 24.3M 0s
  1700K .......... .......... .......... .......... .......... 63% 70.9M 0s
  1750K .......... .......... .......... .......... .......... 65% 81.0M 0s
  1800K .......... .......... .......... .......... .......... 67% 78.8M 0s
  1850K .......... .......... .......... .......... .......... 69% 67.7M 0s
  1900K .......... .......... .......... .......... .......... 70% 1.44M 0s
  1950K .......... .......... .......... .......... .......... 72% 11.6M 0s
  2000K .......... .......... .......... .......... .......... 74% 76.7M 0s
  2050K .......... .......... .......... .......... .......... 76% 2.10M 0s
  2100K .......... .......... .......... .......... .......... 78% 23.1M 0s
  2150K .......... .......... .......... .......... .......... 79% 71.9M 0s
  2200K .......... .......... .......... .......... .......... 81% 73.7M 0s
  2250K .......... .......... .......... .......... .......... 83% 80.3M 0s
  2300K .......... .......... .......... .......... .......... 85% 53.3M 0s
  2350K .......... .......... .......... .......... .......... 87% 55.5M 0s
  2400K .......... .......... .......... .......... .......... 89%  103M 0s
  2450K .......... .......... .......... .......... .......... 90% 77.7M 0s
  2500K .......... .......... .......... .......... .......... 92% 77.7M 0s
  2550K .......... .......... .......... .......... .......... 94% 1.45M 0s
  2600K .......... .......... .......... .......... .......... 96% 3.98M 0s
  2650K .......... .......... .......... .......... .......... 98%  100M 0s
  2700K .......... .......... .......... .......... .......... 99% 17.9M 0s
  2750K .                                                     100% 2.41T=0.7s

2026-09-15 11:15:10 (3.64 MB/s) - ‘/home/no/Desktop/github/riscv_emulator-seulgi-v1/buildroot/output/build/.bison-3.8.2.tar.xz.BBIKBF/output’ saved [2817324/2817324]

bison-3.8.2.tar.xz: OK (sha256: 9bba0214ccf7f1079c5d59210045227bcf619519840ebfa80cd3849cff5a5bf2)
>>> host-bison 3.8.2 Extracting
xzcat /home/no/Desktop/github/riscv_emulator-seulgi-v1/buildroot/dl/bison/bison-3.8.2.tar.xz | /home/no/Desktop/github/riscv_emulator-seulgi-v1/buildroot/output/host/bin/tar --strip-components=1 -C /home/no/Desktop/github/riscv_emulator-seulgi-v1/buildroot/output/build/host-bison-3.8.2   -xf -
>>> host-bison 3.8.2 Patching
>>> host-bison 3.8.2 Updating config.sub and config.guess
for file in config.guess config.sub; do for i in $(find /home/no/Desktop/github/riscv_emulator-seulgi-v1/buildroot/output/build/host-bison-3.8.2 -name $file); do cp support/gnuconfig/$file $i; done; done
>>> host-bison 3.8.2 Patching libtool
>>> host-bison 3.8.2 Configuring
(cd /home/no/Desktop/github/riscv_emulator-seulgi-v1/buildroot/output/build/host-bison-3.8.2/ && rm -rf config.cache; GIT_DIR=. PATH="/home/no/Desktop/github/riscv_emulator-seulgi-v1/buildroot/output/host/bin:/home/no/Desktop/github/riscv_emulator-seulgi-v1/buildroot/output/host/sbin:/home/no/.local/bin:/home/no/.local/bin:/home/no/bin:/media/no/b7ced73c-5231-4462-b98d-64e38fe2df9e/home/jbez/Desktop/!.📶️.SHARE]/!.🦾️].fullsharezip/💪🏾️].no-desk.sharezip/📲️📵️.GTFO.flxbx.📦️arcbit♏️/#.⛷️LOOSE-TANGENT]2wild]🎄️⛷️/🪆️.a0/📟️.a0/🎓️/🧼️/🥌️🗡️🛡️🧷️/🛡️.ARMOR.OF.WAR.NOW!]a1/🌐️🗺️🧫️.voxel_sphere_lab]a0/2.Mid.urf.PLAY]loglev]🪓️🤓️🪄️🪵️a0/🧪️]jul8.🏚️.®™]d10/jl69.🥡️.®™]🟦🟥️🟨️]a0/!.🚦️🏎️🏎️🏎️]a3]GOIN!/Fas7.🥡️.®™]🔳️⏹️]E6/earf.🌎️.®™/Lnd1.🏝️.®™/crsr.🗡️.®™]g10📌️/env0🥡️.®™]a0📌️/home.🥡️.®™]a0📌️/!.inst.🫕️.®™/+x/:/home/no/.grok/bin:/home/no/.opencode/bin:/home/no/.local/bin:/usr/local/bin:/usr/local/qt4/bin:/usr/local/qt4/bin:/home/no/.nvm/versions/node/v22.11.0/bin:/home/no/.local/bin:/home/no/.cargo/bin:/home/no/.local/bin:/home/no/bin:/media/no/b7ced73c-5231-4462-b98d-64e38fe2df9e/home/jbez/Desktop/!.📶️.SHARE]/!.🦾️].fullsharezip/💪🏾️].no-desk.sharezip/📲️📵️.GTFO.flxbx.📦️arcbit♏️/#.⛷️LOOSE-TANGENT]2wild]🎄️⛷️/🪆️.a0/📟️.a0/🎓️/🧼️/🥌️🗡️🛡️🧷️/🛡️.ARMOR.OF.WAR.NOW!]a1/🌐️🗺️🧫️.voxel_sphere_lab]a0/2.Mid.urf.PLAY]loglev]🪓️🤓️🪄️🪵️a0/🧪️]jul8.🏚️.®™]d10/jl69.🥡️.®™]🟦🟥️🟨️]a0/!.🚦️🏎️🏎️🏎️]a3]GOIN!/Fas7.🥡️.®™]🔳️⏹️]E6/earf.🌎️.®™/Lnd1.🏝️.®™/crsr.🗡️.®™]g10📌️/env0🥡️.®™]a0📌️/home.🥡️.®™]a0📌️/!.inst.🫕️.®™/+x/:/usr/local/sbin:/usr/local/bin:/usr/sbin:/usr/bin:/sbin:/bin:/usr/games:/usr/local/games:/snap/bin:/snap/bin:/home/no/.local/bin:/home/no/.lmstudio/bin:/home/no/.lmstudio/bin:/home/no/.lmstudio/bin" PKG_CONFIG="/home/no/Desktop/github/riscv_emulator-seulgi-v1/buildroot/output/host/bin/pkg-config" PKG_CONFIG_SYSROOT_DIR="/" PKG_CONFIG_ALLOW_SYSTEM_CFLAGS=1 PKG_CONFIG_ALLOW_SYSTEM_LIBS=1 PKG_CONFIG_LIBDIR="/home/no/Desktop/github/riscv_emulator-seulgi-v1/buildroot/output/host/lib/pkgconfig:/home/no/Desktop/github/riscv_emulator-seulgi-v1/buildroot/output/host/share/pkgconfig" AR="/usr/bin/ar" AS="/usr/bin/as" LD="/usr/bin/ld" NM="/usr/bin/nm" CC="/usr/bin/gcc" GCC="/usr/bin/gcc" CXX="/usr/bin/g++" CPP="/usr/bin/cpp" OBJCOPY="/usr/bin/objcopy" RANLIB="/usr/bin/ranlib" CPPFLAGS="-I/home/no/Desktop/github/riscv_emulator-seulgi-v1/buildroot/output/host/include" CFLAGS="-O2 -I/home/no/Desktop/github/riscv_emulator-seulgi-v1/buildroot/output/host/include" CXXFLAGS="-O2 -I/home/no/Desktop/github/riscv_emulator-seulgi-v1/buildroot/output/host/include" LDFLAGS="-L/home/no/Desktop/github/riscv_emulator-seulgi-v1/buildroot/output/host/lib -Wl,-rpath,/home/no/Desktop/github/riscv_emulator-seulgi-v1/buildroot/output/host/lib" INTLTOOL_PERL=/usr/bin/perl ac_cv_libtextstyle=no CONFIG_SITE=/dev/null ./configure --prefix="/home/no/Desktop/github/riscv_emulator-seulgi-v1/buildroot/output/host" --sysconfdir="/home/no/Desktop/github/riscv_emulator-seulgi-v1/buildroot/output/host/etc" --localstatedir="/home/no/Desktop/github/riscv_emulator-seulgi-v1/buildroot/output/host/var" --enable-shared --disable-static --disable-gtk-doc --disable-gtk-doc-html --disable-doc --disable-docs --disable-documentation --disable-debug --with-xmlto=no --with-fop=no --disable-nls --disable-dependency-tracking  --enable-relocatable )
configure: WARNING: unrecognized options: --enable-shared, --disable-static, --disable-gtk-doc, --disable-gtk-doc-html, --disable-doc, --disable-docs, --disable-documentation, --disable-debug, --with-xmlto, --with-fop
checking for a BSD-compatible install... /usr/bin/install -c
checking whether build environment is sane... yes
checking for a race-free mkdir -p... /usr/bin/mkdir -p
checking for gawk... gawk
checking whether make sets $(MAKE)... yes
checking whether make supports nested variables... yes
checking whether make supports nested variables... (cached) yes
checking for gcc... /usr/bin/gcc
checking whether the C compiler works... yes
checking for C compiler default output file name... a.out
checking for suffix of executables... 
checking whether we are cross compiling... no
checking for suffix of object files... o
checking whether the compiler supports GNU C... yes
checking whether /usr/bin/gcc accepts -g... yes
checking for /usr/bin/gcc option to enable C11 features... none needed
checking whether /usr/bin/gcc understands -c and -o together... yes
checking whether the compiler is clang... no
checking for compiler option needed when checking for declarations... none
checking whether make supports the include directive... yes (GNU style)
checking dependency style of /usr/bin/gcc... none
checking whether the compiler supports GNU C++... yes
checking whether /usr/bin/g++ accepts -g... yes
checking for /usr/bin/g++ option to enable C++11 features... none needed
checking dependency style of /usr/bin/g++... none
checking for stdio.h... yes
checking for stdlib.h... yes
checking for string.h... yes
checking for inttypes.h... yes
checking for stdint.h... yes
checking for strings.h... yes
checking for sys/stat.h... yes
checking for sys/types.h... yes
checking for unistd.h... yes
checking for wchar.h... yes
checking for minix/config.h... no
checking for locale.h... yes
checking for sys/param.h... yes
checking for sys/socket.h... yes
checking for stdio_ext.h... yes
checking for features.h... yes
checking for getopt.h... yes
checking for sys/cdefs.h... yes
checking for sys/time.h... yes
checking for iconv.h... yes
checking for limits.h... yes
checking for crtdefs.h... no
checking for wctype.h... yes
checking for threads.h... yes
checking for math.h... yes
checking for sys/mman.h... yes
checking for spawn.h... yes
checking for sys/ioctl.h... yes
checking for sys/resource.h... yes
checking for sys/times.h... yes
checking for sys/wait.h... yes
checking for termios.h... yes
checking for dirent.h... yes
checking for xlocale.h... no
checking whether it is safe to define __EXTENSIONS__... yes
checking whether _XOPEN_SOURCE should be defined... no
checking build system type... x86_64-pc-linux-gnu
checking host system type... x86_64-pc-linux-gnu
checking how to run the C preprocessor... /usr/bin/cpp
checking for grep that handles long lines and -e... /usr/bin/grep
checking for egrep... /usr/bin/grep -E
checking for Minix Amsterdam compiler... no
checking for ar... /usr/bin/ar
checking for special C compiler options needed for large files... no
checking for _FILE_OFFSET_BITS value needed for large files... no
checking for ld... /usr/bin/ld
checking if the linker (/usr/bin/ld) is GNU ld... yes
checking for shared library run path origin... done
checking 32-bit host C ABI... no
checking for ELF binary format... yes
checking for the common suffixes of directories in the library search path... lib,lib,lib64
checking for libtextstyle... (cached) no
checking for inline... inline
checking for tcdrain... yes
checking for canonicalize_file_name... yes
checking for faccessat... yes
checking for realpath... yes
checking for lstat... yes
checking for readlinkat... yes
checking for _set_invalid_parameter_handler... no
checking for fchdir... yes
checking for fcntl... yes
checking for symlink... yes
checking for ffsl... yes
checking for vasnprintf... no
checking for snprintf... yes
checking for fsync... yes
checking for microuptime... no
checking for nanouptime... no
checking for getprogname... no
checking for getexecname... no
checking for getrusage... yes
checking for gettimeofday... yes
checking for iswcntrl... yes
checking for iswblank... yes
checking for mbsinit... yes
checking for mbrtowc... yes
checking for isascii... yes
checking for mprotect... yes
checking for obstack_printf... yes
checking for strerror_r... yes
checking for __xpg_strerror_r... yes
checking for pipe... yes
checking for pipe2... yes
checking for posix_spawn_file_actions_addchdir_np... yes
checking for posix_spawn_file_actions_addchdir... no
checking for readlink... yes
checking for setenv... yes
checking for link... yes
checking for sigaction... yes
checking for sigaltstack... yes
checking for siginterrupt... yes
checking for stpncpy... yes
checking for strndup... yes
checking for wcwidth... yes
checking for fdopendir... yes
checking for mempcpy... yes
checking for __fseterr... no
checking for fstatat... yes
checking for getdelim... yes
checking for getdtablesize... yes
checking for openat... yes
checking for catgets... yes
checking for setlocale... yes
checking whether pragma GCC diagnostic push works... yes
checking whether C++ compiler handles -Werror -Wunknown-warning-option... no
checking whether C++ compiler handles -fno-exceptions... yes
checking whether C++ compiler accepts -std=c++98... yes
checking whether C++ compiler accepts -std=c++03... yes
checking whether C++ compiler accepts -std=c++11... yes
checking whether C++ compiler accepts -std=c++14... yes
checking whether C++ compiler accepts -std=c++17... yes
checking whether C++ compiler accepts -std=c++20... yes
checking whether C++ compiler accepts -std=c++2b... yes
checking whether /usr/bin/gcc supports POSIXLY_CORRECT=1... yes
checking whether /usr/bin/g++ builds executables that work... yes
checking whether /usr/bin/g++ supports POSIXLY_CORRECT=1... yes
checking for dmd... no
checking for -g... no
checking for Java compiler... no
checking for Java virtual machine... no
checking for flex... flex
checking whether lex is flex... yes
checking whether flex supports --header=FILE... yes
checking lex output file root... lex.yy
checking lex library... -lfl
checking whether yytext is a pointer... yes
checking for bison... bison -y
checking for ranlib... /usr/bin/ranlib
checking for GNU M4 that supports accurate traces... /home/no/Desktop/github/riscv_emulator-seulgi-v1/buildroot/output/host/bin/m4
checking whether /home/no/Desktop/github/riscv_emulator-seulgi-v1/buildroot/output/host/bin/m4 accepts --gnu... yes
checking how m4 supports trace files... --debugfile
checking for perl... /usr/bin/perl
checking for xsltproc... no
checking for inline... (cached) inline
checking for size_t... yes
checking for working alloca.h... yes
checking for alloca... yes
checking whether malloc is ptrdiff_t safe... yes
checking whether malloc, realloc, calloc set errno on failure... yes
checking whether lstat correctly handles trailing slash... yes
checking whether // is distinct from /... no
checking whether realpath works... yes
checking for getcwd... yes
checking for C/C++ restrict keyword... __restrict__
checking if environ is properly declared... yes
checking whether the preprocessor supports include_next... yes
checking whether source code line length is unlimited... yes
checking for complete errno.h... yes
checking for /usr/bin/gcc options needed to detect all undeclared functions... none needed
checking whether strerror_r is declared... yes
checking whether strerror_r returns char *... yes
checking for mode_t... yes
checking for sig_atomic_t... yes
checking for working fcntl.h... yes
checking for pid_t... yes
checking for eaccess... yes
checking for stdint.h... yes
checking for inttypes.h... yes
checking whether printf supports size specifiers as in C99... yes
checking whether printf supports 'long double' arguments... yes
checking whether printf supports infinite 'double' arguments... yes
checking whether byte ordering is bigendian... no
checking whether long double and double are the same... no
checking whether printf supports infinite 'long double' arguments... yes
checking whether printf supports the 'a' and 'A' directives... yes
checking whether printf supports the 'F' directive... yes
checking whether printf supports the 'n' directive... no
checking whether printf supports the 'ls' directive... yes
checking whether printf supports POSIX/XSI format strings with positions... yes
checking whether printf supports the grouping flag... yes
checking whether printf supports the left-adjust flag correctly... yes
checking whether printf supports the zero flag correctly... yes
checking whether printf supports large precisions... yes
checking whether the compiler produces multi-arch binaries... no
checking whether printf survives out-of-memory conditions... yes
checking for wchar_t... yes
checking for wint_t... yes
checking whether wint_t is large enough... yes
checking for intmax_t... yes
checking where to find the exponent in a 'double'... word 1 bit 20
checking whether snprintf returns a byte count as in C99... yes
checking whether snprintf truncates the result as in C99... yes
checking for snprintf... (cached) yes
checking for strnlen... yes
checking for wcslen... yes
checking for wcsnlen... yes
checking for mbrtowc... (cached) yes
checking for wcrtomb... yes
checking whether _snprintf is declared... no
checking whether frexp() can be used without linking with libm... yes
checking whether alarm is declared... yes
checking whether getcwd (NULL, 0) allocates memory for result... yes
checking for getcwd with POSIX signature... yes
checking whether getcwd is declared... yes
checking for d_ino member in directory struct... yes
checking for arithmetic hrtime_t... no
checking for getopt.h... (cached) yes
checking for getopt_long_only... yes
checking whether getopt is POSIX compatible... yes
checking for working GNU getopt function... yes
checking for working GNU getopt_long function... yes
checking for struct timeval... yes
checking for wide-enough struct timeval.tv_sec member... yes
checking for iconv... yes
checking for working iconv... yes
checking whether iconv is compatible with its POSIX signature... yes
checking whether limits.h has WORD_BIT, BOOL_WIDTH etc.... yes
checking whether stdint.h conforms to C99... yes
checking whether stdint.h works without ISO C predefines... yes
checking whether stdint.h has UINTMAX_WIDTH etc.... yes
checking whether INT32_MAX < INTMAX_MAX... yes
checking whether INT64_MAX == LONG_MAX... yes
checking whether UINT32_MAX < UINTMAX_MAX... yes
checking whether UINT64_MAX == ULONG_MAX... yes
checking where to find the exponent in a 'float'... word 0 bit 23
checking whether isnan(float) can be used without linking with libm... yes
checking whether isnan(float) works... yes
checking whether isnan(double) can be used without linking with libm... yes
checking whether isnan(long double) can be used without linking with libm... yes
checking whether isnanl works... yes
checking whether iswcntrl works... yes
checking for towlower... yes
checking for wctype_t... yes
checking for wctrans_t... yes
checking for nl_langinfo and CODESET... yes
checking for a traditional french locale... none
checking for a traditional japanese locale... none
checking for a french Unicode locale... none
checking for a transitional chinese locale... none
checking whether ldexp() can be used without linking with libm... yes
checking whether imported symbols can be declared weak... yes
checking for pthread.h... yes
checking for pthread_kill in -lpthread... yes
checking whether POSIX threads API is available... yes
checking for multithread API to use... posix
checking for a sed that does not truncate output... /usr/bin/sed
checking whether NAN macro works... yes
checking whether HUGE_VAL works... yes
checking for mbstate_t... yes
checking for mmap... yes
checking for MAP_ANONYMOUS... yes
checking whether memchr works... yes
checking whether <limits.h> defines MIN and MAX... no
checking whether <sys/param.h> defines MIN and MAX... yes
checking whether obstack_printf is declared... yes
checking for O_CLOEXEC... yes
checking for promoted mode_t type... mode_t
checking whether strerror(0) succeeds... yes
checking for strerror_r with POSIX signature... no
checking whether __xpg_strerror_r works... yes
checking for library containing posix_spawn... none required
checking for posix_spawn... yes
checking whether posix_spawn is declared... yes
checking whether posix_spawn works... yes
checking whether posix_spawn rejects scripts without shebang... yes
checking whether posix_spawnp rejects scripts without shebang... yes
checking whether posix_spawnattr_setschedpolicy is supported... yes
checking whether posix_spawnattr_setschedparam is supported... yes
checking for ptrdiff_t... yes
checking whether C symbols are prefixed with underscore at the linker level... no
checking for sigset_t... yes
checking for shared library path variable... LD_LIBRARY_PATH
checking whether to activate relocatable installation... yes
checking for mach-o/dyld.h... no
checking for _NSGetExecutablePath... no
checking whether malloc (0) returns nonnull... yes
checking whether setenv is declared... yes
checking for sched.h... yes
checking for struct sched_param... yes
checking for uid_t in sys/types.h... yes
checking for volatile sig_atomic_t... yes
checking for sighandler_t... yes
checking whether snprintf is declared... yes
checking for posix_spawnattr_t... yes
checking for posix_spawn_file_actions_t... yes
checking whether stat file-mode macros are broken... no
checking for nlink_t... yes
checking for stdbool.h that conforms to C99... yes
checking for _Bool... yes
checking for good max_align_t... yes
checking whether NULL can be used in arbitrary expressions... yes
checking whether fcloseall is declared... yes
checking which flavor of printf attribute matches inttypes macros... system
checking whether ecvt is declared... yes
checking whether fcvt is declared... yes
checking whether gcvt is declared... yes
checking whether stpncpy is declared... yes
checking whether strdup is declared... yes
checking whether strndup is declared... yes
checking whether <sys/ioctl.h> declares ioctl... yes
checking for struct tms... yes
checking for struct timespec in <time.h>... yes
checking for TIME_UTC in <time.h>... yes
checking whether execvpe is declared... yes
checking whether clearerr_unlocked is declared... yes
checking whether feof_unlocked is declared... yes
checking whether ferror_unlocked is declared... yes
checking whether fflush_unlocked is declared... yes
checking whether fgets_unlocked is declared... yes
checking whether fputc_unlocked is declared... yes
checking whether fputs_unlocked is declared... yes
checking whether fread_unlocked is declared... yes
checking whether fwrite_unlocked is declared... yes
checking whether getc_unlocked is declared... yes
checking whether getchar_unlocked is declared... yes
checking whether putc_unlocked is declared... yes
checking whether putchar_unlocked is declared... yes
checking whether unsetenv is declared... yes
checking whether vsnprintf is declared... yes
checking whether <wchar.h> uses 'inline' correctly... yes
checking whether wcsdup is declared... yes
checking POSIX termios... yes
checking whether use of TIOCGWINSZ requires termios.h... no
checking whether fchdir is declared... yes
checking whether getdelim is declared... yes
checking whether getdtablesize is declared... yes
checking whether getline is declared... yes
checking whether setlocale (LC_ALL, NULL) is multithread-safe... yes
checking whether setlocale (category, NULL) is multithread-safe... yes
checking whether locale.h defines locale_t... yes
checking whether locale.h conforms to POSIX:2001... yes
checking whether struct lconv is properly defined... yes
checking whether memrchr is declared... yes
checking whether strnlen is declared... yes
checking for alloca as a compiler built-in... yes
checking whether to enable assertions... yes
checking for __builtin_expect... yes
checking whether calloc (0, n) and calloc (n, 0) return nonnull... yes
checking for library containing clock_gettime... none required
checking for clock_gettime... yes
checking for clock_settime... yes
checking whether // is distinct from /... (cached) no
checking whether dup2 works... yes
checking for error_at_line... yes
checking whether fcntl handles F_DUPFD correctly... yes
checking whether fcntl understands F_DUPFD_CLOEXEC... needs runtime check
checking whether conversion from 'int' to 'long double' works... yes
checking whether fopen recognizes a trailing slash... yes
checking whether fopen supports the mode character 'x'... yes
checking whether fopen supports the mode character 'e'... yes
checking for __fpending... yes
checking whether __fpending is declared... yes
checking for ptrdiff_t... (cached) yes
checking whether free is known to preserve errno... yes
checking whether frexp works... yes
checking whether frexpl is declared... yes
checking whether frexpl() can be used without linking with libm... yes
checking whether frexpl works... yes
checking whether getcwd handles long file names properly... yes
checking for getpagesize... yes
checking whether getcwd succeeds when 4k < cwd_length < 16k... yes
checking whether gethrtime is declared... no
checking whether CLOCK_MONOTONIC or CLOCK_REALTIME is defined... yes
checking whether program_invocation_name is declared... yes
checking whether program_invocation_short_name is declared... yes
checking whether __argv is declared... no
checking for gettimeofday with POSIX signature... yes
checking whether the compiler generally respects inline... yes
checking whether isnan macro works... yes
checking whether isnan(double) can be used without linking with libm... (cached) yes
checking whether isnan(double) can be used without linking with libm... (cached) yes
checking whether isnan(float) can be used without linking with libm... (cached) yes
checking whether isnan(float) works... (cached) yes
checking whether isnan(long double) can be used without linking with libm... (cached) yes
checking whether isnanl works... (cached) yes
checking whether isnan(long double) can be used without linking with libm... (cached) yes
checking whether isnanl works... (cached) yes
checking whether iswblank is declared... yes
checking whether iswdigit is ISO C compliant... guessing yes
checking whether iswxdigit is ISO C compliant... guessing yes
checking whether ldexpl is declared... yes
checking whether ldexpl() can be used without linking with libm... yes
checking whether ldexpl works... yes
checking whether the compiler supports the __inline keyword... yes
checking for pthread_rwlock_t... yes
checking whether pthread_rwlock_rdlock prefers a writer to a reader... no
checking whether malloc (0) returns nonnull... (cached) yes
checking whether mbrtowc handles incomplete characters... guessing yes
checking whether mbrtowc works as well as mbtowc... guessing yes
checking whether mbrtowc handles a NULL pwc argument... guessing yes
checking whether mbrtowc handles a NULL string argument... guessing yes
checking whether mbrtowc has a correct return value... guessing yes
checking whether mbrtowc returns 0 when parsing a NUL character... guessing yes
checking whether mbrtowc stores incomplete characters... guessing no
checking whether mbrtowc works on empty input... yes
checking whether the C locale is free of encoding errors... no
checking whether mbrtowc handles incomplete characters... (cached) guessing yes
checking whether mbrtowc works as well as mbtowc... (cached) guessing yes
checking whether mbswidth is declared in <wchar.h>... no
checking for mbstate_t... (cached) yes
checking for mempcpy... (cached) yes
checking for obstacks that work with any size object... no
checking whether open recognizes a trailing slash... yes
checking whether perror matches strerror... yes
checking whether posix_spawn_file_actions_addclose works... yes
checking whether posix_spawn_file_actions_adddup2 works... yes
checking whether posix_spawn_file_actions_addopen works... yes
checking whether frexp works... (cached) yes
checking whether ldexp can be used without linking with libm... (cached) yes
checking whether frexpl() can be used without linking with libm... (cached) yes
checking whether frexpl works... (cached) yes
checking whether frexpl is declared... (cached) yes
checking whether ldexpl() can be used without linking with libm... (cached) yes
checking whether ldexpl works... (cached) yes
checking whether ldexpl is declared... (cached) yes
checking whether program_invocation_name is declared... (cached) yes
checking whether program_invocation_short_name is declared... (cached) yes
checking for raise... yes
checking for sigprocmask... yes
checking for rawmemchr... yes
checking for readline... no
checking for readline/readline.h... no
checking for readline/history.h... no
checking whether readlink signature is correct... yes
checking whether readlink handles trailing slash correctly... yes
checking whether readlink truncates results correctly... yes
checking whether realloc (0, 0) returns nonnull... yes
checking for reallocarray... yes
checking for getcwd... (cached) yes
checking whether free is known to preserve errno... (cached) yes
checking for mempcpy... (cached) yes
checking for rawmemchr... (cached) yes
checking for search.h... yes
checking for tsearch... yes
checking whether rename honors trailing slash on destination... yes
checking whether rename honors trailing slash on source... yes
checking whether rename manages hard links correctly... yes
checking whether rename manages existing destinations correctly... yes
checking for struct sigaction.sa_sigaction... yes
checking for signbit macro... yes
checking for signbit compiler built-ins... yes
checking for sigprocmask... (cached) yes
checking for stdint.h... (cached) yes
checking for SIZE_MAX... yes
checking for snprintf... (cached) yes
checking whether snprintf respects a size of 1... yes
checking whether printf supports POSIX/XSI format strings with positions... (cached) yes
checking for snprintf... (cached) yes
checking whether snprintf fully supports the 'n' directive... no
checking whether snprintf respects a size of 1... (cached) yes
checking whether vsnprintf respects a zero size as in C99... yes
checking for ptrdiff_t... (cached) yes
checking for ptrdiff_t... (cached) yes
checking for ssize_t... yes
checking whether stat handles trailing slashes on files... yes
checking for working stdalign.h... yes
checking for stpcpy... yes
checking for working stpncpy... yes
checking for working strerror function... yes
checking for working strndup... yes
checking whether strtod obeys C99... yes
checking for strverscmp... yes
checking for sys/single_threaded.h... yes
checking whether unlink honors trailing slashes... yes
checking whether unlink of a parent directory fails as it should... guessing yes
checking for unsetenv... yes
checking for unsetenv() return type... int
checking whether unsetenv obeys POSIX... yes
checking for ptrdiff_t... (cached) yes
checking for vasprintf... yes
checking for vasprintf... (cached) yes
checking for ptrdiff_t... (cached) yes
checking for vsnprintf... yes
checking whether snprintf respects a size of 1... (cached) yes
checking whether printf supports POSIX/XSI format strings with positions... (cached) yes
checking for vsnprintf... (cached) yes
checking whether snprintf fully supports the 'n' directive... (cached) no
checking whether snprintf respects a size of 1... (cached) yes
checking whether vsnprintf respects a zero size as in C99... (cached) yes
checking for ptrdiff_t... (cached) yes
checking for ptrdiff_t... (cached) yes
checking for waitid... yes
checking whether wcwidth is declared... yes
checking whether wcwidth works reasonably in UTF-8 locales... yes
checking whether use of TIOCGWINSZ requires sys/ioctl.h... yes
checking whether use of TIOCGWINSZ requires termios.h... (cached) no
checking whether use of struct winsize requires sys/ptem.h... no
checking for stdint.h... (cached) yes
checking whether getdtablesize works... yes
checking whether setlocale (LC_ALL, NULL) is multithread-safe... (cached) yes
checking whether setlocale (category, NULL) is multithread-safe... (cached) yes
checking for ptrdiff_t... (cached) yes
checking for getline... yes
checking for working getline function... yes
checking whether NLS is requested... no
checking for msgfmt... /usr/bin/msgfmt
checking for gmsgfmt... /usr/bin/msgfmt
checking for xgettext... /usr/bin/xgettext
checking for msgmerge... /usr/bin/msgmerge
checking for CFPreferencesCopyAppValue... no
checking for CFLocaleCopyCurrent... no
checking whether to use NLS... no
checking for valgrind... no
checking Valgrind suppression file... 
checking that generated files are newer than configure... done
configure: creating ./config.status
config.status: creating src/yacc
config.status: creating javacomp.sh
config.status: creating javaexec.sh
config.status: creating gnulib-po/Makefile.in
config.status: creating runtime-po/Makefile.in
config.status: creating etc/bench.pl
config.status: creating tests/atlocal
config.status: creating tests/bison
config.status: creating Makefile
config.status: creating po/Makefile.in
config.status: creating doc/yacc.1
config.status: creating lib/config.h
config.status: executing depfiles commands
config.status: executing po-directories commands
config.status: creating gnulib-po/POTFILES
config.status: creating gnulib-po/Makefile
config.status: creating runtime-po/POTFILES
config.status: creating runtime-po/Makefile
config.status: creating po/POTFILES
config.status: creating po/Makefile
config.status: executing tests/atconfig commands
configure: WARNING: unrecognized options: --enable-shared, --disable-static, --disable-gtk-doc, --disable-gtk-doc-html, --disable-doc, --disable-docs, --disable-documentation, --disable-debug, --with-xmlto, --with-fop
>>> host-bison 3.8.2 Building
GIT_DIR=. PATH="/home/no/Desktop/github/riscv_emulator-seulgi-v1/buildroot/output/host/bin:/home/no/Desktop/github/riscv_emulator-seulgi-v1/buildroot/output/host/sbin:/home/no/.local/bin:/home/no/.local/bin:/home/no/bin:/media/no/b7ced73c-5231-4462-b98d-64e38fe2df9e/home/jbez/Desktop/!.📶️.SHARE]/!.🦾️].fullsharezip/💪🏾️].no-desk.sharezip/📲️📵️.GTFO.flxbx.📦️arcbit♏️/#.⛷️LOOSE-TANGENT]2wild]🎄️⛷️/🪆️.a0/📟️.a0/🎓️/🧼️/🥌️🗡️🛡️🧷️/🛡️.ARMOR.OF.WAR.NOW!]a1/🌐️🗺️🧫️.voxel_sphere_lab]a0/2.Mid.urf.PLAY]loglev]🪓️🤓️🪄️🪵️a0/🧪️]jul8.🏚️.®™]d10/jl69.🥡️.®™]🟦🟥️🟨️]a0/!.🚦️🏎️🏎️🏎️]a3]GOIN!/Fas7.🥡️.®™]🔳️⏹️]E6/earf.🌎️.®™/Lnd1.🏝️.®™/crsr.🗡️.®™]g10📌️/env0🥡️.®™]a0📌️/home.🥡️.®™]a0📌️/!.inst.🫕️.®™/+x/:/home/no/.grok/bin:/home/no/.opencode/bin:/home/no/.local/bin:/usr/local/bin:/usr/local/qt4/bin:/usr/local/qt4/bin:/home/no/.nvm/versions/node/v22.11.0/bin:/home/no/.local/bin:/home/no/.cargo/bin:/home/no/.local/bin:/home/no/bin:/media/no/b7ced73c-5231-4462-b98d-64e38fe2df9e/home/jbez/Desktop/!.📶️.SHARE]/!.🦾️].fullsharezip/💪🏾️].no-desk.sharezip/📲️📵️.GTFO.flxbx.📦️arcbit♏️/#.⛷️LOOSE-TANGENT]2wild]🎄️⛷️/🪆️.a0/📟️.a0/🎓️/🧼️/🥌️🗡️🛡️🧷️/🛡️.ARMOR.OF.WAR.NOW!]a1/🌐️🗺️🧫️.voxel_sphere_lab]a0/2.Mid.urf.PLAY]loglev]🪓️🤓️🪄️🪵️a0/🧪️]jul8.🏚️.®™]d10/jl69.🥡️.®™]🟦🟥️🟨️]a0/!.🚦️🏎️🏎️🏎️]a3]GOIN!/Fas7.🥡️.®™]🔳️⏹️]E6/earf.🌎️.®™/Lnd1.🏝️.®™/crsr.🗡️.®™]g10📌️/env0🥡️.®™]a0📌️/home.🥡️.®™]a0📌️/!.inst.🫕️.®™/+x/:/usr/local/sbin:/usr/local/bin:/usr/sbin:/usr/bin:/sbin:/bin:/usr/games:/usr/local/games:/snap/bin:/snap/bin:/home/no/.local/bin:/home/no/.lmstudio/bin:/home/no/.lmstudio/bin:/home/no/.lmstudio/bin" PKG_CONFIG="/home/no/Desktop/github/riscv_emulator-seulgi-v1/buildroot/output/host/bin/pkg-config" PKG_CONFIG_SYSROOT_DIR="/" PKG_CONFIG_ALLOW_SYSTEM_CFLAGS=1 PKG_CONFIG_ALLOW_SYSTEM_LIBS=1 PKG_CONFIG_LIBDIR="/home/no/Desktop/github/riscv_emulator-seulgi-v1/buildroot/output/host/lib/pkgconfig:/home/no/Desktop/github/riscv_emulator-seulgi-v1/buildroot/output/host/share/pkgconfig"  /usr/bin/make -j1   -C /home/no/Desktop/github/riscv_emulator-seulgi-v1/buildroot/output/build/host-bison-3.8.2/
make[2]: warning: -j1 forced in submake: resetting jobserver mode.
  LEX      examples/c/reccalc/scan.stamp
  GEN      lib/alloca.h
  GEN      lib/configmake.h
  GEN      lib/fcntl.h
  GEN      lib/iconv.h
  GEN      lib/inttypes.h
  GEN      lib/textstyle.h
  GEN      lib/limits.h
  GEN      lib/locale.h
  GEN      lib/math.h
  GEN      lib/sched.h
  GEN      lib/malloc/scratch_buffer.gl.h
  GEN      lib/signal.h
  GEN      lib/spawn.h
  GEN      lib/stdio.h
  GEN      lib/stdlib.h
  GEN      lib/string.h
  GEN      lib/sys/ioctl.h
  GEN      lib/sys/resource.h
  GEN      lib/sys/stat.h
  GEN      lib/sys/time.h
  GEN      lib/sys/times.h
  GEN      lib/sys/types.h
  GEN      lib/sys/wait.h
  GEN      lib/termios.h
  GEN      lib/time.h
  GEN      lib/unistd.h
  GEN      lib/unistr.h
  GEN      lib/unitypes.h
  GEN      lib/uniwidth.h
  GEN      lib/wchar.h
  GEN      lib/wctype.h
/usr/bin/make  all-recursive
Making all in po
make[4]: Nothing to be done for 'all'.
Making all in runtime-po
make[4]: Nothing to be done for 'all'.
Making all in gnulib-po
make[4]: Nothing to be done for 'all'.
Making all in .
  CC       src/bison-AnnotationList.o
  CC       src/bison-InadequacyList.o
  CC       src/bison-Sbitset.o
  CC       src/bison-assoc.o
  CC       src/bison-closure.o
  CC       src/bison-complain.o
  CC       src/bison-conflicts.o
  CC       src/bison-counterexample.o
  CC       src/bison-derivation.o
  CC       src/bison-derives.o
  CC       src/bison-files.o
  CC       src/bison-fixits.o
  CC       src/bison-getargs.o
  CC       src/bison-glyphs.o
  CC       src/bison-gram.o
  CC       src/bison-graphviz.o
  CC       src/bison-ielr.o
  CC       src/bison-lalr.o
  CC       src/bison-location.o
  CC       src/bison-lr0.o
  CC       src/bison-lssi.o
  CC       src/bison-main.o
  CC       src/bison-muscle-tab.o
  CC       src/bison-named-ref.o
  CC       src/bison-nullable.o
  CC       src/bison-output.o
  CC       src/bison-parse-gram.o
  CC       src/bison-parse-simulation.o
  CC       src/bison-print-graph.o
  CC       src/bison-print-xml.o
  CC       src/bison-print.o
  CC       src/bison-reader.o
  CC       src/bison-reduce.o
  CC       src/bison-relation.o
  CC       src/bison-scan-code-c.o
  CC       src/bison-scan-gram-c.o
  CC       src/bison-scan-skel-c.o
  CC       src/bison-state.o
  CC       src/bison-state-item.o
  CC       src/bison-strversion.o
  CC       src/bison-symlist.o
  CC       src/bison-symtab.o
  CC       src/bison-tables.o
  CC       src/bison-uniqstr.o
  CC       lib/libbison_a-allocator.o
  CC       lib/libbison_a-areadlink.o
  CC       lib/libbison_a-argmatch.o
  CC       lib/libbison_a-gl_array_list.o
  CC       lib/libbison_a-basename-lgpl.o
  CC       lib/libbison_a-binary-io.o
  CC       lib/libbison_a-bitrotate.o
  CC       lib/libbison_a-bitset.o
  CC       lib/bitset/libbison_a-array.o
  CC       lib/bitset/libbison_a-stats.o
  CC       lib/bitset/libbison_a-table.o
  CC       lib/bitset/libbison_a-list.o
  CC       lib/bitset/libbison_a-vector.o
  CC       lib/libbison_a-bitsetv.o
  CC       lib/libbison_a-c-ctype.o
  CC       lib/libbison_a-c-strcasecmp.o
  CC       lib/libbison_a-c-strncasecmp.o
  CC       lib/libbison_a-canonicalize.o
lib/canonicalize.c: In function 'canonicalize_filename_mode':
lib/canonicalize.c:484:5: warning: #warning "GCC might issue a bogus -Wreturn-local-addr warning here." [-Wcpp]
  484 |    #warning "GCC might issue a bogus -Wreturn-local-addr warning here."
      |     ^~~~~~~
lib/canonicalize.c:485:5: warning: #warning "See <https://gcc.gnu.org/bugzilla/show_bug.cgi?id=93644>." [-Wcpp]
  485 |    #warning "See <https://gcc.gnu.org/bugzilla/show_bug.cgi?id=93644>."
      |     ^~~~~~~
  CC       lib/libbison_a-careadlinkat.o
lib/careadlinkat.c: In function 'careadlinkat':
lib/careadlinkat.c:178:5: warning: #warning "GCC might issue a bogus -Wreturn-local-addr warning here." [-Wcpp]
  178 |    #warning "GCC might issue a bogus -Wreturn-local-addr warning here."
      |     ^~~~~~~
lib/careadlinkat.c:179:5: warning: #warning "See <https://gcc.gnu.org/bugzilla/show_bug.cgi?id=93644>." [-Wcpp]
  179 |    #warning "See <https://gcc.gnu.org/bugzilla/show_bug.cgi?id=93644>."
      |     ^~~~~~~
lib/careadlinkat.c:182:10: warning: function may return address of local variable [-Wreturn-local-addr]
  182 |   return readlink_stk (fd, filename, buffer, buffer_size, alloc,
      |          ^~~~~~~~~~~~~~~~~~~~~~~~~~~~~~~~~~~~~~~~~~~~~~~~~~~~~~~
  183 |                        preadlinkat, stack_buf);
      |                        ~~~~~~~~~~~~~~~~~~~~~~~
lib/careadlinkat.c:181:8: note: declared here
  181 |   char stack_buf[STACK_BUF_SIZE];
      |        ^~~~~~~~~
  CC       lib/libbison_a-cloexec.o
  CC       lib/libbison_a-close-stream.o
  CC       lib/libbison_a-closeout.o
  CC       lib/libbison_a-concat-filename.o
  CC       lib/libbison_a-dirname.o
  CC       lib/libbison_a-basename.o
  CC       lib/libbison_a-dirname-lgpl.o
  CC       lib/libbison_a-stripslash.o
  CC       lib/libbison_a-execute.o
  CC       lib/libbison_a-exitfail.o
  CC       lib/libbison_a-fatal-signal.o
  CC       lib/libbison_a-fd-safer-flag.o
  CC       lib/libbison_a-dup-safer-flag.o
  CC       lib/libbison_a-file-set.o
  CC       lib/libbison_a-findprog-in.o
  CC       lib/libbison_a-fopen-safer.o
  CC       lib/libbison_a-fstrcmp.o
  CC       lib/libbison_a-gethrxtime.o
  CC       lib/libbison_a-xtime.o
  CC       lib/libbison_a-getprogname.o
  CC       lib/libbison_a-gettime.o
  CC       lib/libbison_a-hard-locale.o
  CC       lib/libbison_a-hash.o
  CC       lib/libbison_a-gl_hash_map.o
  CC       lib/libbison_a-hash-pjw.o
  CC       lib/libbison_a-hash-triple-simple.o
  CC       lib/libbison_a-ialloc.o
  CC       lib/libbison_a-integer_length.o
  CC       lib/libbison_a-integer_length_l.o
  CC       lib/libbison_a-gl_linked_list.o
  CC       lib/libbison_a-gl_list.o
  CC       lib/libbison_a-localcharset.o
  CC       lib/glthread/libbison_a-lock.o
  CC       lib/libbison_a-gl_map.o
  CC       lib/libbison_a-math.o
  CC       lib/libbison_a-mbchar.o
  CC       lib/libbison_a-mbfile.o
  CC       lib/libbison_a-mbswidth.o
  CC       lib/libbison_a-gl_oset.o
  CC       lib/libbison_a-pipe2.o
  CC       lib/libbison_a-pipe2-safer.o
  CC       lib/libbison_a-printf-frexp.o
  CC       lib/libbison_a-printf-frexpl.o
  CC       lib/libbison_a-progname.o
  CC       lib/libbison_a-quotearg.o
  CC       lib/libbison_a-gl_rbtree_oset.o
  CC       lib/libbison_a-gl_rbtreehash_list.o
  CC       lib/malloc/libbison_a-scratch_buffer_dupfree.o
  CC       lib/malloc/libbison_a-scratch_buffer_grow.o
  CC       lib/malloc/libbison_a-scratch_buffer_grow_preserve.o
  CC       lib/malloc/libbison_a-scratch_buffer_set_array_size.o
  CC       lib/libbison_a-setlocale_null.o
  CC       lib/libbison_a-sig-handler.o
  CC       lib/libbison_a-spawn-pipe.o
  CC       lib/glthread/libbison_a-threadlib.o
  CC       lib/libbison_a-timespec.o
  CC       lib/libbison_a-timevar.o
  CC       lib/glthread/libbison_a-tls.o
  CC       lib/libbison_a-unicodeio.o
  CC       lib/libbison_a-unistd.o
  CC       lib/libbison_a-dup-safer.o
  CC       lib/libbison_a-fd-safer.o
  CC       lib/libbison_a-pipe-safer.o
  CC       lib/unistr/libbison_a-u8-mbtoucr.o
  CC       lib/unistr/libbison_a-u8-uctomb.o
  CC       lib/unistr/libbison_a-u8-uctomb-aux.o
  CC       lib/uniwidth/libbison_a-width.o
  CC       lib/libbison_a-wait-process.o
  CC       lib/libbison_a-wctype-h.o
  CC       lib/libbison_a-xmalloc.o
  CC       lib/libbison_a-xalloc-die.o
  CC       lib/libbison_a-xconcat-filename.o
  CC       lib/libbison_a-xhash.o
  CC       lib/libbison_a-gl_xlist.o
  CC       lib/libbison_a-gl_xmap.o
  CC       lib/libbison_a-xmemdup0.o
  CC       lib/libbison_a-xreadlink.o
  CC       lib/libbison_a-xsize.o
  CC       lib/libbison_a-xstrndup.o
  CC       lib/libbison_a-get-errno.o
  CC       lib/libbison_a-path-join.o
  CC       lib/libbison_a-asnprintf.o
  CC       lib/libbison_a-asprintf.o
  CC       lib/libbison_a-fcntl.o
  CC       lib/libbison_a-fprintf.o
  CC       lib/libbison_a-fseterr.o
  CC       lib/libbison_a-mbrtowc.o
  CC       lib/libbison_a-obstack.o
  CC       lib/libbison_a-printf.o
  CC       lib/libbison_a-printf-args.o
  CC       lib/libbison_a-printf-parse.o
  CC       lib/libbison_a-progreloc.o
  CC       lib/libbison_a-readline.o
  CC       lib/libbison_a-relocatable.o
  CC       lib/libbison_a-snprintf.o
  CC       lib/libbison_a-spawn_faction_addchdir.o
  CC       lib/libbison_a-sprintf.o
  CC       lib/libbison_a-vasnprintf.o
  CC       lib/libbison_a-vasprintf.o
  CC       lib/libbison_a-vfprintf.o
  CC       lib/libbison_a-vsnprintf.o
  CC       lib/libbison_a-vsprintf.o
  AR       lib/libbison.a
  CCLD     src/bison
  GEN      doc/bison.help
  CC       lib/main.o
  CC       lib/yyerror.o
  AR       lib/liby.a
>>> host-bison 3.8.2 Installing to host directory
GIT_DIR=. PATH="/home/no/Desktop/github/riscv_emulator-seulgi-v1/buildroot/output/host/bin:/home/no/Desktop/github/riscv_emulator-seulgi-v1/buildroot/output/host/sbin:/home/no/.local/bin:/home/no/.local/bin:/home/no/bin:/media/no/b7ced73c-5231-4462-b98d-64e38fe2df9e/home/jbez/Desktop/!.📶️.SHARE]/!.🦾️].fullsharezip/💪🏾️].no-desk.sharezip/📲️📵️.GTFO.flxbx.📦️arcbit♏️/#.⛷️LOOSE-TANGENT]2wild]🎄️⛷️/🪆️.a0/📟️.a0/🎓️/🧼️/🥌️🗡️🛡️🧷️/🛡️.ARMOR.OF.WAR.NOW!]a1/🌐️🗺️🧫️.voxel_sphere_lab]a0/2.Mid.urf.PLAY]loglev]🪓️🤓️🪄️🪵️a0/🧪️]jul8.🏚️.®™]d10/jl69.🥡️.®™]🟦🟥️🟨️]a0/!.🚦️🏎️🏎️🏎️]a3]GOIN!/Fas7.🥡️.®™]🔳️⏹️]E6/earf.🌎️.®™/Lnd1.🏝️.®™/crsr.🗡️.®™]g10📌️/env0🥡️.®™]a0📌️/home.🥡️.®™]a0📌️/!.inst.🫕️.®™/+x/:/home/no/.grok/bin:/home/no/.opencode/bin:/home/no/.local/bin:/usr/local/bin:/usr/local/qt4/bin:/usr/local/qt4/bin:/home/no/.nvm/versions/node/v22.11.0/bin:/home/no/.local/bin:/home/no/.cargo/bin:/home/no/.local/bin:/home/no/bin:/media/no/b7ced73c-5231-4462-b98d-64e38fe2df9e/home/jbez/Desktop/!.📶️.SHARE]/!.🦾️].fullsharezip/💪🏾️].no-desk.sharezip/📲️📵️.GTFO.flxbx.📦️arcbit♏️/#.⛷️LOOSE-TANGENT]2wild]🎄️⛷️/🪆️.a0/📟️.a0/🎓️/🧼️/🥌️🗡️🛡️🧷️/🛡️.ARMOR.OF.WAR.NOW!]a1/🌐️🗺️🧫️.voxel_sphere_lab]a0/2.Mid.urf.PLAY]loglev]🪓️🤓️🪄️🪵️a0/🧪️]jul8.🏚️.®™]d10/jl69.🥡️.®™]🟦🟥️🟨️]a0/!.🚦️🏎️🏎️🏎️]a3]GOIN!/Fas7.🥡️.®™]🔳️⏹️]E6/earf.🌎️.®™/Lnd1.🏝️.®™/crsr.🗡️.®™]g10📌️/env0🥡️.®™]a0📌️/home.🥡️.®™]a0📌️/!.inst.🫕️.®™/+x/:/usr/local/sbin:/usr/local/bin:/usr/sbin:/usr/bin:/sbin:/bin:/usr/games:/usr/local/games:/snap/bin:/snap/bin:/home/no/.local/bin:/home/no/.lmstudio/bin:/home/no/.lmstudio/bin:/home/no/.lmstudio/bin" PKG_CONFIG="/home/no/Desktop/github/riscv_emulator-seulgi-v1/buildroot/output/host/bin/pkg-config" PKG_CONFIG_SYSROOT_DIR="/" PKG_CONFIG_ALLOW_SYSTEM_CFLAGS=1 PKG_CONFIG_ALLOW_SYSTEM_LIBS=1 PKG_CONFIG_LIBDIR="/home/no/Desktop/github/riscv_emulator-seulgi-v1/buildroot/output/host/lib/pkgconfig:/home/no/Desktop/github/riscv_emulator-seulgi-v1/buildroot/output/host/share/pkgconfig"  /usr/bin/make -j1  install -C /home/no/Desktop/github/riscv_emulator-seulgi-v1/buildroot/output/build/host-bison-3.8.2/
make[2]: warning: -j1 forced in submake: resetting jobserver mode.
/usr/bin/make  install-recursive
Making install in po
if test "bison" = "gettext-tools"; then \
  /usr/bin/mkdir -p /home/no/Desktop/github/riscv_emulator-seulgi-v1/buildroot/output/host/share/gettext/po; \
  for file in Makefile.in.in remove-potcdate.sin quot.sed boldquot.sed en@quot.header en@boldquot.header insert-header.sin Rules-quot   Makevars.template; do \
    /usr/bin/install -c -m 644 ./$file \
		    /home/no/Desktop/github/riscv_emulator-seulgi-v1/buildroot/output/host/share/gettext/po/$file; \
  done; \
  for file in Makevars; do \
    rm -f /home/no/Desktop/github/riscv_emulator-seulgi-v1/buildroot/output/host/share/gettext/po/$file; \
  done; \
else \
  : ; \
fi
Making install in runtime-po
if test "bison" = "gettext-tools"; then \
  /usr/bin/mkdir -p /home/no/Desktop/github/riscv_emulator-seulgi-v1/buildroot/output/host/share/gettext/po; \
  for file in Makefile.in.in remove-potcdate.sin quot.sed boldquot.sed en@quot.header en@boldquot.header insert-header.sin Rules-quot   Makevars.template; do \
    /usr/bin/install -c -m 644 ./$file \
		    /home/no/Desktop/github/riscv_emulator-seulgi-v1/buildroot/output/host/share/gettext/po/$file; \
  done; \
  for file in Makevars; do \
    rm -f /home/no/Desktop/github/riscv_emulator-seulgi-v1/buildroot/output/host/share/gettext/po/$file; \
  done; \
else \
  : ; \
fi
Making install in gnulib-po
if test "bison" = "gettext-tools"; then \
  /usr/bin/mkdir -p /home/no/Desktop/github/riscv_emulator-seulgi-v1/buildroot/output/host/share/gettext/po; \
  for file in Makefile.in.in remove-potcdate.sin quot.sed boldquot.sed en@quot.header en@boldquot.header insert-header.sin Rules-quot   Makevars.template; do \
    /usr/bin/install -c -m 644 ./$file \
		    /home/no/Desktop/github/riscv_emulator-seulgi-v1/buildroot/output/host/share/gettext/po/$file; \
  done; \
  for file in Makevars; do \
    rm -f /home/no/Desktop/github/riscv_emulator-seulgi-v1/buildroot/output/host/share/gettext/po/$file; \
  done; \
else \
  : ; \
fi
Making install in .
  GEN      doc/bison.help
 /usr/bin/mkdir -p '/home/no/Desktop/github/riscv_emulator-seulgi-v1/buildroot/output/host/bin'
  /usr/bin/install -c src/bison '/home/no/Desktop/github/riscv_emulator-seulgi-v1/buildroot/output/host/bin'
 /usr/bin/mkdir -p '/home/no/Desktop/github/riscv_emulator-seulgi-v1/buildroot/output/host/lib'
 /usr/bin/install -c -m 644  lib/liby.a '/home/no/Desktop/github/riscv_emulator-seulgi-v1/buildroot/output/host/lib'
 ( cd '/home/no/Desktop/github/riscv_emulator-seulgi-v1/buildroot/output/host/lib' && /usr/bin/ranlib liby.a )
 /usr/bin/mkdir -p '/home/no/Desktop/github/riscv_emulator-seulgi-v1/buildroot/output/host/bin'
 /usr/bin/install -c src/yacc '/home/no/Desktop/github/riscv_emulator-seulgi-v1/buildroot/output/host/bin'
 /usr/bin/mkdir -p '/home/no/Desktop/github/riscv_emulator-seulgi-v1/buildroot/output/host/share/aclocal'
 /usr/bin/install -c -m 644 m4/bison-i18n.m4 '/home/no/Desktop/github/riscv_emulator-seulgi-v1/buildroot/output/host/share/aclocal'
 /usr/bin/mkdir -p '/home/no/Desktop/github/riscv_emulator-seulgi-v1/buildroot/output/host/share/doc/bison/examples/c++/calc++'
 /usr/bin/install -c -m 644 examples/c++/calc++/driver.cc examples/c++/calc++/driver.hh examples/c++/calc++/scanner.ll examples/c++/calc++/calc++.cc examples/c++/calc++/parser.yy '/home/no/Desktop/github/riscv_emulator-seulgi-v1/buildroot/output/host/share/doc/bison/examples/c++/calc++'
 /usr/bin/mkdir -p '/home/no/Desktop/github/riscv_emulator-seulgi-v1/buildroot/output/host/share/doc/bison/examples/c++'
 /usr/bin/install -c -m 644 examples/c++/simple.yy '/home/no/Desktop/github/riscv_emulator-seulgi-v1/buildroot/output/host/share/doc/bison/examples/c++'
 /usr/bin/mkdir -p '/home/no/Desktop/github/riscv_emulator-seulgi-v1/buildroot/output/host/share/doc/bison/examples/c/bistromathic'
 /usr/bin/install -c -m 644 examples/c/bistromathic/parse.y examples/c/bistromathic/Makefile examples/c/bistromathic/README.md '/home/no/Desktop/github/riscv_emulator-seulgi-v1/buildroot/output/host/share/doc/bison/examples/c/bistromathic'
 /usr/bin/mkdir -p '/home/no/Desktop/github/riscv_emulator-seulgi-v1/buildroot/output/host/share/doc/bison/examples/c'
 /usr/bin/install -c -m 644 examples/c/README.md '/home/no/Desktop/github/riscv_emulator-seulgi-v1/buildroot/output/host/share/doc/bison/examples/c'
 /usr/bin/mkdir -p '/home/no/Desktop/github/riscv_emulator-seulgi-v1/buildroot/output/host/share/doc/bison/examples/c/calc'
 /usr/bin/install -c -m 644 examples/c/calc/calc.y examples/c/calc/Makefile examples/c/calc/README.md '/home/no/Desktop/github/riscv_emulator-seulgi-v1/buildroot/output/host/share/doc/bison/examples/c/calc'
 /usr/bin/mkdir -p '/home/no/Desktop/github/riscv_emulator-seulgi-v1/buildroot/output/host/share/doc/bison/examples/d/calc'
 /usr/bin/install -c -m 644 examples/d/calc/calc.y examples/d/calc/Makefile '/home/no/Desktop/github/riscv_emulator-seulgi-v1/buildroot/output/host/share/doc/bison/examples/d/calc'
 /usr/bin/mkdir -p '/home/no/Desktop/github/riscv_emulator-seulgi-v1/buildroot/output/host/share/doc/bison/examples/c++/calc++'
 /usr/bin/install -c -m 644 examples/c++/calc++/README.md examples/c++/calc++/Makefile '/home/no/Desktop/github/riscv_emulator-seulgi-v1/buildroot/output/host/share/doc/bison/examples/c++/calc++'
 /usr/bin/mkdir -p '/home/no/Desktop/github/riscv_emulator-seulgi-v1/buildroot/output/host/share/doc/bison/examples/c++'
 /usr/bin/install -c -m 644 examples/c++/README.md examples/c++/Makefile examples/c++/variant.yy examples/c++/variant-11.yy '/home/no/Desktop/github/riscv_emulator-seulgi-v1/buildroot/output/host/share/doc/bison/examples/c++'
 /usr/bin/mkdir -p '/home/no/Desktop/github/riscv_emulator-seulgi-v1/buildroot/output/host/share/doc/bison/examples/d'
 /usr/bin/install -c -m 644 examples/d/README.md '/home/no/Desktop/github/riscv_emulator-seulgi-v1/buildroot/output/host/share/doc/bison/examples/d'
 /usr/bin/mkdir -p '/home/no/Desktop/github/riscv_emulator-seulgi-v1/buildroot/output/host/share/doc/bison'
 /usr/bin/install -c -m 644 AUTHORS COPYING NEWS README THANKS TODO '/home/no/Desktop/github/riscv_emulator-seulgi-v1/buildroot/output/host/share/doc/bison'
 /usr/bin/mkdir -p '/home/no/Desktop/github/riscv_emulator-seulgi-v1/buildroot/output/host/share/doc/bison/examples'
 /usr/bin/install -c -m 644 examples/README.md '/home/no/Desktop/github/riscv_emulator-seulgi-v1/buildroot/output/host/share/doc/bison/examples'
 /usr/bin/mkdir -p '/home/no/Desktop/github/riscv_emulator-seulgi-v1/buildroot/output/host/share/doc/bison/examples/c/glr'
 /usr/bin/install -c -m 644 examples/c/glr/c++-types.y examples/c/glr/Makefile examples/c/glr/README.md '/home/no/Desktop/github/riscv_emulator-seulgi-v1/buildroot/output/host/share/doc/bison/examples/c/glr'
 /usr/bin/mkdir -p '/home/no/Desktop/github/riscv_emulator-seulgi-v1/buildroot/output/host/share/doc/bison/examples/java'
 /usr/bin/install -c -m 644 examples/java/README.md '/home/no/Desktop/github/riscv_emulator-seulgi-v1/buildroot/output/host/share/doc/bison/examples/java'
 /usr/bin/mkdir -p '/home/no/Desktop/github/riscv_emulator-seulgi-v1/buildroot/output/host/share/doc/bison/examples/java/calc'
 /usr/bin/install -c -m 644 examples/java/calc/Calc.y examples/java/calc/Makefile '/home/no/Desktop/github/riscv_emulator-seulgi-v1/buildroot/output/host/share/doc/bison/examples/java/calc'
 /usr/bin/mkdir -p '/home/no/Desktop/github/riscv_emulator-seulgi-v1/buildroot/output/host/share/doc/bison/examples/java/simple'
 /usr/bin/install -c -m 644 examples/java/simple/Calc.y examples/java/simple/Makefile '/home/no/Desktop/github/riscv_emulator-seulgi-v1/buildroot/output/host/share/doc/bison/examples/java/simple'
 /usr/bin/mkdir -p '/home/no/Desktop/github/riscv_emulator-seulgi-v1/buildroot/output/host/share/doc/bison/examples/c/lexcalc'
 /usr/bin/install -c -m 644 examples/c/lexcalc/parse.y examples/c/lexcalc/scan.l examples/c/lexcalc/Makefile examples/c/lexcalc/README.md '/home/no/Desktop/github/riscv_emulator-seulgi-v1/buildroot/output/host/share/doc/bison/examples/c/lexcalc'
 /usr/bin/mkdir -p '/home/no/Desktop/github/riscv_emulator-seulgi-v1/buildroot/output/host/share/bison/m4sugar'
 /usr/bin/install -c -m 644 data/m4sugar/foreach.m4 data/m4sugar/m4sugar.m4 '/home/no/Desktop/github/riscv_emulator-seulgi-v1/buildroot/output/host/share/bison/m4sugar'
 /usr/bin/mkdir -p '/home/no/Desktop/github/riscv_emulator-seulgi-v1/buildroot/output/host/share/doc/bison/examples/c/mfcalc'
 /usr/bin/install -c -m 644 examples/c/mfcalc/Makefile '/home/no/Desktop/github/riscv_emulator-seulgi-v1/buildroot/output/host/share/doc/bison/examples/c/mfcalc'
 /usr/bin/mkdir -p '/home/no/Desktop/github/riscv_emulator-seulgi-v1/buildroot/output/host/share/bison'
 /usr/bin/install -c -m 644 data/README.md data/bison-default.css '/home/no/Desktop/github/riscv_emulator-seulgi-v1/buildroot/output/host/share/bison'
 /usr/bin/mkdir -p '/home/no/Desktop/github/riscv_emulator-seulgi-v1/buildroot/output/host/share/doc/bison/examples/c/pushcalc'
 /usr/bin/install -c -m 644 examples/c/pushcalc/calc.y examples/c/pushcalc/Makefile examples/c/pushcalc/README.md '/home/no/Desktop/github/riscv_emulator-seulgi-v1/buildroot/output/host/share/doc/bison/examples/c/pushcalc'
 /usr/bin/mkdir -p '/home/no/Desktop/github/riscv_emulator-seulgi-v1/buildroot/output/host/share/doc/bison/examples/c/reccalc'
 /usr/bin/install -c -m 644 examples/c/reccalc/parse.y examples/c/reccalc/scan.l examples/c/reccalc/Makefile examples/c/reccalc/README.md '/home/no/Desktop/github/riscv_emulator-seulgi-v1/buildroot/output/host/share/doc/bison/examples/c/reccalc'
 /usr/bin/mkdir -p '/home/no/Desktop/github/riscv_emulator-seulgi-v1/buildroot/output/host/share/doc/bison/examples/c/rpcalc'
 /usr/bin/install -c -m 644 examples/c/rpcalc/Makefile '/home/no/Desktop/github/riscv_emulator-seulgi-v1/buildroot/output/host/share/doc/bison/examples/c/rpcalc'
 /usr/bin/mkdir -p '/home/no/Desktop/github/riscv_emulator-seulgi-v1/buildroot/output/host/share/doc/bison/examples/d/simple'
 /usr/bin/install -c -m 644 examples/d/simple/calc.y examples/d/simple/Makefile '/home/no/Desktop/github/riscv_emulator-seulgi-v1/buildroot/output/host/share/doc/bison/examples/d/simple'
 /usr/bin/mkdir -p '/home/no/Desktop/github/riscv_emulator-seulgi-v1/buildroot/output/host/share/bison/skeletons'
 /usr/bin/install -c -m 644 data/skeletons/bison.m4 data/skeletons/c++-skel.m4 data/skeletons/c++.m4 data/skeletons/c-like.m4 data/skeletons/c-skel.m4 data/skeletons/c.m4 data/skeletons/glr.c data/skeletons/glr.cc data/skeletons/glr2.cc data/skeletons/java-skel.m4 data/skeletons/java.m4 data/skeletons/lalr1.cc data/skeletons/lalr1.java data/skeletons/location.cc data/skeletons/stack.hh data/skeletons/traceon.m4 data/skeletons/variant.hh data/skeletons/yacc.c data/skeletons/d-skel.m4 data/skeletons/d.m4 data/skeletons/lalr1.d '/home/no/Desktop/github/riscv_emulator-seulgi-v1/buildroot/output/host/share/bison/skeletons'
 /usr/bin/mkdir -p '/home/no/Desktop/github/riscv_emulator-seulgi-v1/buildroot/output/host/share/bison/xslt'
 /usr/bin/install -c -m 644 data/xslt/bison.xsl data/xslt/xml2dot.xsl data/xslt/xml2text.xsl data/xslt/xml2xhtml.xsl '/home/no/Desktop/github/riscv_emulator-seulgi-v1/buildroot/output/host/share/bison/xslt'
  GEN      doc/bison.help
 /usr/bin/mkdir -p '/home/no/Desktop/github/riscv_emulator-seulgi-v1/buildroot/output/host/share/info'
 /usr/bin/install -c -m 644 ./doc/bison.info '/home/no/Desktop/github/riscv_emulator-seulgi-v1/buildroot/output/host/share/info'
 install-info --info-dir='/home/no/Desktop/github/riscv_emulator-seulgi-v1/buildroot/output/host/share/info' '/home/no/Desktop/github/riscv_emulator-seulgi-v1/buildroot/output/host/share/info/bison.info'
 /usr/bin/mkdir -p '/home/no/Desktop/github/riscv_emulator-seulgi-v1/buildroot/output/host/share/man/man1'
 /usr/bin/install -c -m 644 ./doc/bison.1 doc/yacc.1 '/home/no/Desktop/github/riscv_emulator-seulgi-v1/buildroot/output/host/share/man/man1'
 /usr/bin/mkdir -p '/home/no/Desktop/github/riscv_emulator-seulgi-v1/buildroot/output/host/share/doc/bison/examples/c/mfcalc'
 /usr/bin/install -c -m 644 examples/c/mfcalc/calc.h examples/c/mfcalc/mfcalc.y '/home/no/Desktop/github/riscv_emulator-seulgi-v1/buildroot/output/host/share/doc/bison/examples/c/mfcalc'
 /usr/bin/mkdir -p '/home/no/Desktop/github/riscv_emulator-seulgi-v1/buildroot/output/host/share/doc/bison/examples/c/rpcalc'
 /usr/bin/install -c -m 644 examples/c/rpcalc/rpcalc.y '/home/no/Desktop/github/riscv_emulator-seulgi-v1/buildroot/output/host/share/doc/bison/examples/c/rpcalc'
>>> host-gawk 5.4.0 Downloading
wget -nd -t 3 --connect-timeout=10 -O '/home/no/Desktop/github/riscv_emulator-seulgi-v1/buildroot/output/build/.gawk-5.4.0.tar.xz.EMqbrV/output' 'https://ftpmirror.gnu.org/gawk/gawk-5.4.0.tar.xz' 
--2026-09-15 11:20:26--  https://ftpmirror.gnu.org/gawk/gawk-5.4.0.tar.xz
Resolving ftpmirror.gnu.org (ftpmirror.gnu.org)... 2001:470:142:5::200, 209.51.188.200
Connecting to ftpmirror.gnu.org (ftpmirror.gnu.org)|2001:470:142:5::200|:443... connected.
HTTP request sent, awaiting response... 302 Moved Temporarily
Location: https://mirror2.evolution-host.com/gnu/gawk/gawk-5.4.0.tar.xz [following]
--2026-09-15 11:20:27--  https://mirror2.evolution-host.com/gnu/gawk/gawk-5.4.0.tar.xz
Resolving mirror2.evolution-host.com (mirror2.evolution-host.com)... 2607:5300:60:450d:c259:13f4:6df0:1, 167.114.8.249
Connecting to mirror2.evolution-host.com (mirror2.evolution-host.com)|2607:5300:60:450d:c259:13f4:6df0:1|:443... connected.
HTTP request sent, awaiting response... 200 OK
Length: 3803276 (3.6M) [application/x-xz]
Saving to: ‘/home/no/Desktop/github/riscv_emulator-seulgi-v1/buildroot/output/build/.gawk-5.4.0.tar.xz.EMqbrV/output’

     0K .......... .......... .......... .......... ..........  1%  280K 13s
    50K .......... .......... .......... .......... ..........  2%  585K 10s
   100K .......... .......... .......... .......... ..........  4% 43.0M 6s
   150K .......... .......... .......... .......... ..........  5% 73.0M 5s
   200K .......... .......... .......... .......... ..........  6%  553K 5s
   250K .......... .......... .......... .......... ..........  8% 14.8M 4s
   300K .......... .......... .......... .......... ..........  9% 65.8M 3s
   350K .......... .......... .......... .......... .......... 10% 65.6M 3s
   400K .......... .......... .......... .......... .......... 12%  483K 3s
   450K .......... .......... .......... .......... .......... 13% 7.10M 3s
   500K .......... .......... .......... .......... .......... 14% 13.6M 3s
   550K .......... .......... .......... .......... .......... 16%  172M 2s
   600K .......... .......... .......... .......... .......... 17% 11.1M 2s
   650K .......... .......... .......... .......... .......... 18%  180M 2s
   700K .......... .......... .......... .......... .......... 20%  218M 2s
   750K .......... .......... .......... .......... .......... 21%  177M 2s
   800K .......... .......... .......... .......... .......... 22%  197M 2s
   850K .......... .......... .......... .......... .......... 24%  615K 2s
   900K .......... .......... .......... .......... .......... 25% 62.2M 2s
   950K .......... .......... .......... .......... .......... 26% 63.1M 2s
  1000K .......... .......... .......... .......... .......... 28% 3.01M 1s
  1050K .......... .......... .......... .......... .......... 29% 34.3M 1s
  1100K .......... .......... .......... .......... .......... 30% 4.27M 1s
  1150K .......... .......... .......... .......... .......... 32% 71.5M 1s
  1200K .......... .......... .......... .......... .......... 33% 42.7M 1s
  1250K .......... .......... .......... .......... .......... 35% 79.3M 1s
  1300K .......... .......... .......... .......... .......... 36% 10.6M 1s
  1350K .......... .......... .......... .......... .......... 37%  260M 1s
  1400K .......... .......... .......... .......... .......... 39%  289M 1s
  1450K .......... .......... .......... .......... .......... 40%  320M 1s
  1500K .......... .......... .......... .......... .......... 41%  278M 1s
  1550K .......... .......... .......... .......... .......... 43%  296M 1s
  1600K .......... .......... .......... .......... .......... 44%  172M 1s
  1650K .......... .......... .......... .......... .......... 45% 8.33M 1s
  1700K .......... .......... .......... .......... .......... 47%  107M 1s
  1750K .......... .......... .......... .......... .......... 48% 1.12M 1s
  1800K .......... .......... .......... .......... .......... 49% 56.0M 1s
  1850K .......... .......... .......... .......... .......... 51%  176M 1s
  1900K .......... .......... .......... .......... .......... 52% 60.9M 1s
  1950K .......... .......... .......... .......... .......... 53% 41.9M 1s
  2000K .......... .......... .......... .......... .......... 55% 78.8M 1s
  2050K .......... .......... .......... .......... .......... 56% 4.49M 1s
  2100K .......... .......... .......... .......... .......... 57% 82.4M 0s
  2150K .......... .......... .......... .......... .......... 59% 7.36M 0s
  2200K .......... .......... .......... .......... .......... 60%  188M 0s
  2250K .......... .......... .......... .......... .......... 61% 3.61M 0s
  2300K .......... .......... .......... .......... .......... 63% 2.28M 0s
  2350K .......... .......... .......... .......... .......... 64% 73.1M 0s
  2400K .......... .......... .......... .......... .......... 65% 48.3M 0s
  2450K .......... .......... .......... .......... .......... 67% 63.7M 0s
  2500K .......... .......... .......... .......... .......... 68% 68.1M 0s
  2550K .......... .......... .......... .......... .......... 70% 67.3M 0s
  2600K .......... .......... .......... .......... .......... 71% 50.9M 0s
  2650K .......... .......... .......... .......... .......... 72% 37.4M 0s
  2700K .......... .......... .......... .......... .......... 74% 68.1M 0s
  2750K .......... .......... .......... .......... .......... 75% 73.4M 0s
  2800K .......... .......... .......... .......... .......... 76% 51.9M 0s
  2850K .......... .......... .......... .......... .......... 78% 4.83M 0s
  2900K .......... .......... .......... .......... .......... 79% 79.7M 0s
  2950K .......... .......... .......... .......... .......... 80% 69.6M 0s
  3000K .......... .......... .......... .......... .......... 82% 59.7M 0s
  3050K .......... .......... .......... .......... .......... 83% 84.7M 0s
  3100K .......... .......... .......... .......... .......... 84% 25.6M 0s
  3150K .......... .......... .......... .......... .......... 86%  127M 0s
  3200K .......... .......... .......... .......... .......... 87% 7.38M 0s
  3250K .......... .......... .......... .......... .......... 88%  153M 0s
  3300K .......... .......... .......... .......... .......... 90%  246M 0s
  3350K .......... .......... .......... .......... .......... 91%  268M 0s
  3400K .......... .......... .......... .......... .......... 92%  114M 0s
  3450K .......... .......... .......... .......... .......... 94%  122M 0s
  3500K .......... .......... .......... .......... .......... 95% 36.4M 0s
  3550K .......... .......... .......... .......... .......... 96%  426K 0s
  3600K .......... .......... .......... .......... .......... 98% 21.0M 0s
  3650K .......... .......... .......... .......... .......... 99%  139M 0s
  3700K .......... ....                                       100%  217M=0.9s

2026-09-15 11:20:28 (4.21 MB/s) - ‘/home/no/Desktop/github/riscv_emulator-seulgi-v1/buildroot/output/build/.gawk-5.4.0.tar.xz.EMqbrV/output’ saved [3803276/3803276]

gawk-5.4.0.tar.xz: OK (sha256: 3dd430f0cd3b4428c6c3f6afc021b9cd3c1f8c93f7a688dc268ca428a90b4ac1)
>>> host-gawk 5.4.0 Extracting
xzcat /home/no/Desktop/github/riscv_emulator-seulgi-v1/buildroot/dl/gawk/gawk-5.4.0.tar.xz | /home/no/Desktop/github/riscv_emulator-seulgi-v1/buildroot/output/host/bin/tar --strip-components=1 -C /home/no/Desktop/github/riscv_emulator-seulgi-v1/buildroot/output/build/host-gawk-5.4.0   -xf -
>>> host-gawk 5.4.0 Patching
>>> host-gawk 5.4.0 Updating config.sub and config.guess
for file in config.guess config.sub; do for i in $(find /home/no/Desktop/github/riscv_emulator-seulgi-v1/buildroot/output/build/host-gawk-5.4.0 -name $file); do cp support/gnuconfig/$file $i; done; done
>>> host-gawk 5.4.0 Patching libtool
patching file /home/no/Desktop/github/riscv_emulator-seulgi-v1/buildroot/output/build/host-gawk-5.4.0/build-aux/ltmain.sh
Hunk #1 succeeded at 2947 (offset 260 lines).
Hunk #2 succeeded at 4540 (offset 263 lines).
Hunk #3 succeeded at 6836 (offset 282 lines).
Hunk #4 succeeded at 6846 (offset 282 lines).
Hunk #5 succeeded at 7146 (offset 289 lines).
Hunk #6 succeeded at 7450 (offset 301 lines).
Hunk #7 succeeded at 8426 (offset 314 lines).
Hunk #8 succeeded at 11058 (offset 348 lines).
>>> host-gawk 5.4.0 Configuring
(cd /home/no/Desktop/github/riscv_emulator-seulgi-v1/buildroot/output/build/host-gawk-5.4.0/ && rm -rf config.cache; GIT_DIR=. PATH="/home/no/Desktop/github/riscv_emulator-seulgi-v1/buildroot/output/host/bin:/home/no/Desktop/github/riscv_emulator-seulgi-v1/buildroot/output/host/sbin:/home/no/.local/bin:/home/no/.local/bin:/home/no/bin:/media/no/b7ced73c-5231-4462-b98d-64e38fe2df9e/home/jbez/Desktop/!.📶️.SHARE]/!.🦾️].fullsharezip/💪🏾️].no-desk.sharezip/📲️📵️.GTFO.flxbx.📦️arcbit♏️/#.⛷️LOOSE-TANGENT]2wild]🎄️⛷️/🪆️.a0/📟️.a0/🎓️/🧼️/🥌️🗡️🛡️🧷️/🛡️.ARMOR.OF.WAR.NOW!]a1/🌐️🗺️🧫️.voxel_sphere_lab]a0/2.Mid.urf.PLAY]loglev]🪓️🤓️🪄️🪵️a0/🧪️]jul8.🏚️.®™]d10/jl69.🥡️.®™]🟦🟥️🟨️]a0/!.🚦️🏎️🏎️🏎️]a3]GOIN!/Fas7.🥡️.®™]🔳️⏹️]E6/earf.🌎️.®™/Lnd1.🏝️.®™/crsr.🗡️.®™]g10📌️/env0🥡️.®™]a0📌️/home.🥡️.®™]a0📌️/!.inst.🫕️.®™/+x/:/home/no/.grok/bin:/home/no/.opencode/bin:/home/no/.local/bin:/usr/local/bin:/usr/local/qt4/bin:/usr/local/qt4/bin:/home/no/.nvm/versions/node/v22.11.0/bin:/home/no/.local/bin:/home/no/.cargo/bin:/home/no/.local/bin:/home/no/bin:/media/no/b7ced73c-5231-4462-b98d-64e38fe2df9e/home/jbez/Desktop/!.📶️.SHARE]/!.🦾️].fullsharezip/💪🏾️].no-desk.sharezip/📲️📵️.GTFO.flxbx.📦️arcbit♏️/#.⛷️LOOSE-TANGENT]2wild]🎄️⛷️/🪆️.a0/📟️.a0/🎓️/🧼️/🥌️🗡️🛡️🧷️/🛡️.ARMOR.OF.WAR.NOW!]a1/🌐️🗺️🧫️.voxel_sphere_lab]a0/2.Mid.urf.PLAY]loglev]🪓️🤓️🪄️🪵️a0/🧪️]jul8.🏚️.®™]d10/jl69.🥡️.®™]🟦🟥️🟨️]a0/!.🚦️🏎️🏎️🏎️]a3]GOIN!/Fas7.🥡️.®™]🔳️⏹️]E6/earf.🌎️.®™/Lnd1.🏝️.®™/crsr.🗡️.®™]g10📌️/env0🥡️.®™]a0📌️/home.🥡️.®™]a0📌️/!.inst.🫕️.®™/+x/:/usr/local/sbin:/usr/local/bin:/usr/sbin:/usr/bin:/sbin:/bin:/usr/games:/usr/local/games:/snap/bin:/snap/bin:/home/no/.local/bin:/home/no/.lmstudio/bin:/home/no/.lmstudio/bin:/home/no/.lmstudio/bin" PKG_CONFIG="/home/no/Desktop/github/riscv_emulator-seulgi-v1/buildroot/output/host/bin/pkg-config" PKG_CONFIG_SYSROOT_DIR="/" PKG_CONFIG_ALLOW_SYSTEM_CFLAGS=1 PKG_CONFIG_ALLOW_SYSTEM_LIBS=1 PKG_CONFIG_LIBDIR="/home/no/Desktop/github/riscv_emulator-seulgi-v1/buildroot/output/host/lib/pkgconfig:/home/no/Desktop/github/riscv_emulator-seulgi-v1/buildroot/output/host/share/pkgconfig" AR="/usr/bin/ar" AS="/usr/bin/as" LD="/usr/bin/ld" NM="/usr/bin/nm" CC="/usr/bin/gcc" GCC="/usr/bin/gcc" CXX="/usr/bin/g++" CPP="/usr/bin/cpp" OBJCOPY="/usr/bin/objcopy" RANLIB="/usr/bin/ranlib" CPPFLAGS="-I/home/no/Desktop/github/riscv_emulator-seulgi-v1/buildroot/output/host/include" CFLAGS="-O2 -I/home/no/Desktop/github/riscv_emulator-seulgi-v1/buildroot/output/host/include" CXXFLAGS="-O2 -I/home/no/Desktop/github/riscv_emulator-seulgi-v1/buildroot/output/host/include" LDFLAGS="-L/home/no/Desktop/github/riscv_emulator-seulgi-v1/buildroot/output/host/lib -Wl,-rpath,/home/no/Desktop/github/riscv_emulator-seulgi-v1/buildroot/output/host/lib" INTLTOOL_PERL=/usr/bin/perl  CONFIG_SITE=/dev/null ./configure --prefix="/home/no/Desktop/github/riscv_emulator-seulgi-v1/buildroot/output/host" --sysconfdir="/home/no/Desktop/github/riscv_emulator-seulgi-v1/buildroot/output/host/etc" --localstatedir="/home/no/Desktop/github/riscv_emulator-seulgi-v1/buildroot/output/host/var" --enable-shared --disable-static --disable-gtk-doc --disable-gtk-doc-html --disable-doc --disable-docs --disable-documentation --disable-debug --with-xmlto=no --with-fop=no --disable-nls --disable-dependency-tracking  --without-readline --without-mpfr )
checking for a BSD-compatible install... ./build-aux/install-sh -c
checking whether build environment is sane... yes
checking for a race-free mkdir -p... /usr/bin/mkdir -p
checking for gawk... gawk
checking whether make sets $(MAKE)... yes
checking whether make supports nested variables... yes
checking build system type... x86_64-pc-linux-gnu
checking host system type... x86_64-pc-linux-gnu
checking whether make supports the include directive... yes (GNU style)
checking for gcc... /usr/bin/gcc
checking whether the C compiler works... yes
checking for C compiler default output file name... a.out
checking for suffix of executables... 
checking whether we are cross compiling... no
checking for suffix of object files... o
checking whether the compiler supports GNU C... yes
checking whether /usr/bin/gcc accepts -g... yes
checking for /usr/bin/gcc option to enable C11 features... none needed
checking whether /usr/bin/gcc understands -c and -o together... yes
checking dependency style of /usr/bin/gcc... none
checking for stdio.h... yes
checking for stdlib.h... yes
checking for string.h... yes
checking for inttypes.h... yes
checking for stdint.h... yes
checking for strings.h... yes
checking for sys/stat.h... yes
checking for sys/types.h... yes
checking for unistd.h... yes
checking for wchar.h... yes
checking for minix/config.h... no
checking for stdbool.h... yes
checking for sys/time.h... yes
checking whether it is safe to define __EXTENSIONS__... yes
checking whether _XOPEN_SOURCE should be defined... no
checking for grep that handles long lines and -e... /usr/bin/grep
checking for egrep... /usr/bin/grep -E
checking for bison... bison -y
checking whether ln -s works... yes
checking for gcc... (cached) /usr/bin/gcc
checking whether the compiler supports GNU C... (cached) yes
checking whether /usr/bin/gcc accepts -g... (cached) yes
checking for /usr/bin/gcc option to enable C11 features... (cached) none needed
checking whether /usr/bin/gcc understands -c and -o together... (cached) yes
checking dependency style of /usr/bin/gcc... (cached) none
checking how to run the C preprocessor... /usr/bin/cpp
checking for variable-length arrays... yes
checking how to run the C preprocessor... /usr/bin/cpp
checking for ranlib... /usr/bin/ranlib
checking whether make sets $(MAKE)... (cached) yes
checking the archiver (/usr/bin/ar) interface... ar
checking for special development options... no
checking for z/OS USS compilation... no
checking for library containing strerror... none required
checking for special C compiler options needed for large files... no
checking for _FILE_OFFSET_BITS value needed for large files... no
checking if we are using EBCDIC... no
checking for a sed that does not truncate output... /usr/bin/sed
checking whether NLS is requested... no
checking for msgfmt... /usr/bin/msgfmt
checking for gmsgfmt... /usr/bin/msgfmt
checking for xgettext... /usr/bin/xgettext
checking for msgmerge... /usr/bin/msgmerge
checking for ld... /usr/bin/ld
checking if the linker (/usr/bin/ld) is GNU ld... yes
checking for shared library run path origin... done
checking 32-bit host C ABI... no
checking for ELF binary format... yes
checking for the common suffixes of directories in the library search path... lib,lib,lib64
checking for CFPreferencesCopyAppValue... no
checking for CFLocaleCopyPreferredLanguages... no
checking whether to use NLS... no
checking for nl_langinfo and CODESET... yes
checking for LC_MESSAGES... yes
checking for arpa/inet.h... yes
checking for fcntl.h... yes
checking for locale.h... yes
checking for libintl.h... yes
checking for mcheck.h... yes
checking for netdb.h... yes
checking for netinet/in.h... yes
checking for stddef.h... yes
checking for string.h... (cached) yes
checking for spawn.h... yes
checking for sys/procctl.h... no
checking for sys/sysctl.h... no
checking for sys/ioctl.h... yes
checking for sys/param.h... yes
checking for sys/personality.h... yes
checking for sys/select.h... yes
checking for sys/socket.h... yes
checking for sys/time.h... (cached) yes
checking for uchar.h... yes
checking for unistd.h... (cached) yes
checking for termios.h... yes
checking for stropts.h... no
checking for wchar.h... (cached) yes
checking for wctype.h... yes
checking for bool, true, false... no
checking for sys/wait.h that is POSIX.1 compatible... yes
checking for memory.h... yes
checking for pid_t... yes
checking for size_t... yes
checking for uid_t in sys/types.h... yes
checking type of array argument to getgroups... gid_t
checking for unsigned long long int... yes
checking for long long int... yes
checking for unsigned long long int... (cached) yes
checking for intmax_t... yes
checking for uintmax_t... yes
checking for ssize_t... yes
checking size of unsigned int... 4
checking size of unsigned long... 8
checking for socklen_t... yes
checking for getaddrinfo... yes
checking for library containing fmod... -lm
checking for library containing isinf... none required
checking for library containing ismod... no
checking for library containing isnan... none required
checking for __etoa_l... no
checking for atexit... yes
checking for btowc... yes
checking for fmod... yes
checking for fwrite_unlocked... yes
checking for gai_strerror... yes
checking for getgrent... yes
checking for getgroups... yes
checking for grantpt... yes
checking for isascii... yes
checking for isblank... yes
checking for gettimeofday... yes
checking for clock_gettime... yes
checking for lstat... yes
checking for getdtablesize... yes
checking for _NSGetExecutablePath... no
checking for posix_spawnp... yes
checking for mbrtoc32... yes
checking for c32rtomb... yes
checking for mtrace... yes
checking for personality... yes
checking for posix_openpt... yes
checking for setenv... yes
checking for setlocale... yes
checking for setsid... yes
checking for sigprocmask... yes
checking for procctl... no
checking for sysctl... no
checking for strcasecmp... yes
checking for strcoll... yes
checking for strftime... yes
checking for strncasecmp... yes
checking for strsignal... yes
checking for timegm... yes
checking for waitpid... yes
checking for wctype... yes
checking whether mbrtowc and mbstate_t are properly declared... yes
checking whether C compiler accepts ... yes
checking size of void *... 8
checking for mmap... yes
checking for munmap... yes
checking for dlfcn.h... yes
checking for library containing dlopen... none required
checking whether getpgrp requires zero arguments... yes
checking for printf %F format... yes
checking for printf %a format... yes
checking for gethostbyname... yes
checking for connect... yes
checking where to find the socket library calls... the standard library
checking for struct stat.st_blksize... yes
checking for struct passwd.pw_passwd... yes
checking for struct group.gr_passwd... yes
checking whether struct tm is in sys/time.h or time.h... time.h
checking for /usr/bin/gcc options needed to detect all undeclared functions... none needed
checking for struct tm.tm_zone... yes
checking whether char is unsigned... no
checking for an ANSI C-conforming const... yes
checking for C/C++ restrict keyword... __restrict__
checking for inline... inline
checking for preprocessor stringizing operator... yes
checking that generated files are newer than configure... done
configure: creating ./config.status
config.status: creating Makefile
config.status: creating support/Makefile
config.status: creating awklib/Makefile
config.status: creating doc/Makefile
config.status: creating extras/Makefile
config.status: creating po/Makefile.in
config.status: creating test/Makefile
config.status: creating gawkbug
config.status: creating config.h
config.status: executing depfiles commands
config.status: executing po-directories commands
config.status: creating po/POTFILES
config.status: creating po/Makefile
=== configuring in extension (/home/no/Desktop/github/riscv_emulator-seulgi-v1/buildroot/output/build/host-gawk-5.4.0/extension)
configure: running /bin/bash ./configure --disable-option-checking '--prefix=/home/no/Desktop/github/riscv_emulator-seulgi-v1/buildroot/output/host'  '--sysconfdir=/home/no/Desktop/github/riscv_emulator-seulgi-v1/buildroot/output/host/etc' '--localstatedir=/home/no/Desktop/github/riscv_emulator-seulgi-v1/buildroot/output/host/var' '--enable-shared' '--disable-static' '--disable-gtk-doc' '--disable-gtk-doc-html' '--disable-doc' '--disable-docs' '--disable-documentation' '--disable-debug' '--with-xmlto=no' '--with-fop=no' '--disable-nls' '--disable-dependency-tracking' '--without-readline' '--without-mpfr' 'CC=/usr/bin/gcc' 'CFLAGS=-O2 -I/home/no/Desktop/github/riscv_emulator-seulgi-v1/buildroot/output/host/include' 'LDFLAGS=-L/home/no/Desktop/github/riscv_emulator-seulgi-v1/buildroot/output/host/lib -Wl,-rpath,/home/no/Desktop/github/riscv_emulator-seulgi-v1/buildroot/output/host/lib' 'CPPFLAGS=-I/home/no/Desktop/github/riscv_emulator-seulgi-v1/buildroot/output/host/include' 'CPP=/usr/bin/cpp' --cache-file=/dev/null --srcdir=.
checking for a BSD-compatible install... ./build-aux/install-sh -c
checking whether build environment is sane... yes
checking for a race-free mkdir -p... /usr/bin/mkdir -p
checking for gawk... gawk
checking whether make sets $(MAKE)... yes
checking whether make supports nested variables... yes
checking build system type... x86_64-pc-linux-gnu
checking host system type... x86_64-pc-linux-gnu
checking whether make supports the include directive... yes (GNU style)
checking for gcc... /usr/bin/gcc
checking whether the C compiler works... yes
checking for C compiler default output file name... a.out
checking for suffix of executables... 
checking whether we are cross compiling... no
checking for suffix of object files... o
checking whether the compiler supports GNU C... yes
checking whether /usr/bin/gcc accepts -g... yes
checking for /usr/bin/gcc option to enable C11 features... none needed
checking whether /usr/bin/gcc understands -c and -o together... yes
checking dependency style of /usr/bin/gcc... none
checking for stdio.h... yes
checking for stdlib.h... yes
checking for string.h... yes
checking for inttypes.h... yes
checking for stdint.h... yes
checking for strings.h... yes
checking for sys/stat.h... yes
checking for sys/types.h... yes
checking for unistd.h... yes
checking for wchar.h... yes
checking for minix/config.h... no
checking for sys/time.h... yes
checking whether it is safe to define __EXTENSIONS__... yes
checking whether _XOPEN_SOURCE should be defined... no
checking for z/OS USS compilation... no
checking for a sed that does not truncate output... /usr/bin/sed
checking whether NLS is requested... no
checking for msgfmt... /usr/bin/msgfmt
checking for gmsgfmt... /usr/bin/msgfmt
checking for xgettext... /usr/bin/xgettext
checking for msgmerge... /usr/bin/msgmerge
checking for ld... /usr/bin/ld
checking if the linker (/usr/bin/ld) is GNU ld... yes
checking for shared library run path origin... done
checking 32-bit host C ABI... no
checking how to run the C preprocessor... /usr/bin/cpp
checking for grep that handles long lines and -e... /usr/bin/grep
checking for egrep... /usr/bin/grep -E
checking for ELF binary format... yes
checking for the common suffixes of directories in the library search path... lib,lib,lib64
checking for CFPreferencesCopyAppValue... no
checking for CFLocaleCopyPreferredLanguages... no
checking whether to use NLS... no
checking for nl_langinfo and CODESET... yes
checking for LC_MESSAGES... yes
checking for struct stat.st_blksize... yes
checking the archiver (/usr/bin/ar) interface... ar
checking for special C compiler options needed for large files... no
checking for _FILE_OFFSET_BITS value needed for large files... no
checking whether C compiler accepts ... yes
checking size of void *... 8
checking for mmap... yes
checking for munmap... yes
checking how to print strings... printf
checking for a sed that does not truncate output... (cached) /usr/bin/sed
checking for fgrep... /usr/bin/grep -F
checking for ld used by /usr/bin/gcc... /usr/bin/ld
checking if the linker (/usr/bin/ld) is GNU ld... yes
checking for BSD- or MS-compatible name lister (nm)... /usr/bin/nm
checking the name lister (/usr/bin/nm) interface... BSD nm
checking whether ln -s works... yes
checking the maximum length of command line arguments... 1572864
checking how to convert x86_64-pc-linux-gnu file names to x86_64-pc-linux-gnu format... func_convert_file_noop
checking how to convert x86_64-pc-linux-gnu file names to toolchain format... func_convert_file_noop
checking for /usr/bin/ld option to reload object files... -r
checking for file... file
checking for objdump... objdump
checking how to recognize dependent libraries... pass_all
checking for dlltool... no
checking how to associate runtime and link libraries... printf %s\n
checking for archiver @FILE support... @
checking for strip... strip
checking for ranlib... /usr/bin/ranlib
checking command to parse /usr/bin/nm output from /usr/bin/gcc object... ok
checking for sysroot... no
checking for a working dd... /usr/bin/dd
checking how to truncate binary pipes... /usr/bin/dd bs=4096 count=1
checking for mt... mt
checking if mt is a manifest tool... no
checking for dlfcn.h... yes
checking for objdir... .libs
checking if /usr/bin/gcc supports -fno-rtti -fno-exceptions... no
checking for /usr/bin/gcc option to produce PIC... -fPIC -DPIC
checking if /usr/bin/gcc PIC flag -fPIC -DPIC works... yes
checking if /usr/bin/gcc static flag -static works... yes
checking if /usr/bin/gcc supports -c -o file.o... yes
checking if /usr/bin/gcc supports -c -o file.o... (cached) yes
checking whether the /usr/bin/gcc linker (/usr/bin/ld -m elf_x86_64) supports shared libraries... yes
checking whether -lc should be explicitly linked in... no
checking dynamic linker characteristics... GNU/Linux ld.so
checking how to hardcode library paths into programs... immediate
checking whether stripping libraries is possible... yes
checking if libtool supports shared libraries... yes
checking whether to build shared libraries... yes
checking whether to build static libraries... no
checking for special development options... no
checking for fnmatch.h... yes
checking for limits.h... yes
checking for sys/mkdev.h... no
checking for sys/param.h... yes
checking for sys/select.h... yes
checking for sys/statvfs.h... yes
checking for sys/sysmacros.h... yes
checking for sys/time.h... (cached) yes
checking for uchar.h... yes
checking for dirent.h that defines DIR... yes
checking for library containing opendir... none required
checking for library containing fmod... -lm
checking for fdopendir... yes
checking for fmod... yes
checking for fnmatch... yes
checking for getdtablesize... yes
checking for clock_gettime... yes
checking for gettimeofday... yes
checking for nanosleep... yes
checking for select... yes
checking for statvfs... yes
checking for mbrtoc32... yes
checking for c32rtomb... yes
checking for GetSystemTimeAsFileTime... no
checking for strptime... yes
checking for /usr/bin/gcc options needed to detect all undeclared functions... none needed
checking for dirfd... yes
checking whether dirfd is declared... yes
checking whether dirfd is a macro... no
checking how to get the file descriptor associated with an open DIR*... no_such_member
checking for inline... inline
checking that generated files are newer than configure... done
configure: creating ./config.status
config.status: creating Makefile
config.status: creating po/Makefile.in
config.status: creating config.h
config.status: executing depfiles commands
config.status: executing po-directories commands
config.status: creating po/POTFILES
config.status: creating po/Makefile
config.status: executing libtool commands
>>> host-gawk 5.4.0 Building
GIT_DIR=. PATH="/home/no/Desktop/github/riscv_emulator-seulgi-v1/buildroot/output/host/bin:/home/no/Desktop/github/riscv_emulator-seulgi-v1/buildroot/output/host/sbin:/home/no/.local/bin:/home/no/.local/bin:/home/no/bin:/media/no/b7ced73c-5231-4462-b98d-64e38fe2df9e/home/jbez/Desktop/!.📶️.SHARE]/!.🦾️].fullsharezip/💪🏾️].no-desk.sharezip/📲️📵️.GTFO.flxbx.📦️arcbit♏️/#.⛷️LOOSE-TANGENT]2wild]🎄️⛷️/🪆️.a0/📟️.a0/🎓️/🧼️/🥌️🗡️🛡️🧷️/🛡️.ARMOR.OF.WAR.NOW!]a1/🌐️🗺️🧫️.voxel_sphere_lab]a0/2.Mid.urf.PLAY]loglev]🪓️🤓️🪄️🪵️a0/🧪️]jul8.🏚️.®™]d10/jl69.🥡️.®™]🟦🟥️🟨️]a0/!.🚦️🏎️🏎️🏎️]a3]GOIN!/Fas7.🥡️.®™]🔳️⏹️]E6/earf.🌎️.®™/Lnd1.🏝️.®™/crsr.🗡️.®™]g10📌️/env0🥡️.®™]a0📌️/home.🥡️.®™]a0📌️/!.inst.🫕️.®™/+x/:/home/no/.grok/bin:/home/no/.opencode/bin:/home/no/.local/bin:/usr/local/bin:/usr/local/qt4/bin:/usr/local/qt4/bin:/home/no/.nvm/versions/node/v22.11.0/bin:/home/no/.local/bin:/home/no/.cargo/bin:/home/no/.local/bin:/home/no/bin:/media/no/b7ced73c-5231-4462-b98d-64e38fe2df9e/home/jbez/Desktop/!.📶️.SHARE]/!.🦾️].fullsharezip/💪🏾️].no-desk.sharezip/📲️📵️.GTFO.flxbx.📦️arcbit♏️/#.⛷️LOOSE-TANGENT]2wild]🎄️⛷️/🪆️.a0/📟️.a0/🎓️/🧼️/🥌️🗡️🛡️🧷️/🛡️.ARMOR.OF.WAR.NOW!]a1/🌐️🗺️🧫️.voxel_sphere_lab]a0/2.Mid.urf.PLAY]loglev]🪓️🤓️🪄️🪵️a0/🧪️]jul8.🏚️.®™]d10/jl69.🥡️.®™]🟦🟥️🟨️]a0/!.🚦️🏎️🏎️🏎️]a3]GOIN!/Fas7.🥡️.®™]🔳️⏹️]E6/earf.🌎️.®™/Lnd1.🏝️.®™/crsr.🗡️.®™]g10📌️/env0🥡️.®™]a0📌️/home.🥡️.®™]a0📌️/!.inst.🫕️.®™/+x/:/usr/local/sbin:/usr/local/bin:/usr/sbin:/usr/bin:/sbin:/bin:/usr/games:/usr/local/games:/snap/bin:/snap/bin:/home/no/.local/bin:/home/no/.lmstudio/bin:/home/no/.lmstudio/bin:/home/no/.lmstudio/bin" PKG_CONFIG="/home/no/Desktop/github/riscv_emulator-seulgi-v1/buildroot/output/host/bin/pkg-config" PKG_CONFIG_SYSROOT_DIR="/" PKG_CONFIG_ALLOW_SYSTEM_CFLAGS=1 PKG_CONFIG_ALLOW_SYSTEM_LIBS=1 PKG_CONFIG_LIBDIR="/home/no/Desktop/github/riscv_emulator-seulgi-v1/buildroot/output/host/lib/pkgconfig:/home/no/Desktop/github/riscv_emulator-seulgi-v1/buildroot/output/host/share/pkgconfig"  /usr/bin/make   -C /home/no/Desktop/github/riscv_emulator-seulgi-v1/buildroot/output/build/host-gawk-5.4.0/
/usr/bin/make  all-recursive
Making all in support
/usr/bin/gcc -DGAWK -DHAVE_CONFIG_H -I"./.." -I. -I..   -I/home/no/Desktop/github/riscv_emulator-seulgi-v1/buildroot/output/host/include -O2 -I/home/no/Desktop/github/riscv_emulator-seulgi-v1/buildroot/output/host/include -O2 -I/home/no/Desktop/github/riscv_emulator-seulgi-v1/buildroot/output/host/include -c -o dfa.o dfa.c
/usr/bin/gcc -DGAWK -DHAVE_CONFIG_H -I"./.." -I. -I..   -I/home/no/Desktop/github/riscv_emulator-seulgi-v1/buildroot/output/host/include -O2 -I/home/no/Desktop/github/riscv_emulator-seulgi-v1/buildroot/output/host/include -O2 -I/home/no/Desktop/github/riscv_emulator-seulgi-v1/buildroot/output/host/include -c -o getopt.o getopt.c
/usr/bin/gcc -DGAWK -DHAVE_CONFIG_H -I"./.." -I. -I..   -I/home/no/Desktop/github/riscv_emulator-seulgi-v1/buildroot/output/host/include -O2 -I/home/no/Desktop/github/riscv_emulator-seulgi-v1/buildroot/output/host/include -O2 -I/home/no/Desktop/github/riscv_emulator-seulgi-v1/buildroot/output/host/include -c -o getopt1.o getopt1.c
/usr/bin/gcc -DGAWK -DHAVE_CONFIG_H -I"./.." -I. -I..   -I/home/no/Desktop/github/riscv_emulator-seulgi-v1/buildroot/output/host/include -O2 -I/home/no/Desktop/github/riscv_emulator-seulgi-v1/buildroot/output/host/include -O2 -I/home/no/Desktop/github/riscv_emulator-seulgi-v1/buildroot/output/host/include -c -o localeinfo.o localeinfo.c
/usr/bin/gcc -DGAWK -DHAVE_CONFIG_H -I"./.." -I. -I..   -I/home/no/Desktop/github/riscv_emulator-seulgi-v1/buildroot/output/host/include -O2 -I/home/no/Desktop/github/riscv_emulator-seulgi-v1/buildroot/output/host/include -O2 -I/home/no/Desktop/github/riscv_emulator-seulgi-v1/buildroot/output/host/include -c -o minrx.o minrx.c
/usr/bin/gcc -DGAWK -DHAVE_CONFIG_H -I"./.." -I. -I..   -I/home/no/Desktop/github/riscv_emulator-seulgi-v1/buildroot/output/host/include -O2 -I/home/no/Desktop/github/riscv_emulator-seulgi-v1/buildroot/output/host/include -O2 -I/home/no/Desktop/github/riscv_emulator-seulgi-v1/buildroot/output/host/include -c -o random.o random.c
/usr/bin/gcc -DGAWK -DHAVE_CONFIG_H -I"./.." -I. -I..   -I/home/no/Desktop/github/riscv_emulator-seulgi-v1/buildroot/output/host/include -O2 -I/home/no/Desktop/github/riscv_emulator-seulgi-v1/buildroot/output/host/include -O2 -I/home/no/Desktop/github/riscv_emulator-seulgi-v1/buildroot/output/host/include -c -o regex.o regex.c
/usr/bin/gcc -DGAWK -DHAVE_CONFIG_H -I"./.." -I. -I..   -I/home/no/Desktop/github/riscv_emulator-seulgi-v1/buildroot/output/host/include -O2 -I/home/no/Desktop/github/riscv_emulator-seulgi-v1/buildroot/output/host/include -O2 -I/home/no/Desktop/github/riscv_emulator-seulgi-v1/buildroot/output/host/include -c -o pma.o pma.c
/usr/bin/gcc -DGAWK -DHAVE_CONFIG_H -I"./.." -I. -I..   -I/home/no/Desktop/github/riscv_emulator-seulgi-v1/buildroot/output/host/include -O2 -I/home/no/Desktop/github/riscv_emulator-seulgi-v1/buildroot/output/host/include -O2 -I/home/no/Desktop/github/riscv_emulator-seulgi-v1/buildroot/output/host/include -c -o malloc/dynarray_at_failure.o malloc/dynarray_at_failure.c
/usr/bin/gcc -DGAWK -DHAVE_CONFIG_H -I"./.." -I. -I..   -I/home/no/Desktop/github/riscv_emulator-seulgi-v1/buildroot/output/host/include -O2 -I/home/no/Desktop/github/riscv_emulator-seulgi-v1/buildroot/output/host/include -O2 -I/home/no/Desktop/github/riscv_emulator-seulgi-v1/buildroot/output/host/include -c -o malloc/dynarray_emplace_enlarge.o malloc/dynarray_emplace_enlarge.c
/usr/bin/gcc -DGAWK -DHAVE_CONFIG_H -I"./.." -I. -I..   -I/home/no/Desktop/github/riscv_emulator-seulgi-v1/buildroot/output/host/include -O2 -I/home/no/Desktop/github/riscv_emulator-seulgi-v1/buildroot/output/host/include -O2 -I/home/no/Desktop/github/riscv_emulator-seulgi-v1/buildroot/output/host/include -c -o malloc/dynarray_finalize.o malloc/dynarray_finalize.c
/usr/bin/gcc -DGAWK -DHAVE_CONFIG_H -I"./.." -I. -I..   -I/home/no/Desktop/github/riscv_emulator-seulgi-v1/buildroot/output/host/include -O2 -I/home/no/Desktop/github/riscv_emulator-seulgi-v1/buildroot/output/host/include -O2 -I/home/no/Desktop/github/riscv_emulator-seulgi-v1/buildroot/output/host/include -c -o malloc/dynarray_resize.o malloc/dynarray_resize.c
/usr/bin/gcc -DGAWK -DHAVE_CONFIG_H -I"./.." -I. -I..   -I/home/no/Desktop/github/riscv_emulator-seulgi-v1/buildroot/output/host/include -O2 -I/home/no/Desktop/github/riscv_emulator-seulgi-v1/buildroot/output/host/include -O2 -I/home/no/Desktop/github/riscv_emulator-seulgi-v1/buildroot/output/host/include -c -o malloc/dynarray_resize_clear.o malloc/dynarray_resize_clear.c
rm -f libsupport.a
/usr/bin/ar cru libsupport.a dfa.o getopt.o getopt1.o localeinfo.o minrx.o random.o regex.o malloc/dynarray_at_failure.o malloc/dynarray_emplace_enlarge.o malloc/dynarray_finalize.o malloc/dynarray_resize.o malloc/dynarray_resize_clear.o pma.o 
/usr/bin/ar: `u' modifier ignored since `D' is the default (see `U')
/usr/bin/ranlib libsupport.a
Making all in .
/usr/bin/gcc -DDEFPATH='".:/home/no/Desktop/github/riscv_emulator-seulgi-v1/buildroot/output/host/share/awk"' -DDEFLIBPATH="\"/home/no/Desktop/github/riscv_emulator-seulgi-v1/buildroot/output/host/lib/gawk\"" -DSHLIBEXT="\"so"\" -DHAVE_CONFIG_H -DGAWK -DLOCALEDIR='"/home/no/Desktop/github/riscv_emulator-seulgi-v1/buildroot/output/host/share/locale"' -I"./support" -I.   -I/home/no/Desktop/github/riscv_emulator-seulgi-v1/buildroot/output/host/include -O2 -I/home/no/Desktop/github/riscv_emulator-seulgi-v1/buildroot/output/host/include -O2 -I/home/no/Desktop/github/riscv_emulator-seulgi-v1/buildroot/output/host/include -c -o array.o array.c
/usr/bin/gcc -DDEFPATH='".:/home/no/Desktop/github/riscv_emulator-seulgi-v1/buildroot/output/host/share/awk"' -DDEFLIBPATH="\"/home/no/Desktop/github/riscv_emulator-seulgi-v1/buildroot/output/host/lib/gawk\"" -DSHLIBEXT="\"so"\" -DHAVE_CONFIG_H -DGAWK -DLOCALEDIR='"/home/no/Desktop/github/riscv_emulator-seulgi-v1/buildroot/output/host/share/locale"' -I"./support" -I.   -I/home/no/Desktop/github/riscv_emulator-seulgi-v1/buildroot/output/host/include -O2 -I/home/no/Desktop/github/riscv_emulator-seulgi-v1/buildroot/output/host/include -O2 -I/home/no/Desktop/github/riscv_emulator-seulgi-v1/buildroot/output/host/include -c -o awkgram.o awkgram.c
/usr/bin/gcc -DDEFPATH='".:/home/no/Desktop/github/riscv_emulator-seulgi-v1/buildroot/output/host/share/awk"' -DDEFLIBPATH="\"/home/no/Desktop/github/riscv_emulator-seulgi-v1/buildroot/output/host/lib/gawk\"" -DSHLIBEXT="\"so"\" -DHAVE_CONFIG_H -DGAWK -DLOCALEDIR='"/home/no/Desktop/github/riscv_emulator-seulgi-v1/buildroot/output/host/share/locale"' -I"./support" -I.   -I/home/no/Desktop/github/riscv_emulator-seulgi-v1/buildroot/output/host/include -O2 -I/home/no/Desktop/github/riscv_emulator-seulgi-v1/buildroot/output/host/include -O2 -I/home/no/Desktop/github/riscv_emulator-seulgi-v1/buildroot/output/host/include -c -o builtin.o builtin.c
/usr/bin/gcc -DDEFPATH='".:/home/no/Desktop/github/riscv_emulator-seulgi-v1/buildroot/output/host/share/awk"' -DDEFLIBPATH="\"/home/no/Desktop/github/riscv_emulator-seulgi-v1/buildroot/output/host/lib/gawk\"" -DSHLIBEXT="\"so"\" -DHAVE_CONFIG_H -DGAWK -DLOCALEDIR='"/home/no/Desktop/github/riscv_emulator-seulgi-v1/buildroot/output/host/share/locale"' -I"./support" -I.   -I/home/no/Desktop/github/riscv_emulator-seulgi-v1/buildroot/output/host/include -O2 -I/home/no/Desktop/github/riscv_emulator-seulgi-v1/buildroot/output/host/include -O2 -I/home/no/Desktop/github/riscv_emulator-seulgi-v1/buildroot/output/host/include -c -o cint_array.o cint_array.c
/usr/bin/gcc -DDEFPATH='".:/home/no/Desktop/github/riscv_emulator-seulgi-v1/buildroot/output/host/share/awk"' -DDEFLIBPATH="\"/home/no/Desktop/github/riscv_emulator-seulgi-v1/buildroot/output/host/lib/gawk\"" -DSHLIBEXT="\"so"\" -DHAVE_CONFIG_H -DGAWK -DLOCALEDIR='"/home/no/Desktop/github/riscv_emulator-seulgi-v1/buildroot/output/host/share/locale"' -I"./support" -I.   -I/home/no/Desktop/github/riscv_emulator-seulgi-v1/buildroot/output/host/include -O2 -I/home/no/Desktop/github/riscv_emulator-seulgi-v1/buildroot/output/host/include -O2 -I/home/no/Desktop/github/riscv_emulator-seulgi-v1/buildroot/output/host/include -c -o command.o command.c
/usr/bin/gcc -DDEFPATH='".:/home/no/Desktop/github/riscv_emulator-seulgi-v1/buildroot/output/host/share/awk"' -DDEFLIBPATH="\"/home/no/Desktop/github/riscv_emulator-seulgi-v1/buildroot/output/host/lib/gawk\"" -DSHLIBEXT="\"so"\" -DHAVE_CONFIG_H -DGAWK -DLOCALEDIR='"/home/no/Desktop/github/riscv_emulator-seulgi-v1/buildroot/output/host/share/locale"' -I"./support" -I.   -I/home/no/Desktop/github/riscv_emulator-seulgi-v1/buildroot/output/host/include -O2 -I/home/no/Desktop/github/riscv_emulator-seulgi-v1/buildroot/output/host/include -O2 -I/home/no/Desktop/github/riscv_emulator-seulgi-v1/buildroot/output/host/include -c -o debug.o debug.c
/usr/bin/gcc -DDEFPATH='".:/home/no/Desktop/github/riscv_emulator-seulgi-v1/buildroot/output/host/share/awk"' -DDEFLIBPATH="\"/home/no/Desktop/github/riscv_emulator-seulgi-v1/buildroot/output/host/lib/gawk\"" -DSHLIBEXT="\"so"\" -DHAVE_CONFIG_H -DGAWK -DLOCALEDIR='"/home/no/Desktop/github/riscv_emulator-seulgi-v1/buildroot/output/host/share/locale"' -I"./support" -I.   -I/home/no/Desktop/github/riscv_emulator-seulgi-v1/buildroot/output/host/include -O2 -I/home/no/Desktop/github/riscv_emulator-seulgi-v1/buildroot/output/host/include -O2 -I/home/no/Desktop/github/riscv_emulator-seulgi-v1/buildroot/output/host/include -c -o eval.o eval.c
/usr/bin/gcc -DDEFPATH='".:/home/no/Desktop/github/riscv_emulator-seulgi-v1/buildroot/output/host/share/awk"' -DDEFLIBPATH="\"/home/no/Desktop/github/riscv_emulator-seulgi-v1/buildroot/output/host/lib/gawk\"" -DSHLIBEXT="\"so"\" -DHAVE_CONFIG_H -DGAWK -DLOCALEDIR='"/home/no/Desktop/github/riscv_emulator-seulgi-v1/buildroot/output/host/share/locale"' -I"./support" -I.   -I/home/no/Desktop/github/riscv_emulator-seulgi-v1/buildroot/output/host/include -O2 -I/home/no/Desktop/github/riscv_emulator-seulgi-v1/buildroot/output/host/include -O2 -I/home/no/Desktop/github/riscv_emulator-seulgi-v1/buildroot/output/host/include -c -o ext.o ext.c
                                                                                                                                                                                                                                                                                                                                                                                                                                                                                                                                                                                                                                                                                                                                                                                                                                                                                                                                                                                                                                                                                                                                                          